-- MySQL dump 10.13  Distrib 9.3.0, for macos14.7 (x86_64)
--
-- Host: 127.0.0.1    Database: passbolt
-- ------------------------------------------------------
-- Server version	5.5.5-10.11.7-MariaDB-1:10.11.7+maria~ubu2204

/*!40101 SET @OLD_CHARACTER_SET_CLIENT=@@CHARACTER_SET_CLIENT */;
/*!40101 SET @OLD_CHARACTER_SET_RESULTS=@@CHARACTER_SET_RESULTS */;
/*!40101 SET @OLD_COLLATION_CONNECTION=@@COLLATION_CONNECTION */;
/*!50503 SET NAMES utf8mb4 */;
/*!40103 SET @OLD_TIME_ZONE=@@TIME_ZONE */;
/*!40103 SET TIME_ZONE='+00:00' */;
/*!40014 SET @OLD_UNIQUE_CHECKS=@@UNIQUE_CHECKS, UNIQUE_CHECKS=0 */;
/*!40014 SET @OLD_FOREIGN_KEY_CHECKS=@@FOREIGN_KEY_CHECKS, FOREIGN_KEY_CHECKS=0 */;
/*!40101 SET @OLD_SQL_MODE=@@SQL_MODE, SQL_MODE='NO_AUTO_VALUE_ON_ZERO' */;
/*!40111 SET @OLD_SQL_NOTES=@@SQL_NOTES, SQL_NOTES=0 */;

--
-- Table structure for table `account_settings`
--

DROP TABLE IF EXISTS `account_settings`;
/*!40101 SET @saved_cs_client     = @@character_set_client */;
/*!50503 SET character_set_client = utf8mb4 */;
CREATE TABLE `account_settings` (
  `id` char(36) CHARACTER SET ascii COLLATE ascii_general_ci NOT NULL,
  `user_id` char(36) CHARACTER SET ascii COLLATE ascii_general_ci NOT NULL,
  `property_id` char(36) CHARACTER SET ascii COLLATE ascii_general_ci NOT NULL,
  `property` varchar(256) NOT NULL,
  `value` text NOT NULL,
  `created` datetime DEFAULT NULL,
  `modified` datetime DEFAULT NULL,
  PRIMARY KEY (`id`),
  KEY `user_id` (`user_id`,`property_id`)
) ENGINE=InnoDB DEFAULT CHARSET=utf8mb4 COLLATE=utf8mb4_unicode_ci;
/*!40101 SET character_set_client = @saved_cs_client */;

--
-- Dumping data for table `account_settings`
--

/*!40000 ALTER TABLE `account_settings` DISABLE KEYS */;
INSERT INTO `account_settings` VALUES ('50fd0e55-03fb-4b72-ac96-9d9eb2273f98','3fa96e21-518b-41b5-aa72-71850cdd202c','5a047a1d-8c40-587b-8f4a-31ec9fb4a3d1','locale','en-UK','2024-02-25 13:10:32','2024-02-25 13:10:32'),('fb1ffe5e-0f4e-4d83-8f83-46fef272e7cc','509a2bc9-4038-45a8-9eb6-592dd891f7a0','5a047a1d-8c40-587b-8f4a-31ec9fb4a3d1','locale','en-UK','2024-02-18 09:48:44','2024-02-18 09:48:44');
/*!40000 ALTER TABLE `account_settings` ENABLE KEYS */;

--
-- Table structure for table `action_logs`
--

DROP TABLE IF EXISTS `action_logs`;
/*!40101 SET @saved_cs_client     = @@character_set_client */;
/*!50503 SET character_set_client = utf8mb4 */;
CREATE TABLE `action_logs` (
  `id` char(36) CHARACTER SET ascii COLLATE ascii_general_ci NOT NULL,
  `user_id` char(36) CHARACTER SET ascii COLLATE ascii_general_ci DEFAULT NULL,
  `action_id` char(36) CHARACTER SET ascii COLLATE ascii_general_ci NOT NULL,
  `context` varchar(255) NOT NULL,
  `status` int(1) NOT NULL,
  `created` datetime NOT NULL,
  PRIMARY KEY (`id`),
  KEY `id` (`id`),
  KEY `status` (`status`),
  KEY `action_id_2` (`action_id`,`status`),
  KEY `user_id_2` (`user_id`,`action_id`,`status`,`created`)
) ENGINE=InnoDB DEFAULT CHARSET=utf8mb4 COLLATE=utf8mb4_unicode_ci;
/*!40101 SET character_set_client = @saved_cs_client */;

--
-- Dumping data for table `action_logs`
--

/*!40000 ALTER TABLE `action_logs` DISABLE KEYS */;
INSERT INTO `action_logs` VALUES ('0005b070-a2fd-4ed7-b88c-9809b52882b8','509a2bc9-4038-45a8-9eb6-592dd891f7a0','3cffe6ef-ea4c-5bc3-869b-945f26e2601a','GET /groups.json',1,'2024-02-20 01:43:15'),('00412fc3-99e4-4e46-b482-e3a7fc6c564e','509a2bc9-4038-45a8-9eb6-592dd891f7a0','881ab948-e40f-5a72-91aa-54b442270029','GET /users/me.json',1,'2024-02-25 06:28:53'),('00430b5f-1aeb-4e7c-a9a2-e296979866e5',NULL,'25846782-ae10-560b-a266-fea0e238b097','GET /users/recover',1,'2024-02-25 13:12:02'),('0051f52b-b7b8-4a63-93f9-9bd5376c5f0f','509a2bc9-4038-45a8-9eb6-592dd891f7a0','a3c19ad2-8920-5395-86d0-8567cb34f382','POST /auth/login.json',1,'2024-02-25 12:08:18'),('009e1bb7-585f-48c2-a314-366b9e748e59','509a2bc9-4038-45a8-9eb6-592dd891f7a0','881ab948-e40f-5a72-91aa-54b442270029','GET /users/509a2bc9-4038-45a8-9eb6-592dd891f7a0.json',1,'2024-02-24 04:07:36'),('00ad2d4d-c12e-4d5e-9187-79b2587a736c',NULL,'bef9f3ca-86ef-5c6a-9b38-320e03ceb5df','GET /settings.json',1,'2024-02-25 13:13:00'),('00ca76b4-f384-4565-8579-0538c79bb6d7','509a2bc9-4038-45a8-9eb6-592dd891f7a0','881ab948-e40f-5a72-91aa-54b442270029','GET /users/me.json',1,'2024-02-25 12:43:45'),('00dd0e49-88ce-4a32-ad4f-dedd24adeac5',NULL,'a3c19ad2-8920-5395-86d0-8567cb34f382','POST /auth/verify.json',1,'2024-02-20 01:15:23'),('00eb5614-cc68-4ac9-a2a5-90aac72742fb','509a2bc9-4038-45a8-9eb6-592dd891f7a0','881ab948-e40f-5a72-91aa-54b442270029','GET /users/me.json',1,'2024-02-24 21:28:41'),('00f5baa0-a431-4fd6-9bb5-fb5a4bfab628',NULL,'bef9f3ca-86ef-5c6a-9b38-320e03ceb5df','GET /settings.json',1,'2024-10-04 10:29:43'),('01235a69-5722-4101-9417-8777437b7517','509a2bc9-4038-45a8-9eb6-592dd891f7a0','bef9f3ca-86ef-5c6a-9b38-320e03ceb5df','GET /settings.json',1,'2024-02-18 09:50:08'),('014c3642-3fb9-476d-b9ce-04ba152b0afe','509a2bc9-4038-45a8-9eb6-592dd891f7a0','881ab948-e40f-5a72-91aa-54b442270029','GET /users/me.json',1,'2024-02-24 08:13:46'),('017d58d4-6548-4b3d-a069-9b88d8efefbe','509a2bc9-4038-45a8-9eb6-592dd891f7a0','881ab948-e40f-5a72-91aa-54b442270029','GET /users/me.json',1,'2024-02-24 18:43:41'),('018c33c6-1ab1-466a-8468-9c9b770c2c5c','509a2bc9-4038-45a8-9eb6-592dd891f7a0','a8b75aae-cb86-5fda-a8b3-d36ae6155023','GET /gpgkeys.json',1,'2024-02-25 12:22:03'),('0191daff-53b7-43d4-8404-2ad6ece657a8',NULL,'a3c19ad2-8920-5395-86d0-8567cb34f382','POST /auth/verify.json',1,'2024-02-25 13:11:25'),('01fc740f-f9ee-4e2e-ba7b-24a47f839b23','509a2bc9-4038-45a8-9eb6-592dd891f7a0','c506210f-7866-5691-8fc1-58772e8f49f1','GET /resources.json',1,'2024-02-20 03:00:27'),('025196f5-6441-4ef9-8985-047c5888ce83','3fa96e21-518b-41b5-aa72-71850cdd202c','881ab948-e40f-5a72-91aa-54b442270029','GET /users/me.json',1,'2024-02-25 16:36:39'),('027a094f-f08d-4c7f-8295-d52498962be4','509a2bc9-4038-45a8-9eb6-592dd891f7a0','881ab948-e40f-5a72-91aa-54b442270029','GET /users/me.json',1,'2024-02-25 16:25:02'),('02854bcc-c78d-40b8-a367-d4ae6b960ab7','509a2bc9-4038-45a8-9eb6-592dd891f7a0','6d616537-c449-589d-bebe-b2d5883e9d35','GET /mfa/settings.json',1,'2024-02-25 12:23:17'),('02bb09fe-9b1f-43db-8698-0cbe6332e2a6','509a2bc9-4038-45a8-9eb6-592dd891f7a0','881ab948-e40f-5a72-91aa-54b442270029','GET /users/me.json',1,'2024-02-20 02:16:13'),('02c9ee5b-6aeb-4d38-9b8e-b59043f78d47','509a2bc9-4038-45a8-9eb6-592dd891f7a0','881ab948-e40f-5a72-91aa-54b442270029','GET /users/me.json',1,'2024-02-25 08:43:47'),('0301a9c0-85e9-477f-b791-b5a6ad4acb3b',NULL,'bef9f3ca-86ef-5c6a-9b38-320e03ceb5df','GET /settings.json',1,'2025-07-01 05:49:06'),('0323de94-c92b-42fc-9018-6cad8596c75c','509a2bc9-4038-45a8-9eb6-592dd891f7a0','02e18a01-42f6-5e5d-b18f-2ee9070e3b9d','POST /folders.json',1,'2024-02-25 12:15:51'),('0342c46b-ec5f-4228-847d-278f4e32ccf5',NULL,'bef9f3ca-86ef-5c6a-9b38-320e03ceb5df','GET /settings.json',1,'2024-10-04 15:03:14'),('039953bf-abb6-44a2-a481-9cb09f99009a','509a2bc9-4038-45a8-9eb6-592dd891f7a0','9b473b19-0e3e-5efb-be19-8a1719843762','GET /account/settings.json',1,'2024-02-24 04:04:32'),('03a6b750-3b29-407f-8732-6af023cc689e','509a2bc9-4038-45a8-9eb6-592dd891f7a0','1035f824-fe76-5a69-b02c-9aa60a31858c','GET /app/users',1,'2024-02-26 20:26:44'),('03d4bb1c-ccb2-4164-b870-84ca636aeaba','509a2bc9-4038-45a8-9eb6-592dd891f7a0','c506210f-7866-5691-8fc1-58772e8f49f1','GET /resources.json',1,'2024-02-25 14:30:43'),('041a877c-90c9-413c-922e-4f5b74cb56ae','509a2bc9-4038-45a8-9eb6-592dd891f7a0','53da54b1-9576-52ab-a11f-b2265b5aa455','GET /smtp/settings.json',1,'2024-02-18 09:49:39'),('04303ff7-e2c3-423e-833f-8deb0fa67888','509a2bc9-4038-45a8-9eb6-592dd891f7a0','bef9f3ca-86ef-5c6a-9b38-320e03ceb5df','GET /settings.json',1,'2025-07-01 06:56:27'),('0434c24c-96d5-44d9-9058-35ae8d6d9d61','509a2bc9-4038-45a8-9eb6-592dd891f7a0','881ab948-e40f-5a72-91aa-54b442270029','GET /users/me.json',1,'2024-02-25 14:54:32'),('04842714-a1a0-438b-9fd7-0896cd51b452','509a2bc9-4038-45a8-9eb6-592dd891f7a0','72a35b3d-5baf-57cd-b6ba-a946bd879ad4','GET /password-policies/settings.json',1,'2024-02-27 00:38:48'),('0485166d-d883-4f52-89bd-46985340cfc1','509a2bc9-4038-45a8-9eb6-592dd891f7a0','881ab948-e40f-5a72-91aa-54b442270029','GET /users/me.json',1,'2024-02-20 04:31:07'),('04b1e247-b38f-46a9-8b1e-f7d686cb2f5b',NULL,'bef9f3ca-86ef-5c6a-9b38-320e03ceb5df','GET /settings.json',1,'2024-10-04 15:47:29'),('04dd7d93-8d94-47d6-9baf-9560082655fc',NULL,'bef9f3ca-86ef-5c6a-9b38-320e03ceb5df','GET /settings.json',1,'2024-10-04 15:47:29'),('050709a7-f432-4fa2-a965-a1cbf566636e',NULL,'881ab948-e40f-5a72-91aa-54b442270029','GET /users/me.json',0,'2024-02-19 01:50:31'),('050dda8e-b6f7-435f-97fa-59664bb1dea2','509a2bc9-4038-45a8-9eb6-592dd891f7a0','dad1db3f-4fbc-5b3a-9db2-b7413885c30c','GET /app/administration/mfa',1,'2024-02-24 04:05:16'),('0533d7ab-43ff-473f-b276-0953d00c25e1','509a2bc9-4038-45a8-9eb6-592dd891f7a0','1cd53591-cb6b-5b03-b0be-05a54644263d','GET /folders.json',1,'2024-02-26 20:45:19'),('054b57c6-b4d5-4a9e-8a91-4939636b4e66','509a2bc9-4038-45a8-9eb6-592dd891f7a0','881ab948-e40f-5a72-91aa-54b442270029','GET /users/me.json',1,'2024-02-20 10:30:50'),('05717617-fe95-4cee-b830-72e959e8d291',NULL,'881ab948-e40f-5a72-91aa-54b442270029','GET /users/me.json',0,'2024-02-18 15:05:28'),('05960958-f763-4203-aa9d-7e0da8715506','509a2bc9-4038-45a8-9eb6-592dd891f7a0','6d616537-c449-589d-bebe-b2d5883e9d35','GET /mfa/settings.json',1,'2024-02-26 20:46:31'),('05c2a504-3151-484d-8170-73eff10ce6e6','509a2bc9-4038-45a8-9eb6-592dd891f7a0','6d616537-c449-589d-bebe-b2d5883e9d35','GET /mfa/settings.json',1,'2024-02-24 04:03:09'),('05d3db4a-da3d-4d33-8125-309d8df1269b','509a2bc9-4038-45a8-9eb6-592dd891f7a0','881ab948-e40f-5a72-91aa-54b442270029','GET /users/509a2bc9-4038-45a8-9eb6-592dd891f7a0.json',1,'2024-02-18 09:50:05'),('0605d690-e0f9-4cbe-8d63-1935cfe10e05','509a2bc9-4038-45a8-9eb6-592dd891f7a0','881ab948-e40f-5a72-91aa-54b442270029','GET /users/me.json',1,'2024-02-20 05:46:12'),('06070533-3a58-4f1c-ad8a-72d12ea8b39e','509a2bc9-4038-45a8-9eb6-592dd891f7a0','a8b75aae-cb86-5fda-a8b3-d36ae6155023','GET /gpgkeys.json',1,'2024-02-25 14:25:42'),('061826d7-d100-48f1-9f6c-c9e36bcc3dd3',NULL,'748dcd10-7d15-5498-9aa6-d26de348ff02','GET /auth/verify.json',1,'2024-02-25 14:05:35'),('062687d9-5692-4576-932f-a6432c328b3b',NULL,'bef9f3ca-86ef-5c6a-9b38-320e03ceb5df','GET /settings.json',1,'2024-02-25 14:05:35'),('064c5f6e-ab7b-43a7-bf03-0637c1cddae5','509a2bc9-4038-45a8-9eb6-592dd891f7a0','d7bc9044-a64e-5421-a4d7-7a94eaa39d37','GET /users.json',1,'2024-02-24 04:07:36'),('0685c288-85a1-4757-a90c-90593154b62b','509a2bc9-4038-45a8-9eb6-592dd891f7a0','d161a38f-c522-5984-85ff-17c78b2a3bb5','PUT /share/folder/621e5811-cf1a-4384-b307-746a0112700b.json',1,'2024-02-20 01:43:15'),('06c8d4ce-17cf-4a9f-8c35-a21df8ff4dc2','509a2bc9-4038-45a8-9eb6-592dd891f7a0','72a35b3d-5baf-57cd-b6ba-a946bd879ad4','GET /password-policies/settings.json',1,'2025-07-01 06:49:53'),('06cd5994-cd0c-4e2e-b697-bd0be8379c78',NULL,'bef9f3ca-86ef-5c6a-9b38-320e03ceb5df','GET /settings.json',1,'2024-10-04 15:19:56'),('070b3527-f902-40cb-a724-20ada293e0f9','509a2bc9-4038-45a8-9eb6-592dd891f7a0','d7bc9044-a64e-5421-a4d7-7a94eaa39d37','GET /users.json',1,'2024-02-26 20:26:45'),('071fcb41-b472-47aa-9ed2-50acf6906659','509a2bc9-4038-45a8-9eb6-592dd891f7a0','e38db0b5-838d-5f43-8609-92a25843e9d3','GET /metadata/keys.json',1,'2025-07-01 07:03:54'),('0725b6f0-835e-45cc-afc1-c412107744a8','509a2bc9-4038-45a8-9eb6-592dd891f7a0','d7bc9044-a64e-5421-a4d7-7a94eaa39d37','GET /users.json',1,'2024-02-25 12:17:14'),('075d6644-b170-4b73-a9ef-551d7b7cf890',NULL,'bef9f3ca-86ef-5c6a-9b38-320e03ceb5df','GET /settings.json',1,'2024-02-26 20:17:24'),('0789ff1f-3c79-4a6e-bb86-e795f41e259a','509a2bc9-4038-45a8-9eb6-592dd891f7a0','881ab948-e40f-5a72-91aa-54b442270029','GET /users/me.json',1,'2024-02-24 13:13:32'),('07b41875-8a6f-466d-84bb-e27deb3b3b14','509a2bc9-4038-45a8-9eb6-592dd891f7a0','3cffe6ef-ea4c-5bc3-869b-945f26e2601a','GET /groups.json',1,'2024-02-20 01:42:40'),('07be9946-6617-46f2-843f-dfce7fcd78ae','509a2bc9-4038-45a8-9eb6-592dd891f7a0','881ab948-e40f-5a72-91aa-54b442270029','GET /users/me.json',1,'2024-02-24 22:28:41'),('08278337-90d4-43d6-9577-7c2c34ae28fa',NULL,'50ca4a19-b782-5842-bd2b-f59e9ff4eef9','GET /setup/start/509a2bc9-4038-45a8-9eb6-592dd891f7a0/ff10e01a-0f09-4c5c-a518-ebfe706ed4b3.json',1,'2024-02-18 09:47:20'),('0830271b-9dfe-4e31-be4b-96286019e86f','509a2bc9-4038-45a8-9eb6-592dd891f7a0','881ab948-e40f-5a72-91aa-54b442270029','GET /users/me.json',1,'2024-02-24 14:58:40'),('083ecbba-842b-4fff-b5a6-37de1166c441','509a2bc9-4038-45a8-9eb6-592dd891f7a0','1035f824-fe76-5a69-b02c-9aa60a31858c','GET /',1,'2024-02-24 03:58:26'),('0869eeb4-3ead-4baf-9c51-d406ce151aa8','509a2bc9-4038-45a8-9eb6-592dd891f7a0','bef9f3ca-86ef-5c6a-9b38-320e03ceb5df','GET /settings.json',1,'2025-07-01 06:53:09'),('087a0a69-8cd2-4cbb-aaa8-bb59e11752f3',NULL,'881ab948-e40f-5a72-91aa-54b442270029','GET /users/me.json',0,'2024-02-18 17:05:18'),('08911b0a-d659-4eca-81ce-6535fd93b8f4','509a2bc9-4038-45a8-9eb6-592dd891f7a0','a8b75aae-cb86-5fda-a8b3-d36ae6155023','GET /gpgkeys.json',1,'2024-02-25 12:22:09'),('0915fec4-667b-4c2c-a98e-51b7fcc83588','509a2bc9-4038-45a8-9eb6-592dd891f7a0','881ab948-e40f-5a72-91aa-54b442270029','GET /users/me.json',1,'2024-02-26 02:59:24'),('093d84b8-9644-45e0-9bf2-5b29cd2423ce','509a2bc9-4038-45a8-9eb6-592dd891f7a0','19f9a792-3495-597b-bc94-dff1bc3e3967','POST /auth/logout.json',1,'2024-02-18 09:49:44'),('09d08a02-ec16-4b6a-8a5d-65a7d6cfc33c','509a2bc9-4038-45a8-9eb6-592dd891f7a0','881ab948-e40f-5a72-91aa-54b442270029','GET /users/me.json',1,'2024-02-25 16:10:02'),('09fa4aa0-c1c0-45e7-80a4-f5959faefe85','509a2bc9-4038-45a8-9eb6-592dd891f7a0','c506210f-7866-5691-8fc1-58772e8f49f1','GET /resources.json',1,'2024-02-20 02:57:47'),('0a141af4-a697-48b7-ac58-591b2d0c19d4',NULL,'bef9f3ca-86ef-5c6a-9b38-320e03ceb5df','GET /settings.json',1,'2024-02-26 20:15:25'),('0a292b4a-92b8-44da-8e82-f9284b591fe4',NULL,'bef9f3ca-86ef-5c6a-9b38-320e03ceb5df','GET /settings.json',1,'2024-02-24 04:04:20'),('0a2c67ea-9875-4463-9522-16611327c3fc','509a2bc9-4038-45a8-9eb6-592dd891f7a0','c506210f-7866-5691-8fc1-58772e8f49f1','GET /resources.json',1,'2024-02-20 03:04:23'),('0a355bfa-31c9-487c-98ac-b7fb69c36336',NULL,'881ab948-e40f-5a72-91aa-54b442270029','GET /users/me.json',0,'2024-02-19 03:05:24'),('0a775630-9d44-471b-b3d5-74677c78c652','509a2bc9-4038-45a8-9eb6-592dd891f7a0','d7bc9044-a64e-5421-a4d7-7a94eaa39d37','GET /users.json',1,'2024-02-25 12:21:46'),('0a9310fc-26ac-40f5-a9f7-f6b8d25b2f5d','509a2bc9-4038-45a8-9eb6-592dd891f7a0','881ab948-e40f-5a72-91aa-54b442270029','GET /users/509a2bc9-4038-45a8-9eb6-592dd891f7a0.json',1,'2024-02-26 20:23:45'),('0aa30e7d-1aab-44e3-ba44-1d7eac19658a',NULL,'bef9f3ca-86ef-5c6a-9b38-320e03ceb5df','GET /settings.json',1,'2024-02-24 04:12:18'),('0af86c8f-d60b-4dc4-98a9-3c40de00cbb3','509a2bc9-4038-45a8-9eb6-592dd891f7a0','9b473b19-0e3e-5efb-be19-8a1719843762','GET /account/settings.json',1,'2024-02-24 04:07:36'),('0b1a5e36-ed45-415e-ab87-d02a0ec43126','509a2bc9-4038-45a8-9eb6-592dd891f7a0','9b473b19-0e3e-5efb-be19-8a1719843762','GET /account/settings.json',1,'2024-02-18 09:49:41'),('0b42dc34-f209-4796-8410-cf4906efed57',NULL,'50ca4a19-b782-5842-bd2b-f59e9ff4eef9','GET /setup/start/509a2bc9-4038-45a8-9eb6-592dd891f7a0/ff10e01a-0f09-4c5c-a518-ebfe706ed4b3.json',1,'2024-02-18 09:46:25'),('0b6174db-3908-4b44-8a2a-15f267edd66f','509a2bc9-4038-45a8-9eb6-592dd891f7a0','1cd53591-cb6b-5b03-b0be-05a54644263d','GET /folders.json',1,'2024-02-20 03:00:27'),('0b6d4f55-51dd-4a7f-b86c-cdbace6a4a63',NULL,'bef9f3ca-86ef-5c6a-9b38-320e03ceb5df','GET /settings.json',1,'2024-10-04 09:49:20'),('0b93fdd6-b43d-4862-97ca-f9f57722088d',NULL,'bef9f3ca-86ef-5c6a-9b38-320e03ceb5df','GET /settings.json',1,'2024-02-18 09:46:25'),('0ba869ae-4944-46f6-abed-971e0194d760','509a2bc9-4038-45a8-9eb6-592dd891f7a0','6d616537-c449-589d-bebe-b2d5883e9d35','GET /mfa/settings.json',1,'2024-02-25 12:26:19'),('0bb0d1fa-c136-43c8-be37-dfe50c6d7e7e','509a2bc9-4038-45a8-9eb6-592dd891f7a0','30237a18-fd12-5935-b1be-1e2a62ccb71d','GET /roles.json',1,'2024-10-04 02:23:51'),('0bdc0c58-5704-4daa-9579-f65d4c856504',NULL,'bef9f3ca-86ef-5c6a-9b38-320e03ceb5df','GET /settings.json',1,'2024-10-04 15:10:47'),('0bf78c3f-9bd4-4ef8-b458-a8001169c02f',NULL,'bef9f3ca-86ef-5c6a-9b38-320e03ceb5df','GET /settings.json',1,'2024-02-25 13:18:38'),('0c2f40f8-918c-4e38-b4c2-45329436f778',NULL,'bef9f3ca-86ef-5c6a-9b38-320e03ceb5df','GET /settings.json',1,'2024-10-04 09:40:48'),('0c384a40-e13f-4857-846d-4c38372a0918','509a2bc9-4038-45a8-9eb6-592dd891f7a0','d7bc9044-a64e-5421-a4d7-7a94eaa39d37','GET /users.json',1,'2024-02-24 04:05:22'),('0c40127b-b8aa-4daa-9716-5643f611d6e4','509a2bc9-4038-45a8-9eb6-592dd891f7a0','d7bc9044-a64e-5421-a4d7-7a94eaa39d37','GET /users.json',1,'2024-02-25 12:18:09'),('0c556f09-bcf2-4f2e-be81-6270e81d1414',NULL,'bef9f3ca-86ef-5c6a-9b38-320e03ceb5df','GET /settings.json',1,'2024-02-25 13:11:35'),('0c621cd7-ff26-4fed-8caa-696325d9cf84','509a2bc9-4038-45a8-9eb6-592dd891f7a0','3cffe6ef-ea4c-5bc3-869b-945f26e2601a','GET /groups.json',1,'2024-02-26 00:43:55'),('0c81710c-191f-43a6-ac88-6fcf65d9fa8f','509a2bc9-4038-45a8-9eb6-592dd891f7a0','bef9f3ca-86ef-5c6a-9b38-320e03ceb5df','GET /settings.json',1,'2024-10-04 03:03:09'),('0ca927b4-4322-4e83-aff7-a2059acd853d','509a2bc9-4038-45a8-9eb6-592dd891f7a0','a8b75aae-cb86-5fda-a8b3-d36ae6155023','GET /gpgkeys.json',1,'2024-02-25 14:25:48'),('0cace7e3-ab13-447a-81d5-5aab0ed792a0','509a2bc9-4038-45a8-9eb6-592dd891f7a0','881ab948-e40f-5a72-91aa-54b442270029','GET /users/me.json',1,'2024-02-24 15:58:41'),('0cd7ae5c-3ab1-4d9a-9c2c-c547818e9d62',NULL,'881ab948-e40f-5a72-91aa-54b442270029','GET /users/me.json',0,'2024-02-18 17:20:20'),('0ce2cf7d-d183-41ff-9e01-3f2688dd43ba','509a2bc9-4038-45a8-9eb6-592dd891f7a0','d7bc9044-a64e-5421-a4d7-7a94eaa39d37','GET /users.json',1,'2024-02-25 14:30:43'),('0d856037-58ee-44a1-bf23-a10376327f59','3fa96e21-518b-41b5-aa72-71850cdd202c','d7bc9044-a64e-5421-a4d7-7a94eaa39d37','GET /users.json',1,'2024-02-25 13:10:55'),('0d856f73-a31a-4dc9-b23d-f3d55e66a25e','509a2bc9-4038-45a8-9eb6-592dd891f7a0','bef9f3ca-86ef-5c6a-9b38-320e03ceb5df','GET /settings.json',1,'2024-02-25 13:18:56'),('0d86b882-c7ad-4866-9cf8-2fb6b7bbe771','509a2bc9-4038-45a8-9eb6-592dd891f7a0','bef9f3ca-86ef-5c6a-9b38-320e03ceb5df','GET /settings.json',1,'2024-02-26 00:43:55'),('0de38617-cc05-41ec-a3db-a4efcc185ffe',NULL,'881ab948-e40f-5a72-91aa-54b442270029','GET /users/me.json',0,'2024-02-18 13:58:11'),('0e07a460-9f76-473d-9c43-637f0955e0f5',NULL,'bef9f3ca-86ef-5c6a-9b38-320e03ceb5df','GET /settings.json',1,'2024-10-04 09:55:08'),('0e43593a-426f-4e3a-ae8c-11d942217c32',NULL,'881ab948-e40f-5a72-91aa-54b442270029','GET /users/me.json',0,'2024-02-19 05:39:11'),('0e5a6241-b64f-4c89-8658-73d6b61264e7','509a2bc9-4038-45a8-9eb6-592dd891f7a0','9caaba03-49d2-5273-8097-e278234e71e0','GET /settings/emails/notifications.json',1,'2024-02-26 20:26:26'),('0eb8e1da-7768-4298-9ec7-fe312315b947',NULL,'601d4672-5498-5681-b0af-5c4908a49e91','GET /setup/recover/start/3fa96e21-518b-41b5-aa72-71850cdd202c/c77d5abb-f1ad-4453-bee7-99a5808b0065',1,'2024-02-25 13:15:53'),('0eb963b6-f5d6-4038-8b5e-b279fa745205',NULL,'bef9f3ca-86ef-5c6a-9b38-320e03ceb5df','GET /settings.json',1,'2024-10-04 14:28:27'),('0eee1df3-78a1-47e5-a806-dfa4eadbcc84','509a2bc9-4038-45a8-9eb6-592dd891f7a0','d7bc9044-a64e-5421-a4d7-7a94eaa39d37','GET /users.json',1,'2024-02-25 14:32:10'),('0f40a2d0-620c-4d24-9b3c-a462230b7eb4',NULL,'a3c19ad2-8920-5395-86d0-8567cb34f382','POST /auth/login.json',1,'2024-02-26 00:43:53'),('0f58a87d-33f9-4d28-a75a-654517f7ea89',NULL,'bef9f3ca-86ef-5c6a-9b38-320e03ceb5df','GET /settings.json',1,'2024-02-26 21:11:35'),('0f622141-c7a9-41e7-884f-399eaa54d84c','509a2bc9-4038-45a8-9eb6-592dd891f7a0','bef9f3ca-86ef-5c6a-9b38-320e03ceb5df','GET /settings.json',1,'2024-02-24 04:03:09'),('0f9b9fc0-4d5a-4a79-b07c-e05131bbd6c8','509a2bc9-4038-45a8-9eb6-592dd891f7a0','a3c19ad2-8920-5395-86d0-8567cb34f382','POST /auth/login.json',1,'2024-02-27 00:38:40'),('0fbfc276-8e48-4e98-9ad1-07a2fcbd3b82','3fa96e21-518b-41b5-aa72-71850cdd202c','3cffe6ef-ea4c-5bc3-869b-945f26e2601a','GET /groups.json',1,'2024-02-25 13:10:55'),('0fd0e389-24a5-49fe-969c-da485e82a0df','509a2bc9-4038-45a8-9eb6-592dd891f7a0','d4df7df1-0645-5d2e-b5e3-0cf44ec3d8e7','GET /self-registration/settings.json',1,'2024-02-25 12:23:35'),('0fdb5617-e0b1-4f72-a0b7-6d39be41f940',NULL,'bef9f3ca-86ef-5c6a-9b38-320e03ceb5df','GET /settings.json',1,'2024-02-25 13:18:41'),('0ff38275-05df-4268-bc8a-6bdcf50fcd09',NULL,'bef9f3ca-86ef-5c6a-9b38-320e03ceb5df','GET /settings.json',1,'2024-02-24 04:05:00'),('10457f02-6e9e-437c-b32d-8afafd537bb3',NULL,'881ab948-e40f-5a72-91aa-54b442270029','GET /users/me.json',0,'2024-02-19 12:20:15'),('10576473-1bc6-4c35-aea4-0311f4ea3c7a','509a2bc9-4038-45a8-9eb6-592dd891f7a0','881ab948-e40f-5a72-91aa-54b442270029','GET /users/509a2bc9-4038-45a8-9eb6-592dd891f7a0.json',1,'2024-02-18 09:50:05'),('108b75fb-b082-4a6f-a39c-d9cb2ee31f71','509a2bc9-4038-45a8-9eb6-592dd891f7a0','3cffe6ef-ea4c-5bc3-869b-945f26e2601a','GET /groups.json',1,'2024-02-26 20:18:05'),('10ad22f0-c436-49b7-a9fa-0049d942389d','509a2bc9-4038-45a8-9eb6-592dd891f7a0','3cffe6ef-ea4c-5bc3-869b-945f26e2601a','GET /groups.json',1,'2024-02-25 12:43:50'),('10b00f14-3f3a-477b-bd71-10648967fe29','509a2bc9-4038-45a8-9eb6-592dd891f7a0','881ab948-e40f-5a72-91aa-54b442270029','GET /users/me.json',1,'2024-02-25 12:46:27'),('10c00e91-9180-4d43-b300-dc083d9326f4',NULL,'881ab948-e40f-5a72-91aa-54b442270029','GET /users/me.json',0,'2024-02-19 00:50:27'),('10fe34c2-1638-4dc4-b698-b281547d84e4','509a2bc9-4038-45a8-9eb6-592dd891f7a0','dad1db3f-4fbc-5b3a-9db2-b7413885c30c','GET /app/administration/mfa',1,'2024-02-25 12:46:27'),('1161dcb4-fcdd-4994-b2e5-2f985439114b','509a2bc9-4038-45a8-9eb6-592dd891f7a0','a3c19ad2-8920-5395-86d0-8567cb34f382','POST /auth/login.json',1,'2024-10-04 02:23:41'),('1187e0ff-8447-4b7e-9b98-bdc79c807ee0','509a2bc9-4038-45a8-9eb6-592dd891f7a0','a8b75aae-cb86-5fda-a8b3-d36ae6155023','GET /gpgkeys.json',1,'2024-02-25 14:24:59'),('11c58670-1c2e-4666-914f-0c1d2d06fc2c','509a2bc9-4038-45a8-9eb6-592dd891f7a0','3cffe6ef-ea4c-5bc3-869b-945f26e2601a','GET /groups.json',1,'2024-02-24 04:05:22'),('11d3d110-b4db-44e0-b99a-a15f46de2ed8','509a2bc9-4038-45a8-9eb6-592dd891f7a0','881ab948-e40f-5a72-91aa-54b442270029','GET /users/me.json',1,'2024-02-25 00:13:45'),('11e1387a-8390-4636-a0ec-10ebf62a8fa0','509a2bc9-4038-45a8-9eb6-592dd891f7a0','3cffe6ef-ea4c-5bc3-869b-945f26e2601a','GET /groups.json',1,'2024-02-25 12:22:28'),('11f92331-4e33-43ef-96ee-2d01c9485a98',NULL,'881ab948-e40f-5a72-91aa-54b442270029','GET /users/me.json',0,'2024-02-19 05:20:12'),('1232ece8-f75f-4ce4-90b9-f2117d812c3c','509a2bc9-4038-45a8-9eb6-592dd891f7a0','9b473b19-0e3e-5efb-be19-8a1719843762','GET /account/settings.json',1,'2024-02-26 20:46:03'),('124665e7-630a-4a9f-81d5-f67aa45ce3c8','509a2bc9-4038-45a8-9eb6-592dd891f7a0','3cffe6ef-ea4c-5bc3-869b-945f26e2601a','GET /groups.json',1,'2024-02-24 04:06:31'),('124a021d-9e97-4930-825f-7c557eb7c385','509a2bc9-4038-45a8-9eb6-592dd891f7a0','a04f2607-8cb6-56c6-a9cb-6b9c7603bacd','GET /rbacs/me.json',1,'2024-02-18 09:50:08'),('126772aa-27d5-4ace-81b2-19d67bb32f57','509a2bc9-4038-45a8-9eb6-592dd891f7a0','601d4672-5498-5681-b0af-5c4908a49e91','GET /setup/recover/509a2bc9-4038-45a8-9eb6-592dd891f7a0/72ccde60-9ebb-41ed-9be5-19088fa3e2df.json',1,'2024-02-25 13:12:50'),('1267acb3-51b6-4eae-bd4e-e529b3c76e3f','509a2bc9-4038-45a8-9eb6-592dd891f7a0','881ab948-e40f-5a72-91aa-54b442270029','GET /users/509a2bc9-4038-45a8-9eb6-592dd891f7a0.json',1,'2024-02-25 12:43:50'),('126ddfaf-e1e0-4dab-bbdf-d6055ed43ccb','509a2bc9-4038-45a8-9eb6-592dd891f7a0','3cffe6ef-ea4c-5bc3-869b-945f26e2601a','GET /groups.json',1,'2024-02-25 12:16:03'),('12833e41-66f9-467f-815b-dca36417f05a',NULL,'bef9f3ca-86ef-5c6a-9b38-320e03ceb5df','GET /settings.json',1,'2024-10-04 11:29:06'),('12af7b28-e4e1-41ea-9374-108eb183ebad','509a2bc9-4038-45a8-9eb6-592dd891f7a0','1cd53591-cb6b-5b03-b0be-05a54644263d','GET /folders.json',1,'2024-02-27 00:38:48'),('12c4e25e-7661-4d33-9741-4ca46a1a00c0','509a2bc9-4038-45a8-9eb6-592dd891f7a0','72a35b3d-5baf-57cd-b6ba-a946bd879ad4','GET /password-policies/settings.json',1,'2024-10-04 02:23:52'),('13230b0f-c74d-4067-921b-b00269828bcb','509a2bc9-4038-45a8-9eb6-592dd891f7a0','d7bc9044-a64e-5421-a4d7-7a94eaa39d37','GET /users.json',1,'2024-02-26 20:29:31'),('13bffad9-095e-4a84-a7b2-f5ef57cce900','509a2bc9-4038-45a8-9eb6-592dd891f7a0','72a35b3d-5baf-57cd-b6ba-a946bd879ad4','GET /password-policies/settings.json',1,'2024-02-18 09:50:05'),('13c8c104-f549-41da-8d86-a9507a7c337b','509a2bc9-4038-45a8-9eb6-592dd891f7a0','1cd53591-cb6b-5b03-b0be-05a54644263d','GET /folders.json',1,'2024-02-20 01:43:15'),('13f5f837-87c0-4b06-9885-75ee106ef56d','509a2bc9-4038-45a8-9eb6-592dd891f7a0','d7bc9044-a64e-5421-a4d7-7a94eaa39d37','GET /users.json',1,'2024-02-25 14:25:15'),('140244e8-5823-4c88-8825-895092a9b014','509a2bc9-4038-45a8-9eb6-592dd891f7a0','02e18a01-42f6-5e5d-b18f-2ee9070e3b9d','POST /folders.json',1,'2024-02-20 01:43:14'),('143a2bdc-b94a-419d-b160-f5f4077a162d',NULL,'bef9f3ca-86ef-5c6a-9b38-320e03ceb5df','GET /settings.json',1,'2024-10-05 00:06:04'),('14655ffc-5d81-4797-b74b-cd7e3ea21619','509a2bc9-4038-45a8-9eb6-592dd891f7a0','bef9f3ca-86ef-5c6a-9b38-320e03ceb5df','GET /settings.json',1,'2024-02-26 20:23:29'),('14825cdf-337f-446f-b4ff-bfc80018886d','3fa96e21-518b-41b5-aa72-71850cdd202c','881ab948-e40f-5a72-91aa-54b442270029','GET /users/3fa96e21-518b-41b5-aa72-71850cdd202c.json',1,'2024-02-25 13:10:41'),('148e5294-7a80-4d38-8cdc-213300a9eb51','509a2bc9-4038-45a8-9eb6-592dd891f7a0','881ab948-e40f-5a72-91aa-54b442270029','GET /users/me.json',1,'2024-02-24 11:58:35'),('14b267d0-98f8-4ed4-9cb8-e991c21a2cc2','509a2bc9-4038-45a8-9eb6-592dd891f7a0','9b473b19-0e3e-5efb-be19-8a1719843762','GET /account/settings.json',1,'2024-02-25 12:43:50'),('14df76c0-6f15-4904-b620-34ba065ed1ed','509a2bc9-4038-45a8-9eb6-592dd891f7a0','3cffe6ef-ea4c-5bc3-869b-945f26e2601a','GET /groups.json',1,'2024-02-25 14:31:15'),('1547a126-8ad3-4d31-9c98-9258ddfb166a','509a2bc9-4038-45a8-9eb6-592dd891f7a0','3cffe6ef-ea4c-5bc3-869b-945f26e2601a','GET /groups.json',1,'2024-02-25 12:18:40'),('158ffc27-e8a1-459d-9033-e78e6ecd5d97',NULL,'881ab948-e40f-5a72-91aa-54b442270029','GET /users/me.json',0,'2024-02-19 03:35:06'),('15b807af-f488-4ebc-89e5-97dee095e3a9','509a2bc9-4038-45a8-9eb6-592dd891f7a0','3cffe6ef-ea4c-5bc3-869b-945f26e2601a','GET /groups.json',1,'2024-02-20 01:42:36'),('15efdbde-224c-4f6d-ba01-9b1ac39f131c',NULL,'bef9f3ca-86ef-5c6a-9b38-320e03ceb5df','GET /settings.json',1,'2024-02-25 12:39:34'),('15f6d4f1-229f-4eaf-b31f-5ed347ddaa8b','509a2bc9-4038-45a8-9eb6-592dd891f7a0','30237a18-fd12-5935-b1be-1e2a62ccb71d','GET /roles.json',1,'2024-02-25 12:43:50'),('16314e2d-2d3c-4165-a507-aff19e7c33bb','509a2bc9-4038-45a8-9eb6-592dd891f7a0','1035f824-fe76-5a69-b02c-9aa60a31858c','GET /app/users/view/b8ecdc71-18b4-4f51-97ff-01070a5a74fa',1,'2024-02-24 04:07:25'),('16377f13-bb07-4672-8736-87c017bf8e68','509a2bc9-4038-45a8-9eb6-592dd891f7a0','bef9f3ca-86ef-5c6a-9b38-320e03ceb5df','GET /settings.json',1,'2025-07-01 07:00:53'),('164cc8b0-ca5e-4aa2-adaa-bc52ac096ed4','509a2bc9-4038-45a8-9eb6-592dd891f7a0','881ab948-e40f-5a72-91aa-54b442270029','GET /users/me.json',1,'2024-02-25 08:58:47'),('166d0364-59b0-4c8c-983c-58256959dc3c','3fa96e21-518b-41b5-aa72-71850cdd202c','3cffe6ef-ea4c-5bc3-869b-945f26e2601a','GET /groups.json',1,'2024-02-25 13:10:48'),('16a33f06-675e-4891-af63-d64f0e9d6feb',NULL,'601d4672-5498-5681-b0af-5c4908a49e91','GET /setup/recover/start/3fa96e21-518b-41b5-aa72-71850cdd202c/c77d5abb-f1ad-4453-bee7-99a5808b0065',1,'2024-02-25 13:18:38'),('16bbc9fd-2002-4a8f-a938-663f3af1e0b4','3fa96e21-518b-41b5-aa72-71850cdd202c','601d4672-5498-5681-b0af-5c4908a49e91','GET /setup/recover/3fa96e21-518b-41b5-aa72-71850cdd202c/c77d5abb-f1ad-4453-bee7-99a5808b0065.json',1,'2024-02-25 13:18:57'),('16d31931-37d6-4fd1-b329-e52d7370aa9e',NULL,'8fa02019-e0f1-5de9-a680-7a2601caf27c','POST /self-registration/dry-run.json',0,'2024-02-25 12:39:47'),('16e7ee91-1bcf-44a1-ab89-59b500e5ad6d','509a2bc9-4038-45a8-9eb6-592dd891f7a0','4a1f3ff7-02ff-5120-b08b-e13f4369df3f','DELETE /users/b8ecdc71-18b4-4f51-97ff-01070a5a74fa.json',1,'2024-02-25 12:44:00'),('171e2c10-23e1-4b00-a6b2-14102f0fd7b6',NULL,'bef9f3ca-86ef-5c6a-9b38-320e03ceb5df','GET /settings.json',1,'2024-02-25 13:11:35'),('177c06b5-9ca3-46b3-8520-b08ef762cd5d','509a2bc9-4038-45a8-9eb6-592dd891f7a0','d7bc9044-a64e-5421-a4d7-7a94eaa39d37','GET /users.json',1,'2024-02-25 12:18:40'),('178b3330-7b30-401a-8b64-25f37a4f0ede','509a2bc9-4038-45a8-9eb6-592dd891f7a0','c506210f-7866-5691-8fc1-58772e8f49f1','GET /resources.json',1,'2024-02-24 03:58:54'),('179aee53-567b-4bc4-8de0-f642e86c3a6f','509a2bc9-4038-45a8-9eb6-592dd891f7a0','a8b75aae-cb86-5fda-a8b3-d36ae6155023','GET /gpgkeys.json',1,'2024-02-25 14:25:43'),('17b2dc2a-6fe5-466a-a063-a09b627be28c','509a2bc9-4038-45a8-9eb6-592dd891f7a0','7df37cb5-cfb9-57c2-a7a5-b65c9f573de0','POST /share/simulate/resource/44663664-70a9-4c3e-be23-c6da509ab377.json',1,'2024-02-25 14:25:12'),('183a6b87-e7ec-4a2c-bf9f-2d715fd2ec75','509a2bc9-4038-45a8-9eb6-592dd891f7a0','c506210f-7866-5691-8fc1-58772e8f49f1','GET /resources.json',1,'2024-02-20 02:21:38'),('18455eaf-26a4-4dab-8233-323b590922d9','3fa96e21-518b-41b5-aa72-71850cdd202c','601d4672-5498-5681-b0af-5c4908a49e91','GET /setup/recover/start/3fa96e21-518b-41b5-aa72-71850cdd202c/c77d5abb-f1ad-4453-bee7-99a5808b0065.json',1,'2024-02-25 14:05:35'),('18514742-07e2-42ab-8032-6f57d46fe1c1','509a2bc9-4038-45a8-9eb6-592dd891f7a0','881ab948-e40f-5a72-91aa-54b442270029','GET /users/509a2bc9-4038-45a8-9eb6-592dd891f7a0.json',1,'2024-02-24 04:05:12'),('18535857-65d8-4a7b-9869-4ce159f0b360','509a2bc9-4038-45a8-9eb6-592dd891f7a0','881ab948-e40f-5a72-91aa-54b442270029','GET /users/me.json',1,'2024-02-25 03:28:53'),('18bf3d7f-ef78-48c9-9e69-7462f64bd1c7','509a2bc9-4038-45a8-9eb6-592dd891f7a0','1cd53591-cb6b-5b03-b0be-05a54644263d','GET /folders.json',1,'2024-02-20 02:57:37'),('18df3680-73af-40ad-a813-700e393274fb','509a2bc9-4038-45a8-9eb6-592dd891f7a0','3cffe6ef-ea4c-5bc3-869b-945f26e2601a','GET /groups.json',1,'2024-02-25 14:25:43'),('19062e5d-f5ca-43d8-a488-191150bbd0b9',NULL,'bef9f3ca-86ef-5c6a-9b38-320e03ceb5df','GET /settings.json',1,'2024-10-04 13:56:42'),('190f9066-cb36-4e65-a387-1b536d081547','509a2bc9-4038-45a8-9eb6-592dd891f7a0','c506210f-7866-5691-8fc1-58772e8f49f1','GET /resources.json',1,'2024-02-25 14:25:12'),('19193eff-772e-47b3-a46e-6802e34a5436',NULL,'881ab948-e40f-5a72-91aa-54b442270029','GET /users/me.json',0,'2024-02-24 04:04:14'),('193096bb-6826-4f86-8ca8-28f0014d7aca',NULL,'881ab948-e40f-5a72-91aa-54b442270029','GET /users/me.json',0,'2024-02-18 18:50:16'),('194da38e-8e46-4e09-9d8f-b932ff7ef53d','509a2bc9-4038-45a8-9eb6-592dd891f7a0','1cd53591-cb6b-5b03-b0be-05a54644263d','GET /folders.json',1,'2024-02-20 01:42:25'),('19515369-837d-4fb5-9bde-92d933820378',NULL,'91b261cd-7e30-5678-98f5-9faacea29439','POST /setup/recover/complete/509a2bc9-4038-45a8-9eb6-592dd891f7a0',1,'2024-02-26 20:17:53'),('1961d308-29aa-4480-9cf9-6ba3f3419131','509a2bc9-4038-45a8-9eb6-592dd891f7a0','8fb44391-6155-5bff-a3d5-57dea22c9894','DELETE /favorites/55c97030-716d-4463-92ec-7b46c6dd988f.json',1,'2024-02-24 04:17:23'),('199fbe2b-9142-46d5-a4d6-bae374c511a3','509a2bc9-4038-45a8-9eb6-592dd891f7a0','e38db0b5-838d-5f43-8609-92a25843e9d3','GET /metadata/keys.json',1,'2025-07-01 07:03:59'),('19aa66ec-52f5-41d3-9bec-c96c5d7d4da3','509a2bc9-4038-45a8-9eb6-592dd891f7a0','9b473b19-0e3e-5efb-be19-8a1719843762','GET /account/settings.json',1,'2024-02-18 09:48:50'),('19dc4891-84bd-4db2-b4bf-280d813b5f9c','509a2bc9-4038-45a8-9eb6-592dd891f7a0','3303ccc6-778b-55b7-b06e-0c06d756217d','PUT /groups/696127bd-8252-4d38-b5f3-5a9c8efe97fa.json',1,'2024-02-25 14:25:56'),('19f4066a-2d58-42b9-897c-612d2bef1029','509a2bc9-4038-45a8-9eb6-592dd891f7a0','d7bc9044-a64e-5421-a4d7-7a94eaa39d37','GET /users.json',1,'2024-02-25 14:30:55'),('1a62555d-c420-4c27-835e-088ae74bcbc2','509a2bc9-4038-45a8-9eb6-592dd891f7a0','881ab948-e40f-5a72-91aa-54b442270029','GET /users/me.json',1,'2024-02-24 13:43:32'),('1a85536e-3324-4e1b-b301-1d55dc58a401','509a2bc9-4038-45a8-9eb6-592dd891f7a0','881ab948-e40f-5a72-91aa-54b442270029','GET /users/me.json',1,'2024-02-18 09:50:08'),('1ab4205e-9a23-4d8b-bbfd-4cfea67e593c',NULL,'bef9f3ca-86ef-5c6a-9b38-320e03ceb5df','GET /settings.json',1,'2024-10-04 11:22:03'),('1ac98120-6fdd-4ae2-8b41-8f970ecef304','509a2bc9-4038-45a8-9eb6-592dd891f7a0','bef9f3ca-86ef-5c6a-9b38-320e03ceb5df','GET /settings.json',1,'2024-02-25 13:18:58'),('1b53a04b-28e7-4b1d-ad0f-9ef37c8dae60','509a2bc9-4038-45a8-9eb6-592dd891f7a0','881ab948-e40f-5a72-91aa-54b442270029','GET /users/me.json',1,'2024-02-20 11:00:58'),('1b61b726-8efb-4dd0-8911-1c1dee1debef','509a2bc9-4038-45a8-9eb6-592dd891f7a0','bef9f3ca-86ef-5c6a-9b38-320e03ceb5df','GET /settings.json',1,'2024-02-18 09:49:41'),('1b646879-f52d-4b41-9665-7f069c65beb3',NULL,'bef9f3ca-86ef-5c6a-9b38-320e03ceb5df','GET /settings.json',1,'2024-02-24 04:04:54'),('1bdbe5aa-fe6f-4b6e-8e83-835ce1f068db','509a2bc9-4038-45a8-9eb6-592dd891f7a0','d7bc9044-a64e-5421-a4d7-7a94eaa39d37','GET /users.json',1,'2024-02-24 04:17:08'),('1c7efb3d-ca74-40a7-b981-6007f52d264f',NULL,'881ab948-e40f-5a72-91aa-54b442270029','GET /users/me.json',0,'2024-02-19 01:05:08'),('1ce7a558-d485-4efe-95b9-ebfaf8686438','509a2bc9-4038-45a8-9eb6-592dd891f7a0','4f7dc567-b5aa-5226-bd33-740d11f451ea','GET /rbacs.json',1,'2024-02-25 12:43:45'),('1ce8b009-2c4b-43aa-b253-32c05ec8aeb4','509a2bc9-4038-45a8-9eb6-592dd891f7a0','a8b75aae-cb86-5fda-a8b3-d36ae6155023','GET /gpgkeys.json',1,'2024-02-25 12:22:03'),('1d61bcfc-b604-47e4-8b5b-16e2319ab883','509a2bc9-4038-45a8-9eb6-592dd891f7a0','50ca4a19-b782-5842-bd2b-f59e9ff4eef9','GET /setup/start/3fa96e21-518b-41b5-aa72-71850cdd202c/9f50a255-aab6-4ed2-87a9-6d040a2dfb9a',1,'2024-02-25 13:09:40'),('1d8ca0d6-d68e-4ac2-bfa5-67c90e31b830','509a2bc9-4038-45a8-9eb6-592dd891f7a0','3cffe6ef-ea4c-5bc3-869b-945f26e2601a','GET /groups.json',1,'2024-02-25 12:20:55'),('1de7c5db-fff1-4e78-b2fd-587a131c2948','509a2bc9-4038-45a8-9eb6-592dd891f7a0','3cffe6ef-ea4c-5bc3-869b-945f26e2601a','GET /groups.json',1,'2024-02-18 09:50:05'),('1de8606c-3ab8-4f9c-85e4-0df8266f69cf',NULL,'bef9f3ca-86ef-5c6a-9b38-320e03ceb5df','GET /settings.json',1,'2024-02-25 13:11:30'),('1e8acd20-76a1-4cac-a2f2-4e4ba27f5c87',NULL,'881ab948-e40f-5a72-91aa-54b442270029','GET /users/me.json',0,'2024-02-25 16:53:55'),('1e9bdcb4-39c4-4f8d-a36b-a8fe353b61ca',NULL,'bef9f3ca-86ef-5c6a-9b38-320e03ceb5df','GET /settings.json',1,'2024-02-25 13:09:51'),('1ecf75f0-e0ef-42a1-97b8-65ce0ee963a5','509a2bc9-4038-45a8-9eb6-592dd891f7a0','83bb8bd8-2006-5546-a3bb-9319ae6e8f9d','GET /resources/5f7dd9ab-d464-41bf-9c52-efc995f1ef5e.json',1,'2024-02-25 14:30:52'),('1f91af40-5c89-4901-bf20-a6af8cf9081a','509a2bc9-4038-45a8-9eb6-592dd891f7a0','881ab948-e40f-5a72-91aa-54b442270029','GET /users/me.json',1,'2024-02-27 00:53:56'),('1fa9e070-2fb1-443b-9f6d-971bf41dcf51','509a2bc9-4038-45a8-9eb6-592dd891f7a0','a3c19ad2-8920-5395-86d0-8567cb34f382','POST /auth/login.json',1,'2024-02-20 01:15:47'),('1fd24790-ce91-4f35-bbd6-0dd6adc82ea8','509a2bc9-4038-45a8-9eb6-592dd891f7a0','1cd53591-cb6b-5b03-b0be-05a54644263d','GET /folders.json',1,'2024-02-24 03:58:54'),('1fed011b-0f32-4a7c-a47a-f74b7368860b','509a2bc9-4038-45a8-9eb6-592dd891f7a0','881ab948-e40f-5a72-91aa-54b442270029','GET /users/me.json',1,'2024-02-20 07:01:15'),('2000feda-063d-4992-a359-362ad9823ab3','509a2bc9-4038-45a8-9eb6-592dd891f7a0','a8b75aae-cb86-5fda-a8b3-d36ae6155023','GET /gpgkeys.json',1,'2024-02-25 12:22:08'),('2019864a-ba06-4eeb-a03b-80676d48e6cd','509a2bc9-4038-45a8-9eb6-592dd891f7a0','d7bc9044-a64e-5421-a4d7-7a94eaa39d37','GET /users.json',1,'2024-02-26 20:29:35'),('2034395b-54e5-414c-ac36-d7e03fd1ea8c','509a2bc9-4038-45a8-9eb6-592dd891f7a0','d7bc9044-a64e-5421-a4d7-7a94eaa39d37','GET /users.json',1,'2024-02-25 14:32:00'),('20704fe1-752b-4647-90c3-573a7cb6e9b7','509a2bc9-4038-45a8-9eb6-592dd891f7a0','1035f824-fe76-5a69-b02c-9aa60a31858c','GET /app/passwords',1,'2024-02-25 12:08:28'),('20a09672-64ea-421b-8630-5164b4b3bea6','509a2bc9-4038-45a8-9eb6-592dd891f7a0','881ab948-e40f-5a72-91aa-54b442270029','GET /users/me.json',1,'2024-02-24 23:13:41'),('20b052d5-d6f6-43c6-b5c0-d0651548a2f4','509a2bc9-4038-45a8-9eb6-592dd891f7a0','5b83da52-4938-5bb5-ab18-3433022554d6','POST /mfa/settings.json',1,'2024-02-26 20:46:31'),('20d60c50-2617-445e-8e59-76ecaa745841','509a2bc9-4038-45a8-9eb6-592dd891f7a0','d7bc9044-a64e-5421-a4d7-7a94eaa39d37','GET /users.json',1,'2024-02-25 14:24:31'),('20eb4952-b5e9-47ff-aec4-9cb468ebad5c',NULL,'bef9f3ca-86ef-5c6a-9b38-320e03ceb5df','GET /settings.json',1,'2025-07-01 05:49:12'),('20f0300e-8f3c-49c1-a03d-0ee554c29233','509a2bc9-4038-45a8-9eb6-592dd891f7a0','d7bc9044-a64e-5421-a4d7-7a94eaa39d37','GET /users.json',1,'2024-02-25 12:23:03'),('21b6ad73-c549-4d05-b3aa-fc277bc4800d','509a2bc9-4038-45a8-9eb6-592dd891f7a0','9b473b19-0e3e-5efb-be19-8a1719843762','GET /account/settings.json',1,'2024-02-26 20:18:04'),('225ccff6-56c4-4f82-87b8-1f61b4a62ccc',NULL,'bef9f3ca-86ef-5c6a-9b38-320e03ceb5df','GET /settings.json',1,'2024-02-25 12:43:37'),('22a87e28-5829-43b8-b454-3f6149c0e50d','509a2bc9-4038-45a8-9eb6-592dd891f7a0','a04f2607-8cb6-56c6-a9cb-6b9c7603bacd','GET /rbacs/me.json',1,'2024-10-04 02:23:51'),('22f4c31a-b881-426b-bf93-483637064f0a','509a2bc9-4038-45a8-9eb6-592dd891f7a0','1cd53591-cb6b-5b03-b0be-05a54644263d','GET /folders.json',1,'2024-02-20 01:43:25'),('22f9a719-152b-411d-a8c5-e7b442cb228b','509a2bc9-4038-45a8-9eb6-592dd891f7a0','bef9f3ca-86ef-5c6a-9b38-320e03ceb5df','GET /settings.json',1,'2024-02-26 00:43:59'),('2314478d-079b-499c-8ab8-625d5712566a','509a2bc9-4038-45a8-9eb6-592dd891f7a0','ad8bbc35-6435-538e-b1a7-80b87bcedb6a','POST /resources.json',1,'2024-02-25 12:15:51'),('231a2cbb-d8b8-4443-97c3-ccd48a4a7ed8',NULL,'a3c19ad2-8920-5395-86d0-8567cb34f382','POST /auth/verify.json',1,'2024-02-25 12:43:37'),('232f9608-f4a5-45d7-9221-650e663cc251','509a2bc9-4038-45a8-9eb6-592dd891f7a0','881ab948-e40f-5a72-91aa-54b442270029','GET /users/me.json',1,'2024-02-25 05:43:53'),('23567773-596c-4004-a939-3c8b4730d58b','509a2bc9-4038-45a8-9eb6-592dd891f7a0','a8b75aae-cb86-5fda-a8b3-d36ae6155023','GET /gpgkeys.json',1,'2024-02-25 12:22:20'),('23aafeca-108e-4180-8518-ee08a832c4ca','509a2bc9-4038-45a8-9eb6-592dd891f7a0','1cd53591-cb6b-5b03-b0be-05a54644263d','GET /folders.json',1,'2024-02-25 13:13:59'),('23dce9f9-8237-4404-95d3-2604e04aeb84',NULL,'bef9f3ca-86ef-5c6a-9b38-320e03ceb5df','GET /settings.json',1,'2024-10-05 00:25:13'),('247d260e-227f-45dc-a2c7-f7a91dfaf93b','3fa96e21-518b-41b5-aa72-71850cdd202c','1035f824-fe76-5a69-b02c-9aa60a31858c','GET /',1,'2024-02-25 13:10:40'),('249118a4-68a8-4ed5-91fd-cfedee07d47a',NULL,'a3c19ad2-8920-5395-86d0-8567cb34f382','POST /auth/login.json',1,'2024-02-25 14:24:30'),('249feee2-18a2-41ff-bbc6-756291ad32db','509a2bc9-4038-45a8-9eb6-592dd891f7a0','3cffe6ef-ea4c-5bc3-869b-945f26e2601a','GET /groups.json',1,'2025-07-01 07:04:13'),('24ba74f0-f07c-4944-a5c6-2b63158f3aa0','509a2bc9-4038-45a8-9eb6-592dd891f7a0','d7bc9044-a64e-5421-a4d7-7a94eaa39d37','GET /users.json',1,'2024-02-24 03:58:50'),('24bc9581-d82c-424a-b8a3-7ae5b5caa92e','509a2bc9-4038-45a8-9eb6-592dd891f7a0','3cffe6ef-ea4c-5bc3-869b-945f26e2601a','GET /groups.json',1,'2024-02-25 12:18:09'),('24cd6b6e-5adf-4fb1-88ef-cfc62553ddfc','509a2bc9-4038-45a8-9eb6-592dd891f7a0','d7bc9044-a64e-5421-a4d7-7a94eaa39d37','GET /users.json',1,'2024-02-25 12:18:41'),('24f0a2ce-7825-418b-9d87-d982d9d651bd','509a2bc9-4038-45a8-9eb6-592dd891f7a0','a8b75aae-cb86-5fda-a8b3-d36ae6155023','GET /gpgkeys.json',1,'2024-02-26 20:39:38'),('25312495-255b-42b3-a556-c768ee95da36','509a2bc9-4038-45a8-9eb6-592dd891f7a0','1cd53591-cb6b-5b03-b0be-05a54644263d','GET /folders.json',1,'2024-02-20 02:57:37'),('2532e4fd-bca5-4730-9621-5f8b6e86ec5d','509a2bc9-4038-45a8-9eb6-592dd891f7a0','a04f2607-8cb6-56c6-a9cb-6b9c7603bacd','GET /rbacs/me.json',1,'2024-02-25 12:23:16'),('2598f3c8-d65a-4c7a-a920-c08c70c577a9','509a2bc9-4038-45a8-9eb6-592dd891f7a0','a04f2607-8cb6-56c6-a9cb-6b9c7603bacd','GET /rbacs/me.json',1,'2024-02-24 04:03:09'),('259cc0a2-6f0b-450c-94cc-6e6e69188995',NULL,'881ab948-e40f-5a72-91aa-54b442270029','GET /users/me.json',0,'2024-02-18 20:35:21'),('25ad063c-18e0-4003-a534-ca21b9f57ed7','509a2bc9-4038-45a8-9eb6-592dd891f7a0','bef9f3ca-86ef-5c6a-9b38-320e03ceb5df','GET /settings.json',1,'2024-02-25 13:18:39'),('25e0d1d4-4eca-4070-9536-34f54a948a6f','509a2bc9-4038-45a8-9eb6-592dd891f7a0','1cd53591-cb6b-5b03-b0be-05a54644263d','GET /folders.json',1,'2024-02-25 12:16:03'),('261bc40b-cf05-4c86-bcfb-ea35292dfc25','509a2bc9-4038-45a8-9eb6-592dd891f7a0','a3c19ad2-8920-5395-86d0-8567cb34f382','POST /auth/login.json',1,'2024-02-24 04:04:32'),('2622c4a9-2ac4-4c0d-a0a7-41cf5fc75010','509a2bc9-4038-45a8-9eb6-592dd891f7a0','881ab948-e40f-5a72-91aa-54b442270029','GET /users/me.json',1,'2024-02-25 01:58:36'),('26403e40-9d32-4faf-827d-8acd2565d9e4',NULL,'881ab948-e40f-5a72-91aa-54b442270029','GET /users/me.json',0,'2024-10-04 04:19:45'),('269670e7-e686-4341-9d58-bbda7dd8cc10','509a2bc9-4038-45a8-9eb6-592dd891f7a0','d7bc9044-a64e-5421-a4d7-7a94eaa39d37','GET /users.json',1,'2024-02-26 00:43:55'),('26da87a9-39fb-4d6e-8d14-93a7af27a028','3fa96e21-518b-41b5-aa72-71850cdd202c','9b473b19-0e3e-5efb-be19-8a1719843762','GET /account/settings.json',1,'2024-02-25 14:06:30'),('2719db62-372b-4f9f-885a-ce123bb57a84','509a2bc9-4038-45a8-9eb6-592dd891f7a0','dad1db3f-4fbc-5b3a-9db2-b7413885c30c','GET /app/administration/password-expiry',1,'2024-02-25 12:24:27'),('271aebdc-ccbe-4fb0-874e-3433d0a844b5','509a2bc9-4038-45a8-9eb6-592dd891f7a0','881ab948-e40f-5a72-91aa-54b442270029','GET /users/me.json',1,'2024-02-20 04:16:03'),('272261b7-991c-4ca3-82a2-c4c353cc73b2',NULL,'bef9f3ca-86ef-5c6a-9b38-320e03ceb5df','GET /settings.json',1,'2024-02-24 04:07:56'),('2787cb04-9436-4b40-b8fb-b4385b2c1d57','509a2bc9-4038-45a8-9eb6-592dd891f7a0','a8b75aae-cb86-5fda-a8b3-d36ae6155023','GET /gpgkeys.json',1,'2024-02-25 12:22:09'),('27893d35-0bd5-424a-b492-93c8929ce15a','509a2bc9-4038-45a8-9eb6-592dd891f7a0','881ab948-e40f-5a72-91aa-54b442270029','GET /users/me.json',1,'2024-02-20 03:31:03'),('27ea8c82-8d0d-4e29-b75f-f81a82927f4a','509a2bc9-4038-45a8-9eb6-592dd891f7a0','a04f2607-8cb6-56c6-a9cb-6b9c7603bacd','GET /rbacs/me.json',1,'2024-02-26 20:21:53'),('2812a665-3983-4445-8a9a-bd82bc62a853','509a2bc9-4038-45a8-9eb6-592dd891f7a0','6f53faec-0c9e-5321-ac78-543e1001f7b1','POST /setup/complete/509a2bc9-4038-45a8-9eb6-592dd891f7a0',1,'2024-02-18 09:48:44'),('28167387-82c2-4e71-9ec5-714a03017389',NULL,'bef9f3ca-86ef-5c6a-9b38-320e03ceb5df','GET /settings.json',1,'2024-02-25 13:18:54'),('28218130-fbcf-4621-8078-4fde85018cd7','509a2bc9-4038-45a8-9eb6-592dd891f7a0','1cd53591-cb6b-5b03-b0be-05a54644263d','GET /folders.json',1,'2025-07-01 06:49:53'),('285a291c-727c-40d9-a3aa-af206420e644',NULL,'bef9f3ca-86ef-5c6a-9b38-320e03ceb5df','GET /settings.json',1,'2024-02-25 11:35:26'),('28b8ef5d-a6d2-434a-a69a-ed861639b787','509a2bc9-4038-45a8-9eb6-592dd891f7a0','881ab948-e40f-5a72-91aa-54b442270029','GET /users/me.json',1,'2024-02-25 02:58:30'),('296430a6-bb8c-4316-ab7d-c14abfe6ed14',NULL,'8fa02019-e0f1-5de9-a680-7a2601caf27c','POST /self-registration/dry-run.json',0,'2024-02-24 04:09:33'),('2971eea3-2edb-47ae-8aab-24204228f482','509a2bc9-4038-45a8-9eb6-592dd891f7a0','881ab948-e40f-5a72-91aa-54b442270029','GET /users/me.json',1,'2024-02-20 08:16:10'),('29dc5586-c300-4aa2-be86-e02fafc3fe32',NULL,'bef9f3ca-86ef-5c6a-9b38-320e03ceb5df','GET /settings.json',1,'2024-02-25 13:11:25'),('29e231b6-e3c9-4a0f-abf5-ccbedcff2624','509a2bc9-4038-45a8-9eb6-592dd891f7a0','c506210f-7866-5691-8fc1-58772e8f49f1','GET /resources.json',1,'2024-02-25 12:44:31'),('2a2795bb-596b-4114-9ec3-0409adfa5438','509a2bc9-4038-45a8-9eb6-592dd891f7a0','12c1b158-0100-53d8-a979-83d3cc4a86bc','GET /metadata/types/settings.json',1,'2025-07-01 07:03:54'),('2a3256e9-f70f-49de-a6bf-6b29427c9669','509a2bc9-4038-45a8-9eb6-592dd891f7a0','a8b75aae-cb86-5fda-a8b3-d36ae6155023','GET /gpgkeys.json',1,'2024-02-25 12:22:04'),('2a36a9dc-47b6-4d00-9228-2a91dea76952','509a2bc9-4038-45a8-9eb6-592dd891f7a0','3cffe6ef-ea4c-5bc3-869b-945f26e2601a','GET /groups.json',1,'2024-02-20 03:00:27'),('2a60e601-7ebc-4785-8647-cb5fa4102ade',NULL,'bef9f3ca-86ef-5c6a-9b38-320e03ceb5df','GET /settings.json',1,'2024-02-26 20:17:18'),('2a681430-71d8-4370-ac12-471389476df4','509a2bc9-4038-45a8-9eb6-592dd891f7a0','ad8bbc35-6435-538e-b1a7-80b87bcedb6a','POST /resources.json',1,'2024-02-25 12:15:51'),('2a7e8d96-d296-488c-9932-8c105bcc8004','509a2bc9-4038-45a8-9eb6-592dd891f7a0','881ab948-e40f-5a72-91aa-54b442270029','GET /users/me.json',1,'2024-02-24 17:43:41'),('2ad2a6d3-2db1-49b4-b015-bce9c259751e',NULL,'881ab948-e40f-5a72-91aa-54b442270029','GET /users/me.json',0,'2024-02-18 22:27:01'),('2ae33809-e095-4c17-b0e8-625bc4266048','3fa96e21-518b-41b5-aa72-71850cdd202c','c506210f-7866-5691-8fc1-58772e8f49f1','GET /resources.json',1,'2024-02-25 13:10:41'),('2afdd919-fbe6-48e3-87f2-7ab8ac697f3c','509a2bc9-4038-45a8-9eb6-592dd891f7a0','1cd53591-cb6b-5b03-b0be-05a54644263d','GET /folders.json',1,'2024-02-25 14:30:43'),('2b1e5e87-df18-4200-be9b-aa1180a384f1','509a2bc9-4038-45a8-9eb6-592dd891f7a0','a3c19ad2-8920-5395-86d0-8567cb34f382','POST /auth/login.json',1,'2024-02-18 09:48:44'),('2b3f34ad-5d0f-45a2-bf35-8630c45b2219','3fa96e21-518b-41b5-aa72-71850cdd202c','c506210f-7866-5691-8fc1-58772e8f49f1','GET /resources.json',1,'2024-02-25 14:06:31'),('2b52b517-9db9-4614-9672-775accb09ced','3fa96e21-518b-41b5-aa72-71850cdd202c','601d4672-5498-5681-b0af-5c4908a49e91','GET /setup/recover/3fa96e21-518b-41b5-aa72-71850cdd202c/c77d5abb-f1ad-4453-bee7-99a5808b0065.json',1,'2024-02-25 14:05:35'),('2b686740-4038-404d-b9ff-fe62c0f8fa09',NULL,'bef9f3ca-86ef-5c6a-9b38-320e03ceb5df','GET /settings.json',1,'2024-02-25 12:39:33'),('2bc2b449-28e7-470f-b8f2-4fdcc2f95901','509a2bc9-4038-45a8-9eb6-592dd891f7a0','881ab948-e40f-5a72-91aa-54b442270029','GET /users/me.json',1,'2024-02-20 05:01:07'),('2bcfb708-c764-4c1b-bbc9-84653d4998bd','509a2bc9-4038-45a8-9eb6-592dd891f7a0','a8b75aae-cb86-5fda-a8b3-d36ae6155023','GET /gpgkeys.json',1,'2024-02-25 12:22:16'),('2c0f6b41-bfc0-4294-9ff5-a9a847fe2711','509a2bc9-4038-45a8-9eb6-592dd891f7a0','3cffe6ef-ea4c-5bc3-869b-945f26e2601a','GET /groups.json',1,'2024-02-25 14:30:43'),('2c1585cd-831f-4670-b4b0-ee34cc06b8d6','509a2bc9-4038-45a8-9eb6-592dd891f7a0','881ab948-e40f-5a72-91aa-54b442270029','GET /users/me.json',1,'2024-02-24 04:04:32'),('2cacaac9-918c-4d09-9b76-a4f6b5b89bf2','509a2bc9-4038-45a8-9eb6-592dd891f7a0','881ab948-e40f-5a72-91aa-54b442270029','GET /users/me.json',1,'2024-02-24 09:58:48'),('2cdff5de-7537-43df-836e-6e107fd495f1','509a2bc9-4038-45a8-9eb6-592dd891f7a0','9b473b19-0e3e-5efb-be19-8a1719843762','GET /account/settings.json',1,'2024-02-24 04:05:22'),('2d4ac94c-9020-483e-a33e-b6975ce5eb22','3fa96e21-518b-41b5-aa72-71850cdd202c','881ab948-e40f-5a72-91aa-54b442270029','GET /users/3fa96e21-518b-41b5-aa72-71850cdd202c.json',1,'2024-02-25 13:10:41'),('2d4e1325-55bb-4761-b0d3-4e55f59b9a78',NULL,'a3c19ad2-8920-5395-86d0-8567cb34f382','POST /auth/login.json',1,'2024-02-26 20:17:53'),('2d5d893b-581b-4b65-9e3b-838122e16f77','509a2bc9-4038-45a8-9eb6-592dd891f7a0','d7bc9044-a64e-5421-a4d7-7a94eaa39d37','GET /users.json',1,'2024-02-26 20:45:35'),('2dcff9e2-c31c-42d6-91b5-ca7535433e95','509a2bc9-4038-45a8-9eb6-592dd891f7a0','881ab948-e40f-5a72-91aa-54b442270029','GET /users/me.json',1,'2024-02-26 20:46:02'),('2e0db720-0cb5-46c2-a9ca-83beda2e4e19','509a2bc9-4038-45a8-9eb6-592dd891f7a0','bef9f3ca-86ef-5c6a-9b38-320e03ceb5df','GET /settings.json',1,'2024-02-25 12:08:29'),('2e12f014-5b8b-407f-ad45-2fa165312793',NULL,'bef9f3ca-86ef-5c6a-9b38-320e03ceb5df','GET /settings.json',1,'2025-07-01 06:26:27'),('2e182e88-c956-4d93-bbd0-fe58e16c9f77',NULL,'bef9f3ca-86ef-5c6a-9b38-320e03ceb5df','GET /settings.json',1,'2025-07-01 05:49:13'),('2e3ea359-06d7-4ff9-b9ba-ad0fc4e41ce4','509a2bc9-4038-45a8-9eb6-592dd891f7a0','881ab948-e40f-5a72-91aa-54b442270029','GET /users/509a2bc9-4038-45a8-9eb6-592dd891f7a0.json',1,'2024-02-27 00:38:48'),('2e4a7077-da11-4bd0-9e93-a3655776463f','509a2bc9-4038-45a8-9eb6-592dd891f7a0','881ab948-e40f-5a72-91aa-54b442270029','GET /users/me.json',1,'2024-02-24 13:58:51'),('2e4eeab9-ea89-42ee-ac14-f28fd4c93549','509a2bc9-4038-45a8-9eb6-592dd891f7a0','601d4672-5498-5681-b0af-5c4908a49e91','GET /setup/recover/start/3fa96e21-518b-41b5-aa72-71850cdd202c/c77d5abb-f1ad-4453-bee7-99a5808b0065.json',0,'2024-02-25 13:15:47'),('2e9c5fbc-13a0-4cb1-b233-46afadb4011e','509a2bc9-4038-45a8-9eb6-592dd891f7a0','881ab948-e40f-5a72-91aa-54b442270029','GET /users/509a2bc9-4038-45a8-9eb6-592dd891f7a0.json',1,'2024-02-26 00:43:59'),('2f208c81-8ffc-4bec-9fba-52d92c240ef9','509a2bc9-4038-45a8-9eb6-592dd891f7a0','bef9f3ca-86ef-5c6a-9b38-320e03ceb5df','GET /settings.json',1,'2024-02-25 13:18:58'),('2f3c9fcf-8f87-4a38-bd0f-19e4ed557963','3fa96e21-518b-41b5-aa72-71850cdd202c','d7bc9044-a64e-5421-a4d7-7a94eaa39d37','GET /users.json',1,'2024-02-25 13:10:56'),('2f6afd3d-3ad0-4385-b76b-64f73fd7c1ed','509a2bc9-4038-45a8-9eb6-592dd891f7a0','3cffe6ef-ea4c-5bc3-869b-945f26e2601a','GET /groups.json',1,'2024-02-24 04:07:36'),('2fbb441f-2ed4-4b87-a673-5efc91fd0f98',NULL,'881ab948-e40f-5a72-91aa-54b442270029','GET /users/me.json',0,'2024-02-18 21:14:46'),('303f42aa-b49a-4086-ba9d-ce950084d5a3','509a2bc9-4038-45a8-9eb6-592dd891f7a0','bef9f3ca-86ef-5c6a-9b38-320e03ceb5df','GET /settings.json',1,'2024-02-26 20:18:04'),('30ac6b5a-9410-4aa2-ab84-840a6da1633b','509a2bc9-4038-45a8-9eb6-592dd891f7a0','881ab948-e40f-5a72-91aa-54b442270029','GET /users/509a2bc9-4038-45a8-9eb6-592dd891f7a0.json',1,'2024-02-26 20:18:04'),('30ae5a42-9689-491d-a94c-db24bbc5e8bd','509a2bc9-4038-45a8-9eb6-592dd891f7a0','881ab948-e40f-5a72-91aa-54b442270029','GET /users/me.json',1,'2024-02-20 06:01:15'),('30cdec94-c9db-4cb2-824c-e5e884f798f0',NULL,'881ab948-e40f-5a72-91aa-54b442270029','GET /users/me.json',0,'2024-02-19 08:50:06'),('30dae0cc-a332-413f-b464-69f6b4c2f6ff','509a2bc9-4038-45a8-9eb6-592dd891f7a0','a04f2607-8cb6-56c6-a9cb-6b9c7603bacd','GET /rbacs/me.json',1,'2024-02-25 12:43:45'),('31196947-18ff-4dd6-8c35-9f5fdf9fbca8','3fa96e21-518b-41b5-aa72-71850cdd202c','881ab948-e40f-5a72-91aa-54b442270029','GET /users/me.json',1,'2024-02-25 14:22:04'),('312a869a-1334-4d10-abbb-370aef352612','509a2bc9-4038-45a8-9eb6-592dd891f7a0','3cffe6ef-ea4c-5bc3-869b-945f26e2601a','GET /groups.json',1,'2024-02-25 14:25:42'),('313c1a3d-81e7-4f7b-90fa-69d78039bff7',NULL,'bef9f3ca-86ef-5c6a-9b38-320e03ceb5df','GET /settings.json',1,'2024-02-25 12:43:37'),('314d1f65-91f0-4b74-be59-3bca291fedb2','509a2bc9-4038-45a8-9eb6-592dd891f7a0','3cffe6ef-ea4c-5bc3-869b-945f26e2601a','GET /groups.json',1,'2024-02-27 00:38:49'),('3195254e-df5e-4197-a7c5-e0e92388af46','3fa96e21-518b-41b5-aa72-71850cdd202c','e2aa01a9-84ec-55f8-aaed-24ee23259339','GET /resource-types.json',1,'2024-02-25 14:06:30'),('31b96a2d-8d95-42dd-b0a5-41cb3150ec61','509a2bc9-4038-45a8-9eb6-592dd891f7a0','881ab948-e40f-5a72-91aa-54b442270029','GET /users/me.json',1,'2024-02-24 08:28:48'),('31f3171f-a847-4c9e-91a9-5e79f0f8430b','509a2bc9-4038-45a8-9eb6-592dd891f7a0','a8b75aae-cb86-5fda-a8b3-d36ae6155023','GET /gpgkeys.json',1,'2024-02-26 20:39:41'),('31f8d6c6-6c1e-4670-bdff-76e6572dbfe6','509a2bc9-4038-45a8-9eb6-592dd891f7a0','1035f824-fe76-5a69-b02c-9aa60a31858c','GET /app/users/view/3fa96e21-518b-41b5-aa72-71850cdd202c',1,'2024-02-26 00:43:58'),('31fa71ac-956f-465b-bce5-050d31695f4e','509a2bc9-4038-45a8-9eb6-592dd891f7a0','1035f824-fe76-5a69-b02c-9aa60a31858c','GET /app/users',1,'2024-02-25 12:43:49'),('31fac11b-2f78-481f-8db8-b316817d9c14','509a2bc9-4038-45a8-9eb6-592dd891f7a0','881ab948-e40f-5a72-91aa-54b442270029','GET /users/me.json',1,'2024-02-26 01:59:13'),('321a34ee-c1a2-4ff2-8181-ad5b04df261f','509a2bc9-4038-45a8-9eb6-592dd891f7a0','881ab948-e40f-5a72-91aa-54b442270029','GET /users/me.json',1,'2024-02-25 05:58:53'),('328caa1d-a1a8-4041-8e0d-c5a5c29823a0',NULL,'bef9f3ca-86ef-5c6a-9b38-320e03ceb5df','GET /settings.json',1,'2025-07-01 05:47:30'),('32afba7a-ac4e-438b-b150-1ded63abffec',NULL,'bef9f3ca-86ef-5c6a-9b38-320e03ceb5df','GET /settings.json',1,'2024-02-26 21:11:36'),('32bb6d6a-2457-497c-b5ff-d31558ff4228','509a2bc9-4038-45a8-9eb6-592dd891f7a0','3cffe6ef-ea4c-5bc3-869b-945f26e2601a','GET /groups.json',1,'2024-02-26 20:29:35'),('32db6c82-8e22-4255-978d-11c54da2abee','509a2bc9-4038-45a8-9eb6-592dd891f7a0','ad8bbc35-6435-538e-b1a7-80b87bcedb6a','POST /resources.json',1,'2024-02-20 03:01:05'),('332ede7b-11d6-40e3-975e-9523d350866b','509a2bc9-4038-45a8-9eb6-592dd891f7a0','19f9a792-3495-597b-bc94-dff1bc3e3967','POST /auth/logout.json',1,'2024-02-25 12:36:04'),('333a3e1a-4054-48c8-bd92-909d18f24f7d','509a2bc9-4038-45a8-9eb6-592dd891f7a0','30237a18-fd12-5935-b1be-1e2a62ccb71d','GET /roles.json',1,'2024-02-25 12:43:45'),('33582949-ccc8-41b6-bda7-99cb415a21ef','509a2bc9-4038-45a8-9eb6-592dd891f7a0','8d061841-cef0-509a-8ee3-de91c7390d99','GET /metadata/upgrade/resources.json',1,'2025-07-01 07:04:01'),('3385618e-e353-42d1-8acd-56f774673a5a','509a2bc9-4038-45a8-9eb6-592dd891f7a0','a8b75aae-cb86-5fda-a8b3-d36ae6155023','GET /gpgkeys.json',1,'2024-02-25 12:22:22'),('33bde1f5-4ee5-4554-a7ab-225b6d406dcf',NULL,'601d4672-5498-5681-b0af-5c4908a49e91','GET /setup/recover/start/3fa96e21-518b-41b5-aa72-71850cdd202c/c77d5abb-f1ad-4453-bee7-99a5808b0065',1,'2024-02-25 13:19:25'),('33fd6ebb-3279-4258-8c5e-8c297b9b6a10','509a2bc9-4038-45a8-9eb6-592dd891f7a0','d7bc9044-a64e-5421-a4d7-7a94eaa39d37','GET /users.json',1,'2024-02-25 12:21:05'),('343dd1d3-b708-4b77-9eff-f5e6f6cd3537','509a2bc9-4038-45a8-9eb6-592dd891f7a0','9b473b19-0e3e-5efb-be19-8a1719843762','GET /account/settings.json',1,'2024-02-20 01:15:48'),('34ae372e-87ff-4d29-aaad-762774695ea2','3fa96e21-518b-41b5-aa72-71850cdd202c','881ab948-e40f-5a72-91aa-54b442270029','GET /users/me.json',1,'2024-02-25 15:21:35'),('34b14bda-d13e-4424-b04e-eab1e38670b9','3fa96e21-518b-41b5-aa72-71850cdd202c','881ab948-e40f-5a72-91aa-54b442270029','GET /users/3fa96e21-518b-41b5-aa72-71850cdd202c.json',1,'2024-02-25 14:06:30'),('350c673b-7000-4942-ab99-c2d065e37d1f',NULL,'748dcd10-7d15-5498-9aa6-d26de348ff02','GET /auth/verify.json',1,'2024-02-25 13:11:35'),('359fb8b5-f38e-4579-9842-da06ec7aaf5f','509a2bc9-4038-45a8-9eb6-592dd891f7a0','c506210f-7866-5691-8fc1-58772e8f49f1','GET /resources.json',1,'2024-02-25 14:31:15'),('35b7337f-f56a-49b7-96c9-16d864ada832','509a2bc9-4038-45a8-9eb6-592dd891f7a0','9b473b19-0e3e-5efb-be19-8a1719843762','GET /account/settings.json',1,'2024-02-26 20:24:11'),('35f5529b-8011-4331-bb60-868d41434bd6',NULL,'25846782-ae10-560b-a266-fea0e238b097','GET /users/recover',1,'2025-07-01 06:26:22'),('35fcb200-7e32-4212-a86f-2f30a496643b','509a2bc9-4038-45a8-9eb6-592dd891f7a0','6729d30a-1efa-53a4-8c03-e7542b2fedbe','GET /password-expiry/settings.json',1,'2024-02-27 00:38:48'),('362d6da1-0fa3-4721-9673-510a073f16c4','509a2bc9-4038-45a8-9eb6-592dd891f7a0','a1a15b91-72f6-5708-8d7f-6940e51d8595','POST /users.json',1,'2024-02-24 04:06:12'),('3634048e-5de9-4150-82e0-62fbb95d6da4','3fa96e21-518b-41b5-aa72-71850cdd202c','881ab948-e40f-5a72-91aa-54b442270029','GET /users/me.json',1,'2024-02-25 14:36:31'),('364bd991-1cae-4306-9746-b3a6d7a27565','509a2bc9-4038-45a8-9eb6-592dd891f7a0','9b473b19-0e3e-5efb-be19-8a1719843762','GET /account/settings.json',1,'2024-02-18 09:49:34'),('36636ff8-06b4-4685-aeea-ff4cebd65cb6',NULL,'bef9f3ca-86ef-5c6a-9b38-320e03ceb5df','GET /settings.json',1,'2024-02-26 20:17:24'),('367405c6-d8cd-4e48-b9fa-7c3bfecd61a5',NULL,'bef9f3ca-86ef-5c6a-9b38-320e03ceb5df','GET /settings.json',1,'2024-02-28 03:52:03'),('36ad7a82-f2d1-424b-90c9-c45dc949d3c6',NULL,'50ca4a19-b782-5842-bd2b-f59e9ff4eef9','GET /setup/install/3fa96e21-518b-41b5-aa72-71850cdd202c/9f50a255-aab6-4ed2-87a9-6d040a2dfb9a.json',0,'2024-02-25 13:11:36'),('370177e1-5fe1-43d4-b57b-79d3f2d68114','509a2bc9-4038-45a8-9eb6-592dd891f7a0','c506210f-7866-5691-8fc1-58772e8f49f1','GET /resources.json',1,'2024-02-26 20:39:06'),('370bde2d-de0b-4b4c-8b30-b3b44cbcc9e3',NULL,'881ab948-e40f-5a72-91aa-54b442270029','GET /users/me.json',0,'2024-02-19 00:45:27'),('374398eb-26d3-4d80-9ee9-656d88f4ad89',NULL,'881ab948-e40f-5a72-91aa-54b442270029','GET /users/me.json',0,'2024-02-18 19:35:26'),('37a08cab-8fd5-488d-a1b5-c4863016e8cf','509a2bc9-4038-45a8-9eb6-592dd891f7a0','881ab948-e40f-5a72-91aa-54b442270029','GET /users/509a2bc9-4038-45a8-9eb6-592dd891f7a0.json',1,'2024-02-25 14:24:31'),('384c081f-725f-4f45-b41e-090eab480630','509a2bc9-4038-45a8-9eb6-592dd891f7a0','3cffe6ef-ea4c-5bc3-869b-945f26e2601a','GET /groups.json',1,'2024-02-24 04:06:29'),('38508851-9c6e-4b88-b1dc-9fce2ccff73b',NULL,'881ab948-e40f-5a72-91aa-54b442270029','GET /users/me.json',0,'2024-02-19 19:13:29'),('38caa0da-52a8-4bc1-b93a-4f326d8fa673',NULL,'bef9f3ca-86ef-5c6a-9b38-320e03ceb5df','GET /settings.json',1,'2024-10-04 10:29:43'),('38cb4589-3453-4de6-abbe-e2c34346d63d','509a2bc9-4038-45a8-9eb6-592dd891f7a0','3cffe6ef-ea4c-5bc3-869b-945f26e2601a','GET /groups.json',1,'2024-02-20 03:00:13'),('39120a80-c6e0-4a26-9d98-ff53176285da','509a2bc9-4038-45a8-9eb6-592dd891f7a0','d7bc9044-a64e-5421-a4d7-7a94eaa39d37','GET /users.json',1,'2024-02-24 04:17:18'),('3960eb35-35d2-4644-b783-0abacd1ac6a8','509a2bc9-4038-45a8-9eb6-592dd891f7a0','881ab948-e40f-5a72-91aa-54b442270029','GET /users/509a2bc9-4038-45a8-9eb6-592dd891f7a0.json',1,'2025-07-01 07:03:40'),('396ca7fe-c7a3-4a6f-803b-6c66127e1b65','509a2bc9-4038-45a8-9eb6-592dd891f7a0','3cffe6ef-ea4c-5bc3-869b-945f26e2601a','GET /groups.json',1,'2024-02-20 02:57:35'),('398e21ec-a421-4c03-8a8f-d4f183b1d35b','509a2bc9-4038-45a8-9eb6-592dd891f7a0','881ab948-e40f-5a72-91aa-54b442270029','GET /users/me.json',1,'2025-07-01 07:04:53'),('39b7f404-69a8-4ffb-907c-d30a01f424aa',NULL,'881ab948-e40f-5a72-91aa-54b442270029','GET /users/me.json',0,'2024-02-19 08:35:08'),('39d6444d-23c9-48e0-87e3-84ef68b2d477','509a2bc9-4038-45a8-9eb6-592dd891f7a0','bef9f3ca-86ef-5c6a-9b38-320e03ceb5df','GET /settings.json',1,'2024-02-25 14:24:31'),('39dcda36-791a-4a2f-bf3a-e1f46473cf20',NULL,'bef9f3ca-86ef-5c6a-9b38-320e03ceb5df','GET /settings.json',1,'2024-02-25 13:17:48'),('39dfd87f-4fa5-457c-ad14-ab3129bee4c8',NULL,'bef9f3ca-86ef-5c6a-9b38-320e03ceb5df','GET /settings.json',1,'2024-10-04 08:43:51'),('39faf473-66a9-4372-bfac-52dbbce02f8f','509a2bc9-4038-45a8-9eb6-592dd891f7a0','dad1db3f-4fbc-5b3a-9db2-b7413885c30c','GET /app/administration/mfa',1,'2024-02-26 20:46:02'),('3a24fa27-3513-40ca-918e-07e60fbe1ea4','509a2bc9-4038-45a8-9eb6-592dd891f7a0','c506210f-7866-5691-8fc1-58772e8f49f1','GET /resources.json',1,'2024-02-25 14:24:57'),('3a3f722d-7f97-48ce-adae-259a517a208b','509a2bc9-4038-45a8-9eb6-592dd891f7a0','bef9f3ca-86ef-5c6a-9b38-320e03ceb5df','GET /settings.json',1,'2024-02-18 09:49:34'),('3a83da92-b8e4-4fe3-8a28-9cbf9e8bba28',NULL,'bef9f3ca-86ef-5c6a-9b38-320e03ceb5df','GET /settings.json',1,'2024-10-04 17:18:26'),('3aae60a9-4654-4460-8f14-651d7f5b07cc','509a2bc9-4038-45a8-9eb6-592dd891f7a0','881ab948-e40f-5a72-91aa-54b442270029','GET /users/me.json',1,'2024-02-25 07:43:53'),('3ac79d55-7f03-4f38-8d0b-af1ca33994dd','509a2bc9-4038-45a8-9eb6-592dd891f7a0','d7bc9044-a64e-5421-a4d7-7a94eaa39d37','GET /users.json',1,'2024-02-25 12:16:03'),('3acf5c76-af94-42ea-987c-bd7730ec0bf6',NULL,'50ca4a19-b782-5842-bd2b-f59e9ff4eef9','GET /setup/start/3fa96e21-518b-41b5-aa72-71850cdd202c/9f50a255-aab6-4ed2-87a9-6d040a2dfb9a.json',1,'2024-02-25 13:09:51'),('3afeedec-ee99-42cb-a77e-bf7c37c26a58','509a2bc9-4038-45a8-9eb6-592dd891f7a0','f3b4bd12-9d43-5749-a5fe-425c4cfe3ccb','PUT /share/resource/6a6b70c6-53e4-41c0-a767-6a68952b1d87.json',1,'2024-02-25 14:25:12'),('3b37183d-aec8-410d-99c0-c39d2c246f2b','509a2bc9-4038-45a8-9eb6-592dd891f7a0','d7bc9044-a64e-5421-a4d7-7a94eaa39d37','GET /users.json',1,'2024-02-20 01:42:26'),('3b894b03-7f3c-4560-813e-19acf813c832','509a2bc9-4038-45a8-9eb6-592dd891f7a0','6d616537-c449-589d-bebe-b2d5883e9d35','GET /mfa/settings.json',1,'2024-02-24 04:04:32'),('3bb7aad4-5571-4c20-9384-5e2431ab1ee6',NULL,'881ab948-e40f-5a72-91aa-54b442270029','GET /users/me.json',0,'2024-02-25 11:43:36'),('3bbb09c7-af9a-472b-a564-ff7223057044','509a2bc9-4038-45a8-9eb6-592dd891f7a0','6729d30a-1efa-53a4-8c03-e7542b2fedbe','GET /password-expiry/settings.json',1,'2024-02-25 13:13:59'),('3c0ad2ba-195b-4056-b87e-d799a4189ab9','509a2bc9-4038-45a8-9eb6-592dd891f7a0','881ab948-e40f-5a72-91aa-54b442270029','GET /users/me.json',1,'2024-02-20 04:46:07'),('3c1f2e35-cbcb-4c25-9a73-01a2340f7bba','509a2bc9-4038-45a8-9eb6-592dd891f7a0','881ab948-e40f-5a72-91aa-54b442270029','GET /users/me.json',1,'2024-02-25 03:58:53'),('3c7a66d6-64d8-4cd1-a4e1-09c2b8a17820','509a2bc9-4038-45a8-9eb6-592dd891f7a0','e2aa01a9-84ec-55f8-aaed-24ee23259339','GET /resource-types.json',1,'2024-02-18 09:48:50'),('3cb87477-fdc6-431a-9f50-334d37c846d8','509a2bc9-4038-45a8-9eb6-592dd891f7a0','1cd53591-cb6b-5b03-b0be-05a54644263d','GET /folders.json',1,'2024-02-25 12:16:54'),('3d08d0b1-003a-4ac2-8372-6f49001b53b7',NULL,'881ab948-e40f-5a72-91aa-54b442270029','GET /users/me.json',0,'2024-02-19 02:50:23'),('3d22079b-403f-4753-9ab0-15f702d36af5','509a2bc9-4038-45a8-9eb6-592dd891f7a0','d7bc9044-a64e-5421-a4d7-7a94eaa39d37','GET /users.json',1,'2024-02-27 00:38:49'),('3d9b3bdd-42dd-459b-8637-f90126e90c12',NULL,'bef9f3ca-86ef-5c6a-9b38-320e03ceb5df','GET /settings.json',1,'2024-10-04 15:44:12'),('3db256b4-23ae-44e7-baa7-a7f1f62171e3','509a2bc9-4038-45a8-9eb6-592dd891f7a0','1035f824-fe76-5a69-b02c-9aa60a31858c','GET /app/passwords',1,'2024-02-26 20:45:18'),('3df263c8-cafd-46e4-9fac-424ebfdda40e',NULL,'bef9f3ca-86ef-5c6a-9b38-320e03ceb5df','GET /settings.json',1,'2024-10-04 15:29:29'),('3e3681ab-96fe-4a9a-873a-ae39679ee142','509a2bc9-4038-45a8-9eb6-592dd891f7a0','d7bc9044-a64e-5421-a4d7-7a94eaa39d37','GET /users.json',1,'2024-02-26 20:18:05'),('3e527571-19ed-4df2-b7a7-1bbe2d11ff87',NULL,'1c717cd7-d236-55c4-a068-b9a0923b1927','POST /users/recover.json',1,'2024-02-25 13:15:06'),('3ec1a959-20b5-4018-a81b-2a566c817304','509a2bc9-4038-45a8-9eb6-592dd891f7a0','1cd53591-cb6b-5b03-b0be-05a54644263d','GET /folders.json',1,'2024-02-20 01:43:15'),('3f115748-d935-4019-803b-6a05d1dc626a',NULL,'601d4672-5498-5681-b0af-5c4908a49e91','GET /setup/recover/start/3fa96e21-518b-41b5-aa72-71850cdd202c/c77d5abb-f1ad-4453-bee7-99a5808b0065',1,'2024-02-25 14:03:59'),('3f88a861-caa6-483e-a596-b4006cbc30d7','509a2bc9-4038-45a8-9eb6-592dd891f7a0','9b473b19-0e3e-5efb-be19-8a1719843762','GET /account/settings.json',1,'2024-10-04 02:23:51'),('3fb94459-f5e5-4c95-94e4-0d772f96fc5b','3fa96e21-518b-41b5-aa72-71850cdd202c','6f53faec-0c9e-5321-ac78-543e1001f7b1','POST /setup/complete/3fa96e21-518b-41b5-aa72-71850cdd202c',1,'2024-02-25 13:10:32'),('3fd14ccf-3973-4045-a0c5-2ae8b4af8b67','509a2bc9-4038-45a8-9eb6-592dd891f7a0','3cffe6ef-ea4c-5bc3-869b-945f26e2601a','GET /groups.json',1,'2024-02-25 14:24:31'),('3fd5586c-b7f3-4fcf-802e-730ad88a5057',NULL,'bef9f3ca-86ef-5c6a-9b38-320e03ceb5df','GET /settings.json',1,'2024-02-25 13:11:54'),('3fedb1c7-10f1-4af2-858f-f3694d516ac5','509a2bc9-4038-45a8-9eb6-592dd891f7a0','881ab948-e40f-5a72-91aa-54b442270029','GET /users/me.json',1,'2024-02-25 05:13:53'),('4081df34-7170-4ce9-b2bb-7341c2bd9a98','509a2bc9-4038-45a8-9eb6-592dd891f7a0','9b473b19-0e3e-5efb-be19-8a1719843762','GET /account/settings.json',1,'2024-02-18 09:50:05'),('409baf31-f178-4291-a243-833e3470e0b0','509a2bc9-4038-45a8-9eb6-592dd891f7a0','881ab948-e40f-5a72-91aa-54b442270029','GET /users/me.json',1,'2024-02-24 21:13:41'),('40c44cf7-8136-4b0d-95cf-8817740cbc22','509a2bc9-4038-45a8-9eb6-592dd891f7a0','dad1db3f-4fbc-5b3a-9db2-b7413885c30c','GET /app/administration/mfa',1,'2024-02-24 04:03:08'),('40e17f52-0c38-4881-8892-5f2895dab3a9','509a2bc9-4038-45a8-9eb6-592dd891f7a0','d7bc9044-a64e-5421-a4d7-7a94eaa39d37','GET /users.json',1,'2024-02-25 12:23:05'),('412821b2-2049-48cd-8a60-31495abe617e','509a2bc9-4038-45a8-9eb6-592dd891f7a0','881ab948-e40f-5a72-91aa-54b442270029','GET /users/509a2bc9-4038-45a8-9eb6-592dd891f7a0.json',1,'2024-10-04 02:23:51'),('4142b28c-9566-4554-9e0f-f5d849018f5c',NULL,'bef9f3ca-86ef-5c6a-9b38-320e03ceb5df','GET /settings.json',1,'2024-10-05 00:17:16'),('4157b5ae-a326-423d-8c76-6288f9d84b32','509a2bc9-4038-45a8-9eb6-592dd891f7a0','ad8bbc35-6435-538e-b1a7-80b87bcedb6a','POST /resources.json',1,'2024-02-25 12:15:51'),('41745360-6be8-40b8-b036-c7e1546860f9','509a2bc9-4038-45a8-9eb6-592dd891f7a0','3cffe6ef-ea4c-5bc3-869b-945f26e2601a','GET /groups.json',1,'2024-02-26 20:45:34'),('41a18a11-4937-4107-b2e8-61e59a619962','509a2bc9-4038-45a8-9eb6-592dd891f7a0','bec65e6e-9c29-5217-aabc-49fe2256cfce','DELETE /users/b8ecdc71-18b4-4f51-97ff-01070a5a74fa/dry-run.json',1,'2024-02-25 12:43:59'),('41c651e5-b776-4c67-8f42-8196e26dc0d9','509a2bc9-4038-45a8-9eb6-592dd891f7a0','881ab948-e40f-5a72-91aa-54b442270029','GET /users/me.json',1,'2024-02-24 09:13:48'),('421a80ac-f656-4946-8085-cb06933e0bf6','509a2bc9-4038-45a8-9eb6-592dd891f7a0','881ab948-e40f-5a72-91aa-54b442270029','GET /users/me.json',1,'2024-02-24 21:58:41'),('421b133c-6c2c-4d31-85db-0a8b652d4413','509a2bc9-4038-45a8-9eb6-592dd891f7a0','3cffe6ef-ea4c-5bc3-869b-945f26e2601a','GET /groups.json',1,'2024-02-26 20:29:34'),('42380f29-6797-4182-8252-ea4a38695b47','509a2bc9-4038-45a8-9eb6-592dd891f7a0','f3b4bd12-9d43-5749-a5fe-425c4cfe3ccb','PUT /share/resource/44663664-70a9-4c3e-be23-c6da509ab377.json',1,'2024-02-25 14:25:12'),('429027f1-e5c7-40c8-b078-cbcf0098d0e7','509a2bc9-4038-45a8-9eb6-592dd891f7a0','a8b75aae-cb86-5fda-a8b3-d36ae6155023','GET /gpgkeys.json',1,'2024-02-26 20:39:46'),('429d04b8-838a-4e6e-94d2-d55fb35dc2a8',NULL,'bef9f3ca-86ef-5c6a-9b38-320e03ceb5df','GET /settings.json',1,'2024-02-25 12:43:37'),('42a1cbae-b898-4521-8737-413187b00f9a',NULL,'881ab948-e40f-5a72-91aa-54b442270029','GET /users/me.json',0,'2024-02-18 22:35:31'),('42a41a87-e7c3-4f3b-ab9a-e32bf9dc305a',NULL,'bef9f3ca-86ef-5c6a-9b38-320e03ceb5df','GET /settings.json',1,'2024-02-25 13:15:53'),('42b22744-de9e-462d-9714-f6f973c6346a','509a2bc9-4038-45a8-9eb6-592dd891f7a0','881ab948-e40f-5a72-91aa-54b442270029','GET /users/509a2bc9-4038-45a8-9eb6-592dd891f7a0.json',1,'2024-02-26 00:43:55'),('42ccbfba-92ff-4b32-818e-7e57791eb54d','3fa96e21-518b-41b5-aa72-71850cdd202c','1cd53591-cb6b-5b03-b0be-05a54644263d','GET /folders.json',1,'2024-02-25 14:06:31'),('42eb4486-7f28-4765-8438-8e406bf393d6',NULL,'50ca4a19-b782-5842-bd2b-f59e9ff4eef9','GET /setup/install/3fa96e21-518b-41b5-aa72-71850cdd202c/9f50a255-aab6-4ed2-87a9-6d040a2dfb9a.json',1,'2024-02-25 13:09:52'),('42fc671a-696e-4b21-90eb-adfca837eb5b','509a2bc9-4038-45a8-9eb6-592dd891f7a0','3cffe6ef-ea4c-5bc3-869b-945f26e2601a','GET /groups.json',1,'2024-02-25 14:25:20'),('4335d8de-7733-4274-bfe0-bec219c3c490',NULL,'bef9f3ca-86ef-5c6a-9b38-320e03ceb5df','GET /settings.json',1,'2024-02-25 13:13:00'),('433778d6-b912-459e-a784-b3e1da99435c',NULL,'bef9f3ca-86ef-5c6a-9b38-320e03ceb5df','GET /settings.json',1,'2024-10-04 08:37:49'),('435d9f6b-901a-44b4-8c9b-8aeffa8257e1','509a2bc9-4038-45a8-9eb6-592dd891f7a0','d7bc9044-a64e-5421-a4d7-7a94eaa39d37','GET /users.json',1,'2024-02-20 03:00:27'),('4397cf81-ba9a-4751-a345-2e504567ae0a','509a2bc9-4038-45a8-9eb6-592dd891f7a0','881ab948-e40f-5a72-91aa-54b442270029','GET /users/509a2bc9-4038-45a8-9eb6-592dd891f7a0.json',1,'2024-02-26 20:23:29'),('43c2d2da-30cc-4aee-9ab5-44c3cc10224b','509a2bc9-4038-45a8-9eb6-592dd891f7a0','881ab948-e40f-5a72-91aa-54b442270029','GET /users/me.json',1,'2024-02-24 16:43:41'),('4440ce67-bfd0-48ff-a0ad-e22173ab87ef','509a2bc9-4038-45a8-9eb6-592dd891f7a0','601d4672-5498-5681-b0af-5c4908a49e91','GET /setup/recover/start/509a2bc9-4038-45a8-9eb6-592dd891f7a0/084fb882-b5f6-4bc0-bba0-5426d9a62fdf.json',1,'2024-02-26 20:17:25'),('4446417a-1468-42e2-a847-ce621258ed7a',NULL,'bef9f3ca-86ef-5c6a-9b38-320e03ceb5df','GET /settings.json',1,'2024-02-25 12:39:51'),('44502543-ae2b-4d5c-abc9-f71bda4eb567','509a2bc9-4038-45a8-9eb6-592dd891f7a0','748dcd10-7d15-5498-9aa6-d26de348ff02','GET /auth/verify.json',1,'2024-02-25 13:15:47'),('4451ce1d-2430-4525-95a8-601dc1def06c','509a2bc9-4038-45a8-9eb6-592dd891f7a0','a04f2607-8cb6-56c6-a9cb-6b9c7603bacd','GET /rbacs/me.json',1,'2024-02-26 00:43:55'),('446f1902-d31a-4e8a-b384-4b0380fa2f81','509a2bc9-4038-45a8-9eb6-592dd891f7a0','1cd53591-cb6b-5b03-b0be-05a54644263d','GET /folders.json',1,'2025-07-01 07:04:13'),('455b5252-9839-436a-a61b-e389f6d12e2e','509a2bc9-4038-45a8-9eb6-592dd891f7a0','d161a38f-c522-5984-85ff-17c78b2a3bb5','PUT /share/folder/32643b5f-73a7-406b-86d6-5eb5c1bd013d.json',1,'2024-02-20 03:00:17'),('456d833c-cf22-4836-b68b-89a0b415eda0','3fa96e21-518b-41b5-aa72-71850cdd202c','9b473b19-0e3e-5efb-be19-8a1719843762','GET /account/settings.json',1,'2024-02-25 13:10:41'),('45ac0167-998e-4029-b085-959015854926',NULL,'bef9f3ca-86ef-5c6a-9b38-320e03ceb5df','GET /settings.json',1,'2024-02-18 09:47:20'),('45c04333-d657-4912-a459-732f28d1d3a9',NULL,'1c717cd7-d236-55c4-a068-b9a0923b1927','POST /users/recover.json',0,'2025-07-01 06:26:06'),('45c6671c-1c46-4c12-9d90-fad71f625141','509a2bc9-4038-45a8-9eb6-592dd891f7a0','881ab948-e40f-5a72-91aa-54b442270029','GET /users/me.json',1,'2024-02-25 12:26:08'),('45d137a7-f9eb-4731-8dbf-396c3d8eabe1',NULL,'bef9f3ca-86ef-5c6a-9b38-320e03ceb5df','GET /settings.json',1,'2025-07-01 05:47:28'),('46ab0264-a5c9-4d9f-8823-e6ea8bb6de59','509a2bc9-4038-45a8-9eb6-592dd891f7a0','d7bc9044-a64e-5421-a4d7-7a94eaa39d37','GET /users.json',1,'2024-02-25 14:25:21'),('46e3b3a9-f09c-4883-bcbe-6aa92199586f','509a2bc9-4038-45a8-9eb6-592dd891f7a0','3cffe6ef-ea4c-5bc3-869b-945f26e2601a','GET /groups.json',1,'2024-02-20 01:19:36'),('474e5b7c-4319-4726-bb18-61c87575183c','509a2bc9-4038-45a8-9eb6-592dd891f7a0','6d616537-c449-589d-bebe-b2d5883e9d35','GET /mfa/settings.json',1,'2024-02-18 09:50:08'),('47700d7b-fd11-48e8-b9b8-ef4db74bcf68','509a2bc9-4038-45a8-9eb6-592dd891f7a0','881ab948-e40f-5a72-91aa-54b442270029','GET /users/me.json',1,'2024-02-25 06:43:53'),('47b7d27f-8de4-4475-8889-174e0e21832c','509a2bc9-4038-45a8-9eb6-592dd891f7a0','c506210f-7866-5691-8fc1-58772e8f49f1','GET /resources.json',1,'2024-02-25 14:30:55'),('47d02931-0a0a-4f4f-8d86-3d2e6b1b7cc6',NULL,'50ca4a19-b782-5842-bd2b-f59e9ff4eef9','GET /setup/start/509a2bc9-4038-45a8-9eb6-592dd891f7a0/ff10e01a-0f09-4c5c-a518-ebfe706ed4b3',1,'2024-02-18 09:47:15'),('47e96638-e674-4a4f-81c1-f301f141fbfa',NULL,'881ab948-e40f-5a72-91aa-54b442270029','GET /users/me.json',0,'2024-02-18 13:36:37'),('480bfa17-1824-48bb-9295-9b2e41237ece','509a2bc9-4038-45a8-9eb6-592dd891f7a0','a8b75aae-cb86-5fda-a8b3-d36ae6155023','GET /gpgkeys.json',1,'2024-02-25 12:22:04'),('4813792c-609c-40ee-8839-01ab585b27a2','3fa96e21-518b-41b5-aa72-71850cdd202c','881ab948-e40f-5a72-91aa-54b442270029','GET /users/me.json',1,'2024-02-25 16:21:39'),('4825fa1b-0781-44ed-b536-dd177979f406',NULL,'a3c19ad2-8920-5395-86d0-8567cb34f382','POST /auth/verify.json',1,'2024-02-25 14:24:22'),('48c9a594-36bd-4724-a3fd-9db43b899eed','509a2bc9-4038-45a8-9eb6-592dd891f7a0','9b473b19-0e3e-5efb-be19-8a1719843762','GET /account/settings.json',1,'2024-02-25 12:23:16'),('48d26e7b-25ba-4f22-a896-7d21df929eb0','509a2bc9-4038-45a8-9eb6-592dd891f7a0','1cd53591-cb6b-5b03-b0be-05a54644263d','GET /folders.json',1,'2024-02-20 03:01:05'),('48de6321-bf90-42e0-b37a-c5446a609694','509a2bc9-4038-45a8-9eb6-592dd891f7a0','3cffe6ef-ea4c-5bc3-869b-945f26e2601a','GET /groups.json',1,'2024-02-24 03:58:27'),('49034483-76b5-4f9b-adf7-567c9dc63a75','509a2bc9-4038-45a8-9eb6-592dd891f7a0','dad1db3f-4fbc-5b3a-9db2-b7413885c30c','GET /app/settings/mfa',1,'2024-02-26 20:24:11'),('490355c0-dbf8-45d3-9db6-a43dfb6d918d',NULL,'881ab948-e40f-5a72-91aa-54b442270029','GET /users/me.json',0,'2024-02-18 17:35:20'),('4929a532-f30f-40dc-9c7d-516ddffbb60a',NULL,'bef9f3ca-86ef-5c6a-9b38-320e03ceb5df','GET /settings.json',1,'2024-10-04 14:58:42'),('49647065-feb2-4230-93a9-10dedad3ab2f','509a2bc9-4038-45a8-9eb6-592dd891f7a0','d7bc9044-a64e-5421-a4d7-7a94eaa39d37','GET /users.json',1,'2024-02-25 12:20:46'),('49a0778e-14c2-46db-bfd6-2e7b5171ab90','509a2bc9-4038-45a8-9eb6-592dd891f7a0','6d616537-c449-589d-bebe-b2d5883e9d35','GET /mfa/settings.json',1,'2024-02-24 04:05:16'),('49b12261-ee6c-423e-877a-87e02e2b7033','509a2bc9-4038-45a8-9eb6-592dd891f7a0','d7bc9044-a64e-5421-a4d7-7a94eaa39d37','GET /users.json',1,'2024-02-24 04:06:31'),('49c6118f-6666-477d-8c1b-833ec9579a0d','509a2bc9-4038-45a8-9eb6-592dd891f7a0','bef9f3ca-86ef-5c6a-9b38-320e03ceb5df','GET /settings.json',1,'2024-10-04 02:23:51'),('49c9e0bc-6b93-4883-a83e-679932700351','509a2bc9-4038-45a8-9eb6-592dd891f7a0','3cffe6ef-ea4c-5bc3-869b-945f26e2601a','GET /groups.json',1,'2024-02-26 20:26:45'),('49cb9fb2-2d01-46e6-9cc9-741c15be689d','509a2bc9-4038-45a8-9eb6-592dd891f7a0','1cd53591-cb6b-5b03-b0be-05a54644263d','GET /folders.json',1,'2024-02-20 03:00:13'),('49ce750a-7a95-42ae-b2ab-512c75acdec7',NULL,'a3c19ad2-8920-5395-86d0-8567cb34f382','POST /auth/verify.json',1,'2024-02-26 21:11:36'),('49d495ae-407c-4edb-b1f5-fa2f50146b2b','509a2bc9-4038-45a8-9eb6-592dd891f7a0','0ed6c4a8-8c1f-52c6-9859-67f37794a02e','POST /favorites/resource/5f7dd9ab-d464-41bf-9c52-efc995f1ef5e.json',1,'2024-02-24 04:17:25'),('49eaeba2-7944-4549-91b4-740b7e874c06','509a2bc9-4038-45a8-9eb6-592dd891f7a0','30259dec-c224-509d-b742-96e2a6a85475','GET /mfa/setup/select',1,'2024-02-26 20:24:11'),('4a070499-5468-4007-ba86-70fa1f38cbde','509a2bc9-4038-45a8-9eb6-592dd891f7a0','3cffe6ef-ea4c-5bc3-869b-945f26e2601a','GET /groups.json',1,'2024-02-25 12:21:46'),('4a22c0db-3048-45be-bd35-d4e3f58cf7b7',NULL,'bef9f3ca-86ef-5c6a-9b38-320e03ceb5df','GET /settings.json',1,'2024-02-24 03:58:14'),('4a77a0d3-e6bf-4073-9504-287c1304e808','509a2bc9-4038-45a8-9eb6-592dd891f7a0','a8b75aae-cb86-5fda-a8b3-d36ae6155023','GET /gpgkeys.json',1,'2024-02-25 14:25:44'),('4ad95b36-4368-4f68-a688-4c1c0c725e9d',NULL,'a3c19ad2-8920-5395-86d0-8567cb34f382','POST /auth/login.json',1,'2024-02-25 14:06:29'),('4b159eda-3c74-48ce-9ce1-235c5ee43d37','509a2bc9-4038-45a8-9eb6-592dd891f7a0','9b473b19-0e3e-5efb-be19-8a1719843762','GET /account/settings.json',1,'2024-02-25 12:24:27'),('4b2b224c-bafb-42f4-9189-361feffcb0f0','509a2bc9-4038-45a8-9eb6-592dd891f7a0','881ab948-e40f-5a72-91aa-54b442270029','GET /users/509a2bc9-4038-45a8-9eb6-592dd891f7a0.json',1,'2024-02-26 20:45:19'),('4b489c01-d0f3-443f-9c94-4cedec6e22f5','509a2bc9-4038-45a8-9eb6-592dd891f7a0','d7bc9044-a64e-5421-a4d7-7a94eaa39d37','GET /users.json',1,'2024-02-20 01:19:36'),('4b719a8e-22e8-477e-a637-16508cc0c2f6','509a2bc9-4038-45a8-9eb6-592dd891f7a0','881ab948-e40f-5a72-91aa-54b442270029','GET /users/me.json',1,'2024-02-25 03:43:53'),('4bc17785-3534-4e3f-bc41-76f5e8f201a3','509a2bc9-4038-45a8-9eb6-592dd891f7a0','3cffe6ef-ea4c-5bc3-869b-945f26e2601a','GET /groups.json',1,'2024-02-25 12:22:37'),('4bdfffa0-097c-44a6-b0d5-997b18855018','509a2bc9-4038-45a8-9eb6-592dd891f7a0','881ab948-e40f-5a72-91aa-54b442270029','GET /users/me.json',1,'2024-02-20 09:31:07'),('4be9ef99-0848-4d56-a265-eacdcd057fb6','509a2bc9-4038-45a8-9eb6-592dd891f7a0','a3c19ad2-8920-5395-86d0-8567cb34f382','POST /auth/login.json',1,'2024-02-18 09:49:59'),('4c3e8394-35b7-4f68-ac38-2c2a86e552b4','509a2bc9-4038-45a8-9eb6-592dd891f7a0','881ab948-e40f-5a72-91aa-54b442270029','GET /users/509a2bc9-4038-45a8-9eb6-592dd891f7a0.json',1,'2024-02-20 01:15:48'),('4c867825-6e9b-4494-8361-05a233f3933b','509a2bc9-4038-45a8-9eb6-592dd891f7a0','c506210f-7866-5691-8fc1-58772e8f49f1','GET /resources.json',1,'2024-02-24 04:17:18'),('4ca30294-6c7e-4249-98b4-5ba62216b7c9','509a2bc9-4038-45a8-9eb6-592dd891f7a0','9b473b19-0e3e-5efb-be19-8a1719843762','GET /account/settings.json',1,'2024-02-25 12:23:16'),('4cdebd20-4d19-4d4d-80ba-cad55b345592','509a2bc9-4038-45a8-9eb6-592dd891f7a0','d7bc9044-a64e-5421-a4d7-7a94eaa39d37','GET /users.json',1,'2024-02-26 20:29:34'),('4d0b8844-da3a-49f9-8706-07fa1b74464c',NULL,'bef9f3ca-86ef-5c6a-9b38-320e03ceb5df','GET /settings.json',1,'2024-02-18 09:49:44'),('4d1d1643-49ea-4e30-b7fc-564b623f4215','509a2bc9-4038-45a8-9eb6-592dd891f7a0','a8b75aae-cb86-5fda-a8b3-d36ae6155023','GET /gpgkeys.json',1,'2024-02-25 14:24:59'),('4d46f6a8-d2d8-463f-bfdb-88fde23443dd',NULL,'881ab948-e40f-5a72-91aa-54b442270029','GET /users/me.json',0,'2024-02-18 16:20:09'),('4da1d807-dd7b-41ee-8067-22d87fe51e41','509a2bc9-4038-45a8-9eb6-592dd891f7a0','881ab948-e40f-5a72-91aa-54b442270029','GET /users/me.json',1,'2024-02-26 01:14:01'),('4dba19a1-5e13-4a8c-adc1-3cbe77d136bb',NULL,'bef9f3ca-86ef-5c6a-9b38-320e03ceb5df','GET /settings.json',1,'2024-10-04 05:17:07'),('4ddab272-783b-423a-a660-078de9b3a82f','509a2bc9-4038-45a8-9eb6-592dd891f7a0','881ab948-e40f-5a72-91aa-54b442270029','GET /users/me.json',1,'2024-02-24 04:05:16'),('4e356c14-7523-40e8-b91d-2acf9c5f01e2','509a2bc9-4038-45a8-9eb6-592dd891f7a0','ab13b3e0-eae8-5099-909f-8582a3c2ddae','GET /folders/c0be64eb-4d8e-43a3-b447-0cfe683c21a5.json',1,'2025-07-01 07:04:24'),('4e3fbe32-c256-4986-b911-3a7e6dbda2f7','509a2bc9-4038-45a8-9eb6-592dd891f7a0','e2aa01a9-84ec-55f8-aaed-24ee23259339','GET /resource-types.json',1,'2025-07-01 07:04:05'),('4e469605-d748-4320-be70-6346dc73920e','509a2bc9-4038-45a8-9eb6-592dd891f7a0','d7bc9044-a64e-5421-a4d7-7a94eaa39d37','GET /users.json',1,'2024-02-25 14:25:20'),('4eb151e9-840c-4a3e-8f24-acb1e86f02c4','509a2bc9-4038-45a8-9eb6-592dd891f7a0','881ab948-e40f-5a72-91aa-54b442270029','GET /users/me.json',1,'2024-02-24 13:28:32'),('4ec65c82-15f9-4755-8004-8d51c5698fb1','509a2bc9-4038-45a8-9eb6-592dd891f7a0','a04f2607-8cb6-56c6-a9cb-6b9c7603bacd','GET /rbacs/me.json',1,'2024-02-24 03:58:26'),('4efe445c-dc8f-4db0-8764-bf3ff71e9dba',NULL,'881ab948-e40f-5a72-91aa-54b442270029','GET /users/me.json',0,'2024-02-18 23:05:31'),('4f14f17b-ee2d-4c28-8e52-60bef75d7fac','509a2bc9-4038-45a8-9eb6-592dd891f7a0','d7bc9044-a64e-5421-a4d7-7a94eaa39d37','GET /users.json',1,'2024-02-24 04:06:32'),('4f36252f-c5ca-471b-ac06-f12ffa544f99','509a2bc9-4038-45a8-9eb6-592dd891f7a0','881ab948-e40f-5a72-91aa-54b442270029','GET /users/me.json',1,'2024-02-24 12:43:35'),('4f48e339-e436-4e40-b480-59d24a679a76','509a2bc9-4038-45a8-9eb6-592dd891f7a0','d7bc9044-a64e-5421-a4d7-7a94eaa39d37','GET /users.json',1,'2024-02-25 14:25:42'),('4f65bdd5-5463-48e4-a30f-b2f3729cb666','509a2bc9-4038-45a8-9eb6-592dd891f7a0','3cffe6ef-ea4c-5bc3-869b-945f26e2601a','GET /groups.json',1,'2024-02-25 12:21:05'),('4f675a0f-b7c5-491d-b11b-572f5ae9d60a','509a2bc9-4038-45a8-9eb6-592dd891f7a0','9b473b19-0e3e-5efb-be19-8a1719843762','GET /account/settings.json',1,'2024-02-26 20:21:54'),('4f8b9866-2995-460d-a3ef-91cf2a4e82d8',NULL,'881ab948-e40f-5a72-91aa-54b442270029','GET /users/me.json',0,'2024-02-19 00:08:11'),('4f9d5e18-6749-4a3e-8c61-1e2c2d6be7b8',NULL,'881ab948-e40f-5a72-91aa-54b442270029','GET /users/me.json',0,'2024-02-19 04:35:28'),('4fa112e8-3124-4076-89a9-7c8ddf551f1d',NULL,'8fa02019-e0f1-5de9-a680-7a2601caf27c','POST /self-registration/dry-run.json',0,'2024-02-24 04:12:08'),('4fa80e4e-7445-4914-a3e8-f1dad8f021cc','509a2bc9-4038-45a8-9eb6-592dd891f7a0','881ab948-e40f-5a72-91aa-54b442270029','GET /users/me.json',1,'2024-02-24 06:58:53'),('501db036-b00d-4848-bb2b-559c05a2a588',NULL,'bef9f3ca-86ef-5c6a-9b38-320e03ceb5df','GET /settings.json',1,'2024-10-04 09:33:36'),('503531fa-151d-4051-ab25-d428175e3e38',NULL,'bef9f3ca-86ef-5c6a-9b38-320e03ceb5df','GET /settings.json',1,'2024-02-25 14:24:22'),('50509565-c428-4285-95b2-9466ec91e49c',NULL,'17b8a54b-8069-586a-8ca2-7e7569b28e08','GET /user-passphrase-policies/settings.json',0,'2024-02-26 20:22:43'),('505bc5a1-dde8-4d4d-bbbb-5e39db6adacf',NULL,'25846782-ae10-560b-a266-fea0e238b097','GET /users/recover',1,'2025-07-01 06:18:54'),('50e2b8d8-3463-4e23-a093-e0f7da97a0f3',NULL,'881ab948-e40f-5a72-91aa-54b442270029','GET /users/me.json',0,'2024-02-19 03:20:11'),('513e383d-60bd-438b-9349-acf601ea2297','3fa96e21-518b-41b5-aa72-71850cdd202c','601d4672-5498-5681-b0af-5c4908a49e91','GET /setup/recover/3fa96e21-518b-41b5-aa72-71850cdd202c/c77d5abb-f1ad-4453-bee7-99a5808b0065.json',1,'2024-02-25 13:17:49'),('5153e2f7-a815-4a6c-9e37-fe0b08f3de84','509a2bc9-4038-45a8-9eb6-592dd891f7a0','c506210f-7866-5691-8fc1-58772e8f49f1','GET /resources.json',1,'2024-02-20 02:21:48'),('515d68ac-df8f-4054-b313-5f160943d513',NULL,'bef9f3ca-86ef-5c6a-9b38-320e03ceb5df','GET /settings.json',1,'2024-02-25 12:39:49'),('515eea50-905e-4918-9cef-e15187b7c6ff',NULL,'748dcd10-7d15-5498-9aa6-d26de348ff02','GET /auth/verify.json',1,'2024-02-25 13:09:51'),('51634271-c2fb-416a-a42c-b1ee28270baa','509a2bc9-4038-45a8-9eb6-592dd891f7a0','1035f824-fe76-5a69-b02c-9aa60a31858c','GET /app/passwords',1,'2024-02-25 14:24:30'),('51ac0f94-465a-459f-afb3-76b81261f82f','509a2bc9-4038-45a8-9eb6-592dd891f7a0','601d4672-5498-5681-b0af-5c4908a49e91','GET /setup/recover/start/3fa96e21-518b-41b5-aa72-71850cdd202c/c77d5abb-f1ad-4453-bee7-99a5808b0065.json',0,'2024-02-25 13:18:42'),('51d6cd8f-3047-4ebf-8ca1-1438cb66e0dd','509a2bc9-4038-45a8-9eb6-592dd891f7a0','a04f2607-8cb6-56c6-a9cb-6b9c7603bacd','GET /rbacs/me.json',1,'2025-07-01 06:49:53'),('51e76ef4-53a2-417f-89c8-2b39394d5d15','509a2bc9-4038-45a8-9eb6-592dd891f7a0','881ab948-e40f-5a72-91aa-54b442270029','GET /users/me.json',1,'2024-02-27 01:54:02'),('520260df-fd25-445a-bcb0-7315afedc768','509a2bc9-4038-45a8-9eb6-592dd891f7a0','601d4672-5498-5681-b0af-5c4908a49e91','GET /setup/recover/3fa96e21-518b-41b5-aa72-71850cdd202c/c77d5abb-f1ad-4453-bee7-99a5808b0065.json',0,'2024-02-25 13:15:47'),('526599ec-e307-485e-ba99-981e89a3bb75',NULL,'bef9f3ca-86ef-5c6a-9b38-320e03ceb5df','GET /settings.json',1,'2025-07-01 06:26:23'),('52a4d579-d51b-4128-abc5-11ccdeccc7b0','509a2bc9-4038-45a8-9eb6-592dd891f7a0','e38db0b5-838d-5f43-8609-92a25843e9d3','GET /metadata/keys.json',1,'2025-07-01 07:04:01'),('52d579fb-9d90-4c5c-ad6e-5bf0cb29ef9f','509a2bc9-4038-45a8-9eb6-592dd891f7a0','3cffe6ef-ea4c-5bc3-869b-945f26e2601a','GET /groups.json',1,'2024-02-25 12:22:28'),('5303d962-6798-4ee7-9d01-ff6e32c35fcf',NULL,'881ab948-e40f-5a72-91aa-54b442270029','GET /users/me.json',0,'2024-02-18 16:35:17'),('5307f314-0b03-43b5-a0fe-1fbf4772eb4c','509a2bc9-4038-45a8-9eb6-592dd891f7a0','bef9f3ca-86ef-5c6a-9b38-320e03ceb5df','GET /settings.json',1,'2024-02-24 04:05:22'),('530ce2f9-9a8a-43bd-a6c8-19783e925789','509a2bc9-4038-45a8-9eb6-592dd891f7a0','601d4672-5498-5681-b0af-5c4908a49e91','GET /setup/recover/509a2bc9-4038-45a8-9eb6-592dd891f7a0/127474ef-09fa-4dc9-aa47-ab50d422febd.json',1,'2025-07-01 05:57:32'),('531fc240-3a73-4286-9238-2e9dcccb4901','509a2bc9-4038-45a8-9eb6-592dd891f7a0','601d4672-5498-5681-b0af-5c4908a49e91','GET /setup/recover/509a2bc9-4038-45a8-9eb6-592dd891f7a0/084fb882-b5f6-4bc0-bba0-5426d9a62fdf.json',1,'2024-02-26 20:17:19'),('5324d28b-36a7-49f0-b302-be10fc7fa2a9',NULL,'a3c19ad2-8920-5395-86d0-8567cb34f382','POST /auth/verify.json',1,'2025-07-01 06:26:32'),('5367955d-0ccc-4695-a0c1-fe51ac992fa0','509a2bc9-4038-45a8-9eb6-592dd891f7a0','1cd53591-cb6b-5b03-b0be-05a54644263d','GET /folders.json',1,'2024-02-25 12:16:13'),('536d01e9-0ea6-40a3-b955-b55ed11fb0c6','509a2bc9-4038-45a8-9eb6-592dd891f7a0','d7bc9044-a64e-5421-a4d7-7a94eaa39d37','GET /users.json',1,'2024-02-26 20:29:39'),('53e31146-b1b4-45ec-9bcd-96503987ad75','509a2bc9-4038-45a8-9eb6-592dd891f7a0','1c717cd7-d236-55c4-a068-b9a0923b1927','POST /users/recover.json',1,'2024-02-25 13:08:59'),('540f87d4-1b1f-44c4-b227-4b9904ec9c38',NULL,'bef9f3ca-86ef-5c6a-9b38-320e03ceb5df','GET /settings.json',1,'2025-07-01 06:26:32'),('5480580d-3638-4318-9ef7-9b445e1c577d',NULL,'881ab948-e40f-5a72-91aa-54b442270029','GET /users/me.json',0,'2024-02-18 21:35:36'),('549898af-70b5-48bd-936a-3d9d795852fd','509a2bc9-4038-45a8-9eb6-592dd891f7a0','a8b75aae-cb86-5fda-a8b3-d36ae6155023','GET /gpgkeys.json',1,'2024-02-25 12:22:10'),('54c1a8bb-27ff-4d7c-b35a-a543bd17235b','509a2bc9-4038-45a8-9eb6-592dd891f7a0','02e18a01-42f6-5e5d-b18f-2ee9070e3b9d','POST /folders.json',1,'2024-02-20 03:00:17'),('54d349ff-6b67-45f4-bc6a-a21f4f2b054c','509a2bc9-4038-45a8-9eb6-592dd891f7a0','3cffe6ef-ea4c-5bc3-869b-945f26e2601a','GET /groups.json',1,'2024-02-25 12:18:41'),('54da4b99-15b4-4f25-a16b-a417f01e0c93','509a2bc9-4038-45a8-9eb6-592dd891f7a0','6d616537-c449-589d-bebe-b2d5883e9d35','GET /mfa/settings.json',1,'2024-02-25 12:46:28'),('54da6f86-6b99-4fda-956a-4ad0c17e5ffa',NULL,'bef9f3ca-86ef-5c6a-9b38-320e03ceb5df','GET /settings.json',1,'2024-10-04 14:24:00'),('54e40606-22cb-4459-8284-403b8c417b38','509a2bc9-4038-45a8-9eb6-592dd891f7a0','3cffe6ef-ea4c-5bc3-869b-945f26e2601a','GET /groups.json',1,'2024-02-26 00:43:59'),('559bdec2-12c5-4a22-be31-f67a4bda60c2','509a2bc9-4038-45a8-9eb6-592dd891f7a0','dad1db3f-4fbc-5b3a-9db2-b7413885c30c','GET /app/administration/mfa',1,'2024-02-25 12:23:16'),('55ce5ccb-a0cd-4256-b6b1-1567f1d4ca28',NULL,'bef9f3ca-86ef-5c6a-9b38-320e03ceb5df','GET /settings.json',1,'2024-10-04 16:56:31'),('55ee4980-de3c-4465-aa87-5d894e874b9b','509a2bc9-4038-45a8-9eb6-592dd891f7a0','9b473b19-0e3e-5efb-be19-8a1719843762','GET /account/settings.json',1,'2024-02-26 20:22:02'),('56156e46-f8f6-4f2c-9285-7d2340509b8c','509a2bc9-4038-45a8-9eb6-592dd891f7a0','50ca4a19-b782-5842-bd2b-f59e9ff4eef9','GET /setup/start/3fa96e21-518b-41b5-aa72-71850cdd202c/9f50a255-aab6-4ed2-87a9-6d040a2dfb9a.json',0,'2024-02-25 13:09:41'),('56246b5d-a1aa-4a1d-9a2a-4723dfe527eb',NULL,'881ab948-e40f-5a72-91aa-54b442270029','GET /users/me.json',0,'2024-02-18 18:05:20'),('562885da-ad3c-4d61-896a-9e813da27182',NULL,'a3c19ad2-8920-5395-86d0-8567cb34f382','POST /auth/verify.json',1,'2025-07-01 06:42:43'),('5695f373-a5e2-42ca-8787-3340ac949dbc',NULL,'1c717cd7-d236-55c4-a068-b9a0923b1927','POST /users/recover.json',1,'2024-02-26 20:15:45'),('5696882d-0023-4517-b2c1-53aab0425617','509a2bc9-4038-45a8-9eb6-592dd891f7a0','d7bc9044-a64e-5421-a4d7-7a94eaa39d37','GET /users.json',1,'2024-02-25 12:22:28'),('56f913ae-406e-4b44-8cb7-d3475a441a18',NULL,'25846782-ae10-560b-a266-fea0e238b097','GET /users/recover',1,'2024-02-25 12:39:51'),('5707ba96-fc6c-4a30-8da7-215685893ece','509a2bc9-4038-45a8-9eb6-592dd891f7a0','c506210f-7866-5691-8fc1-58772e8f49f1','GET /resources.json',1,'2024-02-26 20:18:05'),('5719503f-6cfa-4cdf-8a27-bbc4cbbb970c','509a2bc9-4038-45a8-9eb6-592dd891f7a0','12c1b158-0100-53d8-a979-83d3cc4a86bc','GET /metadata/types/settings.json',1,'2025-07-01 07:04:05'),('57464f26-3eea-4e87-83ea-0607304aed12',NULL,'a3c19ad2-8920-5395-86d0-8567cb34f382','POST /auth/login.json',1,'2024-02-24 04:05:12'),('5766cb5d-3ff1-4cfa-84f4-a0a9edaca4ca',NULL,'25846782-ae10-560b-a266-fea0e238b097','GET /users/recover',1,'2024-02-25 12:39:36'),('57a326f8-d279-442e-b88c-0b9757bab618','509a2bc9-4038-45a8-9eb6-592dd891f7a0','3cffe6ef-ea4c-5bc3-869b-945f26e2601a','GET /groups.json',1,'2024-02-26 20:45:34'),('583808d4-3268-47f7-8ee4-1d8fba57323c','509a2bc9-4038-45a8-9eb6-592dd891f7a0','1cd53591-cb6b-5b03-b0be-05a54644263d','GET /folders.json',1,'2024-02-20 02:57:35'),('585794f0-082a-4f70-a389-121c64b4179a',NULL,'bef9f3ca-86ef-5c6a-9b38-320e03ceb5df','GET /settings.json',1,'2024-02-25 12:43:37'),('589ac301-aded-44a9-8895-39e961c4164f',NULL,'748dcd10-7d15-5498-9aa6-d26de348ff02','GET /auth/verify.json',1,'2024-02-25 13:13:00'),('58a2e999-9054-4455-97fc-4314bd3c2152',NULL,'881ab948-e40f-5a72-91aa-54b442270029','GET /users/me.json',0,'2024-02-18 18:20:23'),('58ef5ae1-b706-4e88-a66d-c61ff854a32e','3fa96e21-518b-41b5-aa72-71850cdd202c','601d4672-5498-5681-b0af-5c4908a49e91','GET /setup/recover/3fa96e21-518b-41b5-aa72-71850cdd202c/c77d5abb-f1ad-4453-bee7-99a5808b0065.json',1,'2024-02-25 14:04:00'),('590f475a-4c96-44e0-8f59-3d6fa9ab2064','509a2bc9-4038-45a8-9eb6-592dd891f7a0','601d4672-5498-5681-b0af-5c4908a49e91','GET /setup/recover/start/509a2bc9-4038-45a8-9eb6-592dd891f7a0/127474ef-09fa-4dc9-aa47-ab50d422febd.json',1,'2025-07-01 05:57:32'),('5945c7ee-0391-4714-8af5-421e0778d165','509a2bc9-4038-45a8-9eb6-592dd891f7a0','881ab948-e40f-5a72-91aa-54b442270029','GET /users/me.json',1,'2024-02-20 06:16:15'),('59915fb1-b2c1-44e5-ab90-43ce0059bc80','509a2bc9-4038-45a8-9eb6-592dd891f7a0','3e1763d3-a38e-554d-81b1-61e2e5e50cd9','POST /password-expiry/settings.json',1,'2024-02-25 12:25:46'),('59d5c471-5a93-45c0-87b6-b724e7c06321','509a2bc9-4038-45a8-9eb6-592dd891f7a0','4f7dc567-b5aa-5226-bd33-740d11f451ea','GET /rbacs.json',1,'2024-02-18 09:49:40'),('5a0565dc-18eb-49b0-ad7f-36a7dc386688','3fa96e21-518b-41b5-aa72-71850cdd202c','881ab948-e40f-5a72-91aa-54b442270029','GET /users/me.json',1,'2024-02-25 14:51:33'),('5a0ba711-a5e5-4876-8330-ba7a7583cfd9','509a2bc9-4038-45a8-9eb6-592dd891f7a0','72a35b3d-5baf-57cd-b6ba-a946bd879ad4','GET /password-policies/settings.json',1,'2024-02-18 09:48:50'),('5a1d544a-b168-4489-8b2e-2e10352c75ca',NULL,'91b261cd-7e30-5678-98f5-9faacea29439','POST /setup/recover/complete/3fa96e21-518b-41b5-aa72-71850cdd202c',1,'2024-02-25 14:06:29'),('5a25b5d5-b4e3-4a1b-9f2f-b22a9e625ea2','509a2bc9-4038-45a8-9eb6-592dd891f7a0','3303ccc6-778b-55b7-b06e-0c06d756217d','PUT /groups/696127bd-8252-4d38-b5f3-5a9c8efe97fa.json',1,'2024-02-25 12:22:24'),('5a796cea-11a6-4b95-b6dd-bb44851b683d','509a2bc9-4038-45a8-9eb6-592dd891f7a0','d7bc9044-a64e-5421-a4d7-7a94eaa39d37','GET /users.json',1,'2024-02-24 04:06:33'),('5abe7939-5fad-4c5f-be3c-91d26c80d363','509a2bc9-4038-45a8-9eb6-592dd891f7a0','c506210f-7866-5691-8fc1-58772e8f49f1','GET /resources.json',1,'2024-02-25 12:17:24'),('5ac41254-aaef-435e-992d-9073d38a2f80','509a2bc9-4038-45a8-9eb6-592dd891f7a0','3cffe6ef-ea4c-5bc3-869b-945f26e2601a','GET /groups.json',1,'2024-02-20 01:42:51'),('5ac66b28-4cff-45dc-b437-08edb0046a77','509a2bc9-4038-45a8-9eb6-592dd891f7a0','3cffe6ef-ea4c-5bc3-869b-945f26e2601a','GET /groups.json',1,'2024-02-25 13:13:59'),('5ac67582-23b1-43ee-92d8-5611664526a5','509a2bc9-4038-45a8-9eb6-592dd891f7a0','d7bc9044-a64e-5421-a4d7-7a94eaa39d37','GET /users.json',1,'2024-02-25 12:21:46'),('5ad03bec-c3e0-4883-915f-0d257ebafca2',NULL,'bef9f3ca-86ef-5c6a-9b38-320e03ceb5df','GET /settings.json',1,'2024-02-25 13:09:51'),('5ada1c78-45e6-4057-a8ef-507b31a9789e','509a2bc9-4038-45a8-9eb6-592dd891f7a0','c506210f-7866-5691-8fc1-58772e8f49f1','GET /resources.json',1,'2024-02-26 20:19:01'),('5ae4cae1-f8ba-4c7e-b277-773eb43ee1a6',NULL,'881ab948-e40f-5a72-91aa-54b442270029','GET /users/me.json',0,'2024-02-19 10:05:28'),('5afcb0a3-c442-43ee-ac4d-1e080a0886fd','509a2bc9-4038-45a8-9eb6-592dd891f7a0','bef9f3ca-86ef-5c6a-9b38-320e03ceb5df','GET /settings.json',1,'2024-02-25 12:24:27'),('5b05c6d5-4f6a-4df2-9445-de9d70b09274','509a2bc9-4038-45a8-9eb6-592dd891f7a0','a04f2607-8cb6-56c6-a9cb-6b9c7603bacd','GET /rbacs/me.json',1,'2024-02-26 20:24:11'),('5b39f500-4fb8-4355-a162-4ff94b2abd66','509a2bc9-4038-45a8-9eb6-592dd891f7a0','c506210f-7866-5691-8fc1-58772e8f49f1','GET /resources.json',1,'2024-02-25 13:13:59'),('5b7b1357-3f8a-46cb-9a4e-7b000e2bfafa','509a2bc9-4038-45a8-9eb6-592dd891f7a0','a8b75aae-cb86-5fda-a8b3-d36ae6155023','GET /gpgkeys.json',1,'2024-02-25 12:22:05'),('5ba68d6c-2686-4122-87e6-804bf8bbd046','509a2bc9-4038-45a8-9eb6-592dd891f7a0','d7bc9044-a64e-5421-a4d7-7a94eaa39d37','GET /users.json',1,'2024-02-25 12:16:59'),('5bb679ff-3972-4a58-9248-511dad85648f',NULL,'bef9f3ca-86ef-5c6a-9b38-320e03ceb5df','GET /settings.json',1,'2024-10-04 09:50:47'),('5bc6ecc4-ccc7-4a30-9c59-471b4728a63b',NULL,'8fa02019-e0f1-5de9-a680-7a2601caf27c','POST /self-registration/dry-run.json',0,'2024-02-24 04:09:03'),('5c12306d-d732-4f76-8e27-27e068b6432b','509a2bc9-4038-45a8-9eb6-592dd891f7a0','881ab948-e40f-5a72-91aa-54b442270029','GET /users/me.json',1,'2024-02-25 07:58:53'),('5c5d10ec-3324-4687-810d-fbcfc4879dbf','509a2bc9-4038-45a8-9eb6-592dd891f7a0','881ab948-e40f-5a72-91aa-54b442270029','GET /users/me.json',1,'2024-02-24 15:13:40'),('5c6453e3-2366-444d-80a1-efb563cbe9ec','509a2bc9-4038-45a8-9eb6-592dd891f7a0','1cd53591-cb6b-5b03-b0be-05a54644263d','GET /folders.json',1,'2024-02-20 02:57:47'),('5c9bed50-a908-4d3e-ac7f-69f7c610f37c',NULL,'a3c19ad2-8920-5395-86d0-8567cb34f382','POST /auth/login.json',1,'2024-02-25 13:10:32'),('5cba0ad0-1be5-4025-ad3f-775c1d32f225','509a2bc9-4038-45a8-9eb6-592dd891f7a0','d7bc9044-a64e-5421-a4d7-7a94eaa39d37','GET /users.json',1,'2024-02-20 01:43:25'),('5cc9e45d-dd3b-47ea-b29a-35c513a4cf64',NULL,'881ab948-e40f-5a72-91aa-54b442270029','GET /users/me.json',0,'2024-02-19 00:30:20'),('5cd75ff6-ddaa-459c-919f-befe7fe06b45','509a2bc9-4038-45a8-9eb6-592dd891f7a0','d7bc9044-a64e-5421-a4d7-7a94eaa39d37','GET /users.json',1,'2024-02-25 12:16:13'),('5ceb9ae6-e93e-4629-9550-bc51d52216ba',NULL,'881ab948-e40f-5a72-91aa-54b442270029','GET /users/me.json',0,'2024-02-19 21:01:33'),('5d63721f-ac97-42a0-86ac-b0d4e9944b69',NULL,'bef9f3ca-86ef-5c6a-9b38-320e03ceb5df','GET /settings.json',1,'2024-02-18 09:46:25'),('5d75ad11-e446-47f8-b65e-692307c41bc9','509a2bc9-4038-45a8-9eb6-592dd891f7a0','ad8bbc35-6435-538e-b1a7-80b87bcedb6a','POST /resources.json',1,'2024-02-25 12:15:51'),('5d8fc18b-1b00-410a-8aa2-f2acf7815331','509a2bc9-4038-45a8-9eb6-592dd891f7a0','6729d30a-1efa-53a4-8c03-e7542b2fedbe','GET /password-expiry/settings.json',1,'2024-02-24 03:58:27'),('5d991c60-ff56-42a6-9303-a407086251f6',NULL,'1c717cd7-d236-55c4-a068-b9a0923b1927','POST /users/recover.json',1,'2024-02-26 20:15:33'),('5da6d1aa-cf11-4f20-a293-ca750866affb','509a2bc9-4038-45a8-9eb6-592dd891f7a0','defacfb8-ce1b-50f1-9b7d-d9865d2f28bd','PUT /users/b8ecdc71-18b4-4f51-97ff-01070a5a74fa.json',1,'2024-02-25 12:20:16'),('5e2ca624-6089-459a-9b83-b68b16f6ed03',NULL,'bef9f3ca-86ef-5c6a-9b38-320e03ceb5df','GET /settings.json',1,'2024-10-04 08:32:45'),('5e46379b-27e7-4f5f-8c90-e5a46ae64e74','509a2bc9-4038-45a8-9eb6-592dd891f7a0','d7bc9044-a64e-5421-a4d7-7a94eaa39d37','GET /users.json',1,'2024-02-24 03:58:54'),('5e5582dd-b17d-487b-8e03-8467c6a1acb6','509a2bc9-4038-45a8-9eb6-592dd891f7a0','d7bc9044-a64e-5421-a4d7-7a94eaa39d37','GET /users.json',1,'2024-02-25 12:20:44'),('5e57a199-c7b0-456d-9491-34bb82424830','509a2bc9-4038-45a8-9eb6-592dd891f7a0','3cffe6ef-ea4c-5bc3-869b-945f26e2601a','GET /groups.json',1,'2024-02-24 04:05:22'),('5e77a6c8-a0ca-4075-b23b-161aa1bdd447',NULL,'881ab948-e40f-5a72-91aa-54b442270029','GET /users/me.json',0,'2024-02-18 20:20:21'),('5e813e48-05d8-419a-8324-5fadec813ea7','509a2bc9-4038-45a8-9eb6-592dd891f7a0','c506210f-7866-5691-8fc1-58772e8f49f1','GET /resources.json',1,'2024-02-25 12:23:06'),('5e968c7c-1105-4001-a7a2-9e4c4a70605e','509a2bc9-4038-45a8-9eb6-592dd891f7a0','9b473b19-0e3e-5efb-be19-8a1719843762','GET /account/settings.json',1,'2024-02-26 20:23:29'),('5ecf79ab-d2e2-4191-ad53-6ca84ed870b9',NULL,'bef9f3ca-86ef-5c6a-9b38-320e03ceb5df','GET /settings.json',1,'2024-02-24 04:04:59'),('5ed3309d-f889-4fa3-bf3b-af974d0c5dbc','509a2bc9-4038-45a8-9eb6-592dd891f7a0','bef9f3ca-86ef-5c6a-9b38-320e03ceb5df','GET /settings.json',1,'2024-02-25 13:18:41'),('5ee57bc9-2995-4f12-87af-23f3c6d3ede2','509a2bc9-4038-45a8-9eb6-592dd891f7a0','9caaba03-49d2-5273-8097-e278234e71e0','GET /settings/emails/notifications.json',1,'2024-02-25 12:26:18'),('5eef775f-fe62-485f-bd7d-67ffbd271c08','3fa96e21-518b-41b5-aa72-71850cdd202c','a3c19ad2-8920-5395-86d0-8567cb34f382','POST /auth/login.json',1,'2024-02-25 14:06:30'),('5f2a0aff-72c2-4c63-bff1-63414c9753f9','509a2bc9-4038-45a8-9eb6-592dd891f7a0','a8b75aae-cb86-5fda-a8b3-d36ae6155023','GET /gpgkeys.json',1,'2024-02-25 12:22:08'),('5f42f610-a07b-46ee-a694-46fdea24c6e6','509a2bc9-4038-45a8-9eb6-592dd891f7a0','d91341f2-9672-5f4d-b7f5-d82020faa47e','PUT /move/resource/eb5958f0-e772-4887-a024-48e7b1a7ee8e.json',1,'2024-02-25 12:16:54'),('5f6afa8b-f115-4e7d-b7d5-5e42f0005a3d',NULL,'881ab948-e40f-5a72-91aa-54b442270029','GET /users/me.json',0,'2024-02-18 15:35:11'),('5faf094d-2c4b-445b-a8e2-b06dc8e7b28f','509a2bc9-4038-45a8-9eb6-592dd891f7a0','881ab948-e40f-5a72-91aa-54b442270029','GET /users/me.json',1,'2024-02-20 05:31:12'),('5fc24d37-2568-454b-9f78-d6dec246ac30','509a2bc9-4038-45a8-9eb6-592dd891f7a0','d7bc9044-a64e-5421-a4d7-7a94eaa39d37','GET /users.json',1,'2024-02-20 01:43:15'),('5ff37990-0985-4208-bece-7fd9a24087f7',NULL,'bef9f3ca-86ef-5c6a-9b38-320e03ceb5df','GET /settings.json',1,'2024-02-24 04:05:00'),('6029beb6-04fe-4dc6-a857-b9d179e54be2','509a2bc9-4038-45a8-9eb6-592dd891f7a0','601d4672-5498-5681-b0af-5c4908a49e91','GET /setup/recover/start/3fa96e21-518b-41b5-aa72-71850cdd202c/c77d5abb-f1ad-4453-bee7-99a5808b0065.json',0,'2024-02-25 13:18:54'),('6033e42a-9ea6-421e-929b-4037abacc43c','509a2bc9-4038-45a8-9eb6-592dd891f7a0','a04f2607-8cb6-56c6-a9cb-6b9c7603bacd','GET /rbacs/me.json',1,'2024-02-25 12:23:16'),('60453dad-7c81-44be-ac53-5ba4427f5b7e','509a2bc9-4038-45a8-9eb6-592dd891f7a0','881ab948-e40f-5a72-91aa-54b442270029','GET /users/me.json',1,'2024-02-24 04:13:47'),('60781078-40dc-42e8-b563-5b006ed0e567','509a2bc9-4038-45a8-9eb6-592dd891f7a0','a8b75aae-cb86-5fda-a8b3-d36ae6155023','GET /gpgkeys.json',1,'2024-02-25 14:25:43'),('6091e48b-ae56-4fc8-a224-f3a54e3b936d','509a2bc9-4038-45a8-9eb6-592dd891f7a0','bef9f3ca-86ef-5c6a-9b38-320e03ceb5df','GET /settings.json',1,'2024-02-18 09:49:41'),('60b0eefe-31ea-4a0c-8dd1-5cdeb69c0026','509a2bc9-4038-45a8-9eb6-592dd891f7a0','6d616537-c449-589d-bebe-b2d5883e9d35','GET /mfa/settings.json',1,'2024-02-25 12:23:16'),('61073d15-58ae-4ff9-90f1-da739c54beab','509a2bc9-4038-45a8-9eb6-592dd891f7a0','881ab948-e40f-5a72-91aa-54b442270029','GET /users/me.json',1,'2024-02-24 05:58:31'),('611073aa-781b-45e3-b7b2-d0f8d10e42c8',NULL,'881ab948-e40f-5a72-91aa-54b442270029','GET /users/me.json',0,'2024-02-18 11:55:59'),('61137533-bdf0-4a57-a772-ef689f765041',NULL,'601d4672-5498-5681-b0af-5c4908a49e91','GET /setup/recover/start/509a2bc9-4038-45a8-9eb6-592dd891f7a0/084fb882-b5f6-4bc0-bba0-5426d9a62fdf',1,'2024-02-26 20:16:46'),('614e84db-e506-40a1-9cb1-31bda25ca2b0','509a2bc9-4038-45a8-9eb6-592dd891f7a0','bef9f3ca-86ef-5c6a-9b38-320e03ceb5df','GET /settings.json',1,'2024-02-26 20:26:45'),('617751ce-df75-41d2-8403-7a41330dc32f','509a2bc9-4038-45a8-9eb6-592dd891f7a0','d7bc9044-a64e-5421-a4d7-7a94eaa39d37','GET /users.json',1,'2024-02-24 03:58:27'),('61a18ef0-50ad-4b3c-89da-96c83a12989d',NULL,'bef9f3ca-86ef-5c6a-9b38-320e03ceb5df','GET /settings.json',1,'2024-10-04 23:55:59'),('61bec2d8-625b-4872-9ccb-cc21843ffce8','509a2bc9-4038-45a8-9eb6-592dd891f7a0','3cffe6ef-ea4c-5bc3-869b-945f26e2601a','GET /groups.json',1,'2024-02-25 12:21:03'),('61d1d260-9416-4fe5-835e-e7faa9ee67f1',NULL,'bef9f3ca-86ef-5c6a-9b38-320e03ceb5df','GET /settings.json',1,'2024-02-18 09:45:34'),('6216c121-9c3f-4d97-bd27-e33a1c0fa8d9',NULL,'bef9f3ca-86ef-5c6a-9b38-320e03ceb5df','GET /settings.json',1,'2024-02-25 14:24:10'),('6292d1a1-ea45-4d93-8104-f18bb1b96cdc','509a2bc9-4038-45a8-9eb6-592dd891f7a0','d7bc9044-a64e-5421-a4d7-7a94eaa39d37','GET /users.json',1,'2024-02-25 14:31:15'),('6298f4a3-ffa8-4414-ae28-5eecce6736f2',NULL,'881ab948-e40f-5a72-91aa-54b442270029','GET /users/me.json',0,'2024-02-20 12:52:25'),('62f6caec-f376-46ca-bc09-7d6b889d14e0','509a2bc9-4038-45a8-9eb6-592dd891f7a0','1035f824-fe76-5a69-b02c-9aa60a31858c','GET /app/passwords',1,'2024-02-24 04:05:21'),('630f3a2f-74a4-4e13-a821-c16b07a17433','509a2bc9-4038-45a8-9eb6-592dd891f7a0','dad1db3f-4fbc-5b3a-9db2-b7413885c30c','GET /app/administration/mfa',1,'2024-02-26 20:23:25'),('63665b29-6e9e-4020-b939-2109e378cb85','509a2bc9-4038-45a8-9eb6-592dd891f7a0','881ab948-e40f-5a72-91aa-54b442270029','GET /users/me.json',1,'2024-02-20 03:00:47'),('6391f536-31c4-45ce-8995-672df578ae55','509a2bc9-4038-45a8-9eb6-592dd891f7a0','53da54b1-9576-52ab-a11f-b2265b5aa455','GET /smtp/settings.json',1,'2024-02-26 20:26:23'),('63a4357d-07ea-47ef-a260-9d4c874c3248','509a2bc9-4038-45a8-9eb6-592dd891f7a0','c506210f-7866-5691-8fc1-58772e8f49f1','GET /resources.json',1,'2024-02-25 12:16:03'),('63e940af-d9fe-439a-93d0-7ff646759e33','509a2bc9-4038-45a8-9eb6-592dd891f7a0','881ab948-e40f-5a72-91aa-54b442270029','GET /users/509a2bc9-4038-45a8-9eb6-592dd891f7a0.json',1,'2024-02-25 14:24:31'),('63f7dab9-ab6a-4cda-9970-1d1e05beef94','509a2bc9-4038-45a8-9eb6-592dd891f7a0','9b473b19-0e3e-5efb-be19-8a1719843762','GET /account/settings.json',1,'2024-02-24 04:05:12'),('63fa77ba-59fe-45b3-a8ca-c0fb15e985f0','509a2bc9-4038-45a8-9eb6-592dd891f7a0','bef9f3ca-86ef-5c6a-9b38-320e03ceb5df','GET /settings.json',1,'2024-02-25 13:15:47'),('644d857a-fd64-4c6c-b31c-225a5f7ae06f','509a2bc9-4038-45a8-9eb6-592dd891f7a0','e38db0b5-838d-5f43-8609-92a25843e9d3','GET /metadata/keys.json',1,'2025-07-01 07:04:05'),('64770e3f-36c3-485c-9116-814423fb0764','3fa96e21-518b-41b5-aa72-71850cdd202c','1cd53591-cb6b-5b03-b0be-05a54644263d','GET /folders.json',1,'2024-02-25 13:10:56'),('647a9132-6e4f-4607-a69a-0f95d51b9441','509a2bc9-4038-45a8-9eb6-592dd891f7a0','83bb8bd8-2006-5546-a3bb-9319ae6e8f9d','GET /resources/a7096389-1980-4acd-a89a-6c84d6bad4a9.json',1,'2024-02-26 20:29:57'),('6487d8a1-8c2e-4652-8cb4-8f2963a32e0c',NULL,'601d4672-5498-5681-b0af-5c4908a49e91','GET /setup/recover/start/3fa96e21-518b-41b5-aa72-71850cdd202c/c77d5abb-f1ad-4453-bee7-99a5808b0065',1,'2024-02-25 13:18:56'),('64927248-7bc5-43ab-ba8b-89b76149df14',NULL,'a3c19ad2-8920-5395-86d0-8567cb34f382','POST /auth/verify.json',1,'2025-07-01 05:49:11'),('64d10bf0-870c-4211-b698-f6b0d904ab32',NULL,'bef9f3ca-86ef-5c6a-9b38-320e03ceb5df','GET /settings.json',1,'2024-02-25 12:39:34'),('64e4d68c-f204-477b-a49d-4b32a28022e3',NULL,'a3c19ad2-8920-5395-86d0-8567cb34f382','POST /auth/verify.json',1,'2024-02-25 11:35:26'),('65110647-2b0f-4841-a7a9-675e3ce95f58',NULL,'bef9f3ca-86ef-5c6a-9b38-320e03ceb5df','GET /settings.json',1,'2025-07-01 05:48:36'),('6550acca-079e-49a0-8064-83002e402fa9','509a2bc9-4038-45a8-9eb6-592dd891f7a0','3cffe6ef-ea4c-5bc3-869b-945f26e2601a','GET /groups.json',1,'2025-07-01 07:04:20'),('65641c0b-7cec-41a3-a3cc-7e7a6eb75a3a','509a2bc9-4038-45a8-9eb6-592dd891f7a0','bef9f3ca-86ef-5c6a-9b38-320e03ceb5df','GET /settings.json',1,'2024-02-25 13:18:41'),('658dfaf9-d8cc-4bd6-bc23-b8464f0db505','509a2bc9-4038-45a8-9eb6-592dd891f7a0','881ab948-e40f-5a72-91aa-54b442270029','GET /users/me.json',1,'2024-02-24 22:13:41'),('658ecbb6-8ec6-491e-b4ea-64b44af46645','509a2bc9-4038-45a8-9eb6-592dd891f7a0','881ab948-e40f-5a72-91aa-54b442270029','GET /users/me.json',1,'2024-02-24 06:13:31'),('65a3eefe-4bfe-4d17-b079-370baa57bdea',NULL,'bef9f3ca-86ef-5c6a-9b38-320e03ceb5df','GET /settings.json',1,'2024-02-18 09:49:44'),('6604333b-b0e3-424b-910d-126f83a26fb3','3fa96e21-518b-41b5-aa72-71850cdd202c','a04f2607-8cb6-56c6-a9cb-6b9c7603bacd','GET /rbacs/me.json',1,'2024-02-25 14:06:30'),('66502765-8172-4896-b895-541855e107af',NULL,'bef9f3ca-86ef-5c6a-9b38-320e03ceb5df','GET /settings.json',1,'2024-10-04 10:00:42'),('66937d72-fbff-48b5-bb41-d74ed72521f8','509a2bc9-4038-45a8-9eb6-592dd891f7a0','9caaba03-49d2-5273-8097-e278234e71e0','GET /settings/emails/notifications.json',1,'2024-02-26 20:26:36'),('66ab1413-6f13-4931-8ef0-d1dfe57096db',NULL,'bef9f3ca-86ef-5c6a-9b38-320e03ceb5df','GET /settings.json',1,'2024-10-04 13:55:45'),('66ab212c-6f29-4d41-b76d-5184ba7c082a','509a2bc9-4038-45a8-9eb6-592dd891f7a0','881ab948-e40f-5a72-91aa-54b442270029','GET /users/me.json',1,'2024-02-27 01:09:02'),('66cd56e4-cb25-4760-89c3-bae50284e900','509a2bc9-4038-45a8-9eb6-592dd891f7a0','1cd53591-cb6b-5b03-b0be-05a54644263d','GET /folders.json',1,'2024-02-20 01:42:26'),('6701180a-bc8d-44d8-96ad-24e13615c1cf','509a2bc9-4038-45a8-9eb6-592dd891f7a0','1cd53591-cb6b-5b03-b0be-05a54644263d','GET /folders.json',1,'2024-02-25 14:30:55'),('6708508d-89da-471b-bfdd-02d7cc7b0816',NULL,'bef9f3ca-86ef-5c6a-9b38-320e03ceb5df','GET /settings.json',1,'2025-07-01 05:57:31'),('672ab795-53fd-48e9-9fa2-5d2cd77e3cd9','509a2bc9-4038-45a8-9eb6-592dd891f7a0','9b473b19-0e3e-5efb-be19-8a1719843762','GET /account/settings.json',1,'2024-02-25 12:46:28'),('675e3e4c-d770-4dcb-8b0b-ac1102343951','509a2bc9-4038-45a8-9eb6-592dd891f7a0','3cffe6ef-ea4c-5bc3-869b-945f26e2601a','GET /groups.json',1,'2024-02-25 12:21:04'),('6777ed44-f493-4a9c-b2d5-d3203304976b','509a2bc9-4038-45a8-9eb6-592dd891f7a0','881ab948-e40f-5a72-91aa-54b442270029','GET /users/me.json',1,'2024-02-26 01:44:07'),('67806f6b-6f0a-4ef4-af67-bd3f7d36ccc2','509a2bc9-4038-45a8-9eb6-592dd891f7a0','a8b75aae-cb86-5fda-a8b3-d36ae6155023','GET /gpgkeys.json',1,'2024-02-25 12:22:18'),('67fb6140-e58c-4685-a518-2452cd5c2112',NULL,'bef9f3ca-86ef-5c6a-9b38-320e03ceb5df','GET /settings.json',1,'2024-02-25 13:11:24'),('682fe174-acb8-48e8-8163-c29c243607d0','509a2bc9-4038-45a8-9eb6-592dd891f7a0','d7bc9044-a64e-5421-a4d7-7a94eaa39d37','GET /users.json',1,'2024-02-20 02:57:47'),('685d8f4a-a53c-4580-a6ce-bd1122099ab6','509a2bc9-4038-45a8-9eb6-592dd891f7a0','1cd53591-cb6b-5b03-b0be-05a54644263d','GET /folders.json',1,'2024-02-18 09:50:05'),('68847bc5-6666-416e-a2fb-594eba26033f','509a2bc9-4038-45a8-9eb6-592dd891f7a0','3cffe6ef-ea4c-5bc3-869b-945f26e2601a','GET /groups.json',1,'2024-02-25 12:20:46'),('68898c82-e9e2-4fcf-ba7a-290faff79c34','509a2bc9-4038-45a8-9eb6-592dd891f7a0','bef9f3ca-86ef-5c6a-9b38-320e03ceb5df','GET /settings.json',1,'2024-02-25 13:18:39'),('68bcc85b-a0b0-41ba-aa75-a3a8581aa708',NULL,'a3c19ad2-8920-5395-86d0-8567cb34f382','POST /auth/login.json',1,'2024-02-18 09:48:44'),('68d6e153-e28a-4052-b53a-8adb731afb04',NULL,'bef9f3ca-86ef-5c6a-9b38-320e03ceb5df','GET /settings.json',1,'2024-10-04 17:01:53'),('696800eb-2ffa-478d-9669-ee7180fadd6f','509a2bc9-4038-45a8-9eb6-592dd891f7a0','748dcd10-7d15-5498-9aa6-d26de348ff02','GET /auth/verify.json',1,'2024-02-25 13:09:40'),('6994cedd-7a2a-4acd-9fcd-dc4e46965f6b',NULL,'881ab948-e40f-5a72-91aa-54b442270029','GET /users/me.json',0,'2024-02-19 02:35:17'),('699b6047-1088-46eb-accf-1b653276783a',NULL,'601d4672-5498-5681-b0af-5c4908a49e91','GET /setup/recover/start/3fa96e21-518b-41b5-aa72-71850cdd202c/c77d5abb-f1ad-4453-bee7-99a5808b0065',1,'2024-02-25 13:18:58'),('69a05588-d5fd-400e-bd43-e4c751f12611','509a2bc9-4038-45a8-9eb6-592dd891f7a0','881ab948-e40f-5a72-91aa-54b442270029','GET /users/me.json',1,'2024-02-24 23:43:26'),('69c9897b-d6e7-4421-96da-1dbb9276fb49',NULL,'a3c19ad2-8920-5395-86d0-8567cb34f382','POST /auth/verify.json',1,'2024-02-24 04:04:21'),('6a20b061-8958-441c-bd69-480b0819e684','509a2bc9-4038-45a8-9eb6-592dd891f7a0','c506210f-7866-5691-8fc1-58772e8f49f1','GET /resources.json',1,'2024-10-04 02:23:52'),('6a68b6b1-38ce-4509-a31f-013aa47b9ea8','509a2bc9-4038-45a8-9eb6-592dd891f7a0','97f3b758-d327-5be8-a6d8-44e52ff9d450','PUT /groups/696127bd-8252-4d38-b5f3-5a9c8efe97fa/dry-run.json',1,'2024-02-25 12:22:24'),('6a68f0e2-6fa2-4caa-9cdd-24b619f1de61','509a2bc9-4038-45a8-9eb6-592dd891f7a0','19f9a792-3495-597b-bc94-dff1bc3e3967','POST /auth/logout.json',1,'2024-02-24 04:04:14'),('6af3cfbc-1566-4628-92a3-7e2ba66ca9e0','509a2bc9-4038-45a8-9eb6-592dd891f7a0','a3c19ad2-8920-5395-86d0-8567cb34f382','POST /auth/login.json',1,'2024-02-25 13:13:48'),('6b261e3a-61dd-4be1-9814-4ab2e7c1a7f6','509a2bc9-4038-45a8-9eb6-592dd891f7a0','1035f824-fe76-5a69-b02c-9aa60a31858c','GET /app/users',1,'2024-02-25 13:04:44'),('6b3a26a1-0fb5-48d1-bd11-03de07f49fc1',NULL,'881ab948-e40f-5a72-91aa-54b442270029','GET /users/me.json',0,'2024-02-18 21:20:16'),('6b3e87fd-46a9-4b98-b100-4fa8e6155b13',NULL,'881ab948-e40f-5a72-91aa-54b442270029','GET /users/me.json',0,'2024-02-19 13:21:15'),('6b5a14ea-db70-4f85-81c0-19d7b587c476','509a2bc9-4038-45a8-9eb6-592dd891f7a0','881ab948-e40f-5a72-91aa-54b442270029','GET /users/509a2bc9-4038-45a8-9eb6-592dd891f7a0.json',1,'2024-02-18 09:48:50'),('6b7689fd-dccc-4851-9632-ba62ad397df9','509a2bc9-4038-45a8-9eb6-592dd891f7a0','30237a18-fd12-5935-b1be-1e2a62ccb71d','GET /roles.json',1,'2024-02-25 12:26:08'),('6b88b921-ed1d-4cfc-873c-c9c1007c35c7',NULL,'a3c19ad2-8920-5395-86d0-8567cb34f382','POST /auth/verify.json',1,'2024-02-24 03:58:14'),('6be87010-c1df-4671-8885-2f3c245b5b9f',NULL,'881ab948-e40f-5a72-91aa-54b442270029','GET /users/me.json',0,'2024-02-18 15:50:38'),('6c5a7354-dede-41c7-8574-ad00b3318e6f','509a2bc9-4038-45a8-9eb6-592dd891f7a0','881ab948-e40f-5a72-91aa-54b442270029','GET /users/me.json',1,'2024-02-26 20:23:25'),('6c6251c0-9a4f-4256-b4a1-994692d3dc03','509a2bc9-4038-45a8-9eb6-592dd891f7a0','d7bc9044-a64e-5421-a4d7-7a94eaa39d37','GET /users.json',1,'2024-02-25 12:23:03'),('6cc1642c-6080-44c3-8605-a1a6bfc7be74','509a2bc9-4038-45a8-9eb6-592dd891f7a0','881ab948-e40f-5a72-91aa-54b442270029','GET /users/me.json',1,'2024-02-25 05:28:53'),('6cd9d4bf-89b8-438c-ba3e-d8884b8252f1','509a2bc9-4038-45a8-9eb6-592dd891f7a0','748dcd10-7d15-5498-9aa6-d26de348ff02','GET /auth/verify.json',1,'2024-02-25 13:18:56'),('6d20e5f0-9079-44ae-b707-2d58ebf49ce1','509a2bc9-4038-45a8-9eb6-592dd891f7a0','3cffe6ef-ea4c-5bc3-869b-945f26e2601a','GET /groups.json',1,'2024-02-25 12:17:39'),('6d21d106-b3c1-40cb-8f84-804bdb3d09e3',NULL,'bef9f3ca-86ef-5c6a-9b38-320e03ceb5df','GET /settings.json',1,'2024-02-25 13:14:49'),('6d4484e9-ff08-4b34-bfe4-a65d94926b8f','509a2bc9-4038-45a8-9eb6-592dd891f7a0','9b473b19-0e3e-5efb-be19-8a1719843762','GET /account/settings.json',1,'2024-02-27 00:38:48'),('6d651882-53f5-4dcb-8da2-ca460b98c4b3',NULL,'a3c19ad2-8920-5395-86d0-8567cb34f382','POST /auth/verify.json',1,'2025-07-01 05:47:30'),('6d6ef59b-5a2f-4d82-9c4a-091cf15c5cb7','509a2bc9-4038-45a8-9eb6-592dd891f7a0','c506210f-7866-5691-8fc1-58772e8f49f1','GET /resources.json',1,'2024-02-25 12:16:27'),('6d7d6c15-90f3-455d-8960-4e23d7e9f4f2','509a2bc9-4038-45a8-9eb6-592dd891f7a0','a8b75aae-cb86-5fda-a8b3-d36ae6155023','GET /gpgkeys.json',1,'2024-02-25 12:22:08'),('6dc82f01-0d7c-48af-8696-c8d71f2f2893','509a2bc9-4038-45a8-9eb6-592dd891f7a0','881ab948-e40f-5a72-91aa-54b442270029','GET /users/me.json',1,'2024-02-25 09:13:47'),('6dd3c522-48df-43d0-9449-732cd68255ce','509a2bc9-4038-45a8-9eb6-592dd891f7a0','881ab948-e40f-5a72-91aa-54b442270029','GET /users/me.json',1,'2024-02-24 21:43:41'),('6dfcbcf1-caec-4646-a706-32213d90e646','3fa96e21-518b-41b5-aa72-71850cdd202c','601d4672-5498-5681-b0af-5c4908a49e91','GET /setup/recover/3fa96e21-518b-41b5-aa72-71850cdd202c/c77d5abb-f1ad-4453-bee7-99a5808b0065.json',1,'2024-02-25 13:18:42'),('6e7dafb1-a7f6-4c10-b69e-172abf6fb4dc','509a2bc9-4038-45a8-9eb6-592dd891f7a0','3cffe6ef-ea4c-5bc3-869b-945f26e2601a','GET /groups.json',1,'2024-02-25 12:23:05'),('6e842919-1bf1-4846-8898-8f0cba64c508','509a2bc9-4038-45a8-9eb6-592dd891f7a0','881ab948-e40f-5a72-91aa-54b442270029','GET /users/me.json',1,'2024-02-24 07:28:53'),('6e96e5fb-1f7e-4004-954e-04684bffb921','509a2bc9-4038-45a8-9eb6-592dd891f7a0','881ab948-e40f-5a72-91aa-54b442270029','GET /users/me.json',1,'2024-02-24 17:58:41'),('6eb8dc3b-6729-43ae-9da0-e78b8191e032','509a2bc9-4038-45a8-9eb6-592dd891f7a0','c506210f-7866-5691-8fc1-58772e8f49f1','GET /resources.json',1,'2024-02-25 12:16:54'),('6f0a5aac-73a5-4b02-9880-a1a38739b3af',NULL,'1c717cd7-d236-55c4-a068-b9a0923b1927','POST /users/recover.json',1,'2024-02-24 04:08:37'),('6f220228-3231-4bdb-a003-cebb27e097e9','3fa96e21-518b-41b5-aa72-71850cdd202c','1035f824-fe76-5a69-b02c-9aa60a31858c','GET /',1,'2024-02-25 14:06:30'),('6f5821f5-7f70-4fd9-aea8-22ed9e7d5dd4','509a2bc9-4038-45a8-9eb6-592dd891f7a0','a8b75aae-cb86-5fda-a8b3-d36ae6155023','GET /gpgkeys.json',1,'2024-02-25 14:25:02'),('6fb62010-b566-41dd-8f50-2cdb789bdcb9',NULL,'bef9f3ca-86ef-5c6a-9b38-320e03ceb5df','GET /settings.json',1,'2025-07-01 06:18:15'),('6fd6c05d-223a-48ec-8bda-dd60ecf601d4','509a2bc9-4038-45a8-9eb6-592dd891f7a0','881ab948-e40f-5a72-91aa-54b442270029','GET /users/me.json',1,'2024-02-20 09:16:07'),('6ff9d215-6d4d-4007-bc9e-88536f2d8d3a','509a2bc9-4038-45a8-9eb6-592dd891f7a0','881ab948-e40f-5a72-91aa-54b442270029','GET /users/509a2bc9-4038-45a8-9eb6-592dd891f7a0.json',1,'2024-02-26 20:22:02'),('70141c5f-06de-44b9-a220-46d59970f437',NULL,'bef9f3ca-86ef-5c6a-9b38-320e03ceb5df','GET /settings.json',1,'2024-02-26 20:15:41'),('703a2888-9aac-4d08-8a78-445ec8ce51ee',NULL,'bef9f3ca-86ef-5c6a-9b38-320e03ceb5df','GET /settings.json',1,'2024-02-25 14:24:18'),('7048c4fa-fc0c-43ca-9168-aa36bb643dea',NULL,'bef9f3ca-86ef-5c6a-9b38-320e03ceb5df','GET /settings.json',1,'2024-02-24 03:58:09'),('711bc940-fcef-4e71-b9bf-830747a2d26b','509a2bc9-4038-45a8-9eb6-592dd891f7a0','881ab948-e40f-5a72-91aa-54b442270029','GET /users/me.json',1,'2024-02-25 12:23:15'),('712bfa1e-8d2f-4c9b-afc6-7deaef9c37c1','509a2bc9-4038-45a8-9eb6-592dd891f7a0','dad1db3f-4fbc-5b3a-9db2-b7413885c30c','GET /app/administration/rbacs',1,'2024-02-25 12:43:45'),('713d927b-f5d3-4d08-8e19-b8992e9aad8e','509a2bc9-4038-45a8-9eb6-592dd891f7a0','c506210f-7866-5691-8fc1-58772e8f49f1','GET /resources.json',1,'2024-02-27 00:38:49'),('71472856-4656-4baf-ad9a-0a71ffe7a29a','509a2bc9-4038-45a8-9eb6-592dd891f7a0','a04f2607-8cb6-56c6-a9cb-6b9c7603bacd','GET /rbacs/me.json',1,'2024-02-18 09:50:05'),('715761c5-216d-40b4-99f6-c1fa743c7a62','509a2bc9-4038-45a8-9eb6-592dd891f7a0','bef9f3ca-86ef-5c6a-9b38-320e03ceb5df','GET /settings.json',1,'2024-10-04 02:57:21'),('718d0ca6-b0af-4795-8c1e-730ce22f0ba0','509a2bc9-4038-45a8-9eb6-592dd891f7a0','1cd53591-cb6b-5b03-b0be-05a54644263d','GET /folders.json',1,'2024-02-20 03:04:39'),('71e21377-eae8-4bdb-81f6-934483bb7a4e','509a2bc9-4038-45a8-9eb6-592dd891f7a0','4f7dc567-b5aa-5226-bd33-740d11f451ea','GET /rbacs.json',1,'2024-02-26 20:25:08'),('71e2a1a8-10ad-4daa-b451-1b5ffa4fd0be','509a2bc9-4038-45a8-9eb6-592dd891f7a0','881ab948-e40f-5a72-91aa-54b442270029','GET /users/me.json',1,'2024-02-24 14:13:40'),('71ff3897-64a3-4024-8245-965a8c900909','509a2bc9-4038-45a8-9eb6-592dd891f7a0','9b473b19-0e3e-5efb-be19-8a1719843762','GET /account/settings.json',1,'2024-02-25 13:04:45'),('72050d2b-9d1c-4a8b-ae7a-a212cc049460','509a2bc9-4038-45a8-9eb6-592dd891f7a0','881ab948-e40f-5a72-91aa-54b442270029','GET /users/me.json',1,'2024-02-20 10:16:01'),('72306b05-1b33-4e6f-89a0-458856547be2','509a2bc9-4038-45a8-9eb6-592dd891f7a0','881ab948-e40f-5a72-91aa-54b442270029','GET /users/me.json',1,'2024-02-25 02:28:48'),('723b019d-7f3f-4178-b9f4-b4b18de88b93','509a2bc9-4038-45a8-9eb6-592dd891f7a0','1cd53591-cb6b-5b03-b0be-05a54644263d','GET /folders.json',1,'2024-02-25 12:23:06'),('72464304-c4da-4774-8c39-a2214a7f2389','509a2bc9-4038-45a8-9eb6-592dd891f7a0','6d616537-c449-589d-bebe-b2d5883e9d35','GET /mfa/settings.json',1,'2024-02-26 20:24:59'),('726e9cdb-0c9c-494c-a6b6-cdc3348f0908','509a2bc9-4038-45a8-9eb6-592dd891f7a0','1cd53591-cb6b-5b03-b0be-05a54644263d','GET /folders.json',1,'2024-02-25 14:32:10'),('727343f2-df31-4ef0-a540-4f2f820305d0','509a2bc9-4038-45a8-9eb6-592dd891f7a0','881ab948-e40f-5a72-91aa-54b442270029','GET /users/me.json',1,'2024-02-24 04:28:31'),('728d663f-d85c-43f9-a2a0-1fcf26dbc66d',NULL,'bef9f3ca-86ef-5c6a-9b38-320e03ceb5df','GET /settings.json',1,'2024-10-04 23:44:18'),('7294649a-ffa1-4909-ab70-fa3a744d5f48','509a2bc9-4038-45a8-9eb6-592dd891f7a0','30237a18-fd12-5935-b1be-1e2a62ccb71d','GET /roles.json',1,'2024-02-24 03:58:26'),('72b1d4a5-0c9c-48cc-b986-930463539c9e',NULL,'881ab948-e40f-5a72-91aa-54b442270029','GET /users/me.json',0,'2024-02-19 02:05:31'),('72d88378-191a-44a4-903d-5c8695c44757','509a2bc9-4038-45a8-9eb6-592dd891f7a0','c506210f-7866-5691-8fc1-58772e8f49f1','GET /resources.json',1,'2024-02-26 20:38:51'),('7303de21-fedd-4202-80bb-4768d5189b24',NULL,'881ab948-e40f-5a72-91aa-54b442270029','GET /users/me.json',0,'2024-02-19 06:35:26'),('732f303e-dbe1-4b98-885f-9c2619e4b98f','509a2bc9-4038-45a8-9eb6-592dd891f7a0','881ab948-e40f-5a72-91aa-54b442270029','GET /users/me.json',1,'2024-10-04 02:53:49'),('7351a5c5-78de-48e9-8e40-dc61a6f7010b','509a2bc9-4038-45a8-9eb6-592dd891f7a0','a04f2607-8cb6-56c6-a9cb-6b9c7603bacd','GET /rbacs/me.json',1,'2024-02-18 09:48:50'),('73bcabf3-4a00-4993-ab86-62f64fcc6010','3fa96e21-518b-41b5-aa72-71850cdd202c','601d4672-5498-5681-b0af-5c4908a49e91','GET /setup/recover/3fa96e21-518b-41b5-aa72-71850cdd202c/c77d5abb-f1ad-4453-bee7-99a5808b0065.json',1,'2024-02-25 13:18:59'),('73d65798-6d41-4288-8c97-ae69869bb695','509a2bc9-4038-45a8-9eb6-592dd891f7a0','881ab948-e40f-5a72-91aa-54b442270029','GET /users/me.json',1,'2024-02-24 12:58:37'),('744a33be-5b4c-40c4-a39b-04d88c720898',NULL,'881ab948-e40f-5a72-91aa-54b442270029','GET /users/me.json',0,'2024-02-19 06:50:14'),('74502157-29dd-40d8-b160-f9054b27228c','509a2bc9-4038-45a8-9eb6-592dd891f7a0','bef9f3ca-86ef-5c6a-9b38-320e03ceb5df','GET /settings.json',1,'2024-02-26 20:45:19'),('74579ca5-b73f-446a-b7c4-073e31d4f7ca','509a2bc9-4038-45a8-9eb6-592dd891f7a0','d7bc9044-a64e-5421-a4d7-7a94eaa39d37','GET /users.json',1,'2024-02-25 12:21:05'),('74770966-f33d-4bf2-acac-5534f14926b3',NULL,'881ab948-e40f-5a72-91aa-54b442270029','GET /users/me.json',0,'2024-02-25 11:59:03'),('749b5663-4031-407d-9322-9f28f3709cc0',NULL,'a3c19ad2-8920-5395-86d0-8567cb34f382','POST /auth/login.json',1,'2024-02-25 13:13:48'),('750cbdf7-e972-4be2-91c7-6948a9004c48','509a2bc9-4038-45a8-9eb6-592dd891f7a0','1035f824-fe76-5a69-b02c-9aa60a31858c','GET /app/settings/theme',1,'2024-02-26 20:24:12'),('75396c83-b1e0-49b1-91b8-6a4b5a3b0309','509a2bc9-4038-45a8-9eb6-592dd891f7a0','1cd53591-cb6b-5b03-b0be-05a54644263d','GET /folders.json',1,'2024-02-24 03:58:27'),('754a4241-526e-4297-b5f3-25045ed9a2a7','509a2bc9-4038-45a8-9eb6-592dd891f7a0','30237a18-fd12-5935-b1be-1e2a62ccb71d','GET /roles.json',1,'2024-02-27 00:38:48'),('755b674e-74c2-4ab7-acc5-db0d13c9b124','509a2bc9-4038-45a8-9eb6-592dd891f7a0','a04f2607-8cb6-56c6-a9cb-6b9c7603bacd','GET /rbacs/me.json',1,'2024-02-25 12:24:27'),('75859272-f00d-4a6d-8f51-0018d8ae2690','509a2bc9-4038-45a8-9eb6-592dd891f7a0','6d616537-c449-589d-bebe-b2d5883e9d35','GET /mfa/settings.json',1,'2024-02-18 09:49:34'),('75ce1e25-7e6d-4a4d-ab70-4bb96d0e7635','509a2bc9-4038-45a8-9eb6-592dd891f7a0','881ab948-e40f-5a72-91aa-54b442270029','GET /users/me.json',1,'2024-02-27 02:24:04'),('75fd2796-577a-48a5-b6d1-10e4492a7a94',NULL,'25846782-ae10-560b-a266-fea0e238b097','GET /users/recover',1,'2025-07-01 06:18:14'),('75fece91-a013-46ba-a640-3cdbb17cba30','509a2bc9-4038-45a8-9eb6-592dd891f7a0','3cffe6ef-ea4c-5bc3-869b-945f26e2601a','GET /groups.json',1,'2024-02-20 02:21:38'),('76277499-693c-4b54-b463-b18168e387d1',NULL,'bef9f3ca-86ef-5c6a-9b38-320e03ceb5df','GET /settings.json',1,'2024-10-05 00:00:33'),('7654272e-8fbb-46f6-bb51-7b151659903f','509a2bc9-4038-45a8-9eb6-592dd891f7a0','d161a38f-c522-5984-85ff-17c78b2a3bb5','PUT /share/folder/b515b708-a4a5-4b9e-99ef-6c39e5410ae1.json',1,'2024-02-20 01:42:25'),('76ad35e2-dc87-430a-92a2-0a60f1396e93',NULL,'bef9f3ca-86ef-5c6a-9b38-320e03ceb5df','GET /settings.json',1,'2024-02-25 14:05:34'),('76ef4f03-59f8-48d3-8e9d-e0cd1d3ce044','509a2bc9-4038-45a8-9eb6-592dd891f7a0','1cd53591-cb6b-5b03-b0be-05a54644263d','GET /folders.json',1,'2024-02-20 01:42:39'),('76f4cde3-22f7-4138-9be7-9182a84c9e36','509a2bc9-4038-45a8-9eb6-592dd891f7a0','3cffe6ef-ea4c-5bc3-869b-945f26e2601a','GET /groups.json',1,'2024-02-20 03:04:39'),('77090607-4d69-4c95-821a-443faadb35ca','509a2bc9-4038-45a8-9eb6-592dd891f7a0','058f384b-6685-55ac-8e82-9b0579a4e210','GET /account/settings/themes.json',1,'2024-02-26 20:24:11'),('77563d54-0d67-41f3-97b0-2b9521825b68','509a2bc9-4038-45a8-9eb6-592dd891f7a0','d7bc9044-a64e-5421-a4d7-7a94eaa39d37','GET /users.json',1,'2024-02-24 04:05:12'),('776a6a50-bb64-4f18-9db4-bfc86b15b828','509a2bc9-4038-45a8-9eb6-592dd891f7a0','02e18a01-42f6-5e5d-b18f-2ee9070e3b9d','POST /folders.json',1,'2024-02-20 01:42:39'),('778166ce-2ecc-4fe3-b85d-095223aaaf9f','509a2bc9-4038-45a8-9eb6-592dd891f7a0','881ab948-e40f-5a72-91aa-54b442270029','GET /users/me.json',1,'2024-02-25 07:13:53'),('77a840ec-3561-4b34-8f48-981ebbba4d46',NULL,'748dcd10-7d15-5498-9aa6-d26de348ff02','GET /auth/verify.json',1,'2025-07-01 05:57:32'),('77c8183a-b35b-4709-b9fe-0ffef7935e77','509a2bc9-4038-45a8-9eb6-592dd891f7a0','601d4672-5498-5681-b0af-5c4908a49e91','GET /setup/recover/start/3fa96e21-518b-41b5-aa72-71850cdd202c/c77d5abb-f1ad-4453-bee7-99a5808b0065.json',0,'2024-02-25 13:18:39'),('77f12045-6997-4d39-aa65-4a30a518a9e8','509a2bc9-4038-45a8-9eb6-592dd891f7a0','881ab948-e40f-5a72-91aa-54b442270029','GET /users/me.json',1,'2024-02-24 09:43:48'),('78261b09-b4f8-49ce-a351-2f556225cd80','509a2bc9-4038-45a8-9eb6-592dd891f7a0','1cd53591-cb6b-5b03-b0be-05a54644263d','GET /folders.json',1,'2024-02-25 12:16:27'),('7851891a-3388-4fb9-810d-f311e0eacb57','3fa96e21-518b-41b5-aa72-71850cdd202c','1cd53591-cb6b-5b03-b0be-05a54644263d','GET /folders.json',1,'2024-02-25 13:10:41'),('7873fcf2-ea2e-41df-9a51-bcea4c332111','509a2bc9-4038-45a8-9eb6-592dd891f7a0','3cffe6ef-ea4c-5bc3-869b-945f26e2601a','GET /groups.json',1,'2024-02-20 01:15:48'),('7892a191-ee09-467d-95b6-437ba32c85f4','509a2bc9-4038-45a8-9eb6-592dd891f7a0','bef9f3ca-86ef-5c6a-9b38-320e03ceb5df','GET /settings.json',1,'2024-02-25 12:24:36'),('79878e7c-d013-4eb0-afef-086875f4ff93',NULL,'8fa02019-e0f1-5de9-a680-7a2601caf27c','POST /self-registration/dry-run.json',0,'2025-07-01 06:26:06'),('79a014a9-52da-4c96-9992-39d7dd63bede','509a2bc9-4038-45a8-9eb6-592dd891f7a0','d7bc9044-a64e-5421-a4d7-7a94eaa39d37','GET /users.json',1,'2024-02-24 04:06:30'),('79ad767a-1a12-4723-b0df-668a79ae5285','509a2bc9-4038-45a8-9eb6-592dd891f7a0','881ab948-e40f-5a72-91aa-54b442270029','GET /users/me.json',1,'2024-02-20 03:16:03'),('79b55c6c-6da2-4be8-874a-fa09c9cd882c',NULL,'25846782-ae10-560b-a266-fea0e238b097','GET /users/recover',1,'2024-02-25 12:36:13'),('79b67c25-f61e-4213-ab05-e8f5343c42e9',NULL,'bef9f3ca-86ef-5c6a-9b38-320e03ceb5df','GET /settings.json',1,'2024-02-25 12:39:34'),('79f700f8-6a01-4647-95ae-3eed874df891','509a2bc9-4038-45a8-9eb6-592dd891f7a0','881ab948-e40f-5a72-91aa-54b442270029','GET /users/me.json',1,'2024-02-24 04:58:31'),('7a03b8ea-dabe-4eb8-b9ab-5c1b93e90bf4','509a2bc9-4038-45a8-9eb6-592dd891f7a0','53da54b1-9576-52ab-a11f-b2265b5aa455','GET /smtp/settings.json',1,'2024-02-25 12:54:48'),('7a3dab19-b10e-4472-bb1a-027c18752683',NULL,'a3c19ad2-8920-5395-86d0-8567cb34f382','POST /auth/verify.json',1,'2024-02-25 12:39:35'),('7a410d00-66cb-4b3c-8904-1ed164e2c2d0',NULL,'bef9f3ca-86ef-5c6a-9b38-320e03ceb5df','GET /settings.json',1,'2024-02-18 09:47:20'),('7a463351-64ba-4052-bd9a-145d978397a1','509a2bc9-4038-45a8-9eb6-592dd891f7a0','881ab948-e40f-5a72-91aa-54b442270029','GET /users/509a2bc9-4038-45a8-9eb6-592dd891f7a0.json',1,'2024-10-04 02:23:51'),('7a8d96e4-9543-4441-9602-1b8d38673362','509a2bc9-4038-45a8-9eb6-592dd891f7a0','6729d30a-1efa-53a4-8c03-e7542b2fedbe','GET /password-expiry/settings.json',1,'2024-02-26 00:43:55'),('7a948dd5-0c70-4c7b-853a-029e7ffe7fbf',NULL,'bef9f3ca-86ef-5c6a-9b38-320e03ceb5df','GET /settings.json',1,'2024-10-04 09:45:34'),('7a989f04-f4ef-4802-9729-857862ff0995','509a2bc9-4038-45a8-9eb6-592dd891f7a0','881ab948-e40f-5a72-91aa-54b442270029','GET /users/me.json',1,'2024-02-25 07:28:53'),('7b07a07c-b187-4b48-984b-28cad8dbb9a8','509a2bc9-4038-45a8-9eb6-592dd891f7a0','dad1db3f-4fbc-5b3a-9db2-b7413885c30c','GET /app/administration/mfa',1,'2024-02-24 04:04:32'),('7b52b70f-27c4-487c-a39a-b04ac69fcd57','509a2bc9-4038-45a8-9eb6-592dd891f7a0','d7bc9044-a64e-5421-a4d7-7a94eaa39d37','GET /users.json',1,'2024-02-25 13:04:45'),('7b670991-7980-412e-985d-b850be49361c','509a2bc9-4038-45a8-9eb6-592dd891f7a0','9b473b19-0e3e-5efb-be19-8a1719843762','GET /account/settings.json',1,'2024-02-24 04:05:16'),('7bb86155-b763-4e3c-9144-798e633a23ba','509a2bc9-4038-45a8-9eb6-592dd891f7a0','881ab948-e40f-5a72-91aa-54b442270029','GET /users/509a2bc9-4038-45a8-9eb6-592dd891f7a0.json',1,'2024-02-25 12:08:29'),('7bc680d6-4b1a-4c34-a033-aad98f471de9',NULL,'bef9f3ca-86ef-5c6a-9b38-320e03ceb5df','GET /settings.json',1,'2024-10-04 10:32:05'),('7bcab0ba-2500-4e61-b609-a514b1dc44bb','509a2bc9-4038-45a8-9eb6-592dd891f7a0','881ab948-e40f-5a72-91aa-54b442270029','GET /users/me.json',1,'2024-02-20 09:46:01'),('7bd0eecd-1612-4105-936d-03ed30889fa5','509a2bc9-4038-45a8-9eb6-592dd891f7a0','3cffe6ef-ea4c-5bc3-869b-945f26e2601a','GET /groups.json',1,'2024-02-18 09:48:50'),('7bd7ee5a-78e6-4c53-a8ad-8fce59d6fafd','509a2bc9-4038-45a8-9eb6-592dd891f7a0','881ab948-e40f-5a72-91aa-54b442270029','GET /users/me.json',1,'2024-02-25 04:13:53'),('7be2e5af-5019-4259-a8b0-69634459f6c5','509a2bc9-4038-45a8-9eb6-592dd891f7a0','881ab948-e40f-5a72-91aa-54b442270029','GET /users/me.json',1,'2024-02-26 00:59:01'),('7be3d03a-b293-4a31-9645-9da0faee8516',NULL,'601d4672-5498-5681-b0af-5c4908a49e91','GET /setup/recover/start/3fa96e21-518b-41b5-aa72-71850cdd202c/c77d5abb-f1ad-4453-bee7-99a5808b0065',1,'2024-02-25 13:15:53'),('7ca678ad-70c8-4368-9c30-e160229079bb',NULL,'a3c19ad2-8920-5395-86d0-8567cb34f382','POST /auth/verify.json',1,'2024-02-25 13:11:30'),('7cd0a3b5-dff2-41e3-ae45-0b7dd720f550','509a2bc9-4038-45a8-9eb6-592dd891f7a0','3cffe6ef-ea4c-5bc3-869b-945f26e2601a','GET /groups.json',1,'2024-02-24 04:05:22'),('7d008694-5eb1-4c68-900e-21bec2ea7574','509a2bc9-4038-45a8-9eb6-592dd891f7a0','bef9f3ca-86ef-5c6a-9b38-320e03ceb5df','GET /settings.json',1,'2025-07-01 06:56:27'),('7d0adb17-ea2a-4a27-b91e-7c1cae371977','509a2bc9-4038-45a8-9eb6-592dd891f7a0','1cd53591-cb6b-5b03-b0be-05a54644263d','GET /folders.json',1,'2024-02-20 01:42:25'),('7d40fb90-9dbb-41d6-8f35-83f4fc7f4a89','509a2bc9-4038-45a8-9eb6-592dd891f7a0','1cd53591-cb6b-5b03-b0be-05a54644263d','GET /folders.json',1,'2024-02-25 12:16:54'),('7d4415f0-56fc-4f17-bd55-c88d66e72ae8',NULL,'1c717cd7-d236-55c4-a068-b9a0923b1927','POST /users/recover.json',1,'2024-02-25 13:14:14'),('7d73b100-7559-4805-9ba0-8804e37855b1','509a2bc9-4038-45a8-9eb6-592dd891f7a0','c506210f-7866-5691-8fc1-58772e8f49f1','GET /resources.json',1,'2024-02-25 12:17:47'),('7db71681-8140-46eb-9ff6-d928d49fe4a1','509a2bc9-4038-45a8-9eb6-592dd891f7a0','881ab948-e40f-5a72-91aa-54b442270029','GET /users/me.json',1,'2024-02-26 03:14:28'),('7dc7bed7-f66f-415d-8da4-c7fc254238e5','509a2bc9-4038-45a8-9eb6-592dd891f7a0','9b473b19-0e3e-5efb-be19-8a1719843762','GET /account/settings.json',1,'2024-02-18 09:50:08'),('7de54ee7-7c9e-404f-aa2f-a6d1b3469bbc','509a2bc9-4038-45a8-9eb6-592dd891f7a0','19f9a792-3495-597b-bc94-dff1bc3e3967','POST /auth/logout.json',1,'2024-02-24 04:04:50'),('7df2ecf8-47c3-4d2f-86be-355b97083e44','509a2bc9-4038-45a8-9eb6-592dd891f7a0','c506210f-7866-5691-8fc1-58772e8f49f1','GET /resources.json',1,'2024-02-25 14:32:10'),('7df9fe7a-7e88-4a1b-91dc-493c2fb1bf81','509a2bc9-4038-45a8-9eb6-592dd891f7a0','6d616537-c449-589d-bebe-b2d5883e9d35','GET /mfa/settings.json',1,'2024-02-26 20:23:25'),('7e06d55a-736b-4696-87c9-5565c11e412e','509a2bc9-4038-45a8-9eb6-592dd891f7a0','3cffe6ef-ea4c-5bc3-869b-945f26e2601a','GET /groups.json',1,'2024-02-20 03:00:01'),('7e0999e7-3af3-4246-bb1e-2fb061bb2977','509a2bc9-4038-45a8-9eb6-592dd891f7a0','881ab948-e40f-5a72-91aa-54b442270029','GET /users/me.json',1,'2024-10-04 03:38:49'),('7e284a3e-328e-4796-8607-adefbe931351','3fa96e21-518b-41b5-aa72-71850cdd202c','601d4672-5498-5681-b0af-5c4908a49e91','GET /setup/recover/3fa96e21-518b-41b5-aa72-71850cdd202c/c77d5abb-f1ad-4453-bee7-99a5808b0065.json',1,'2024-02-25 13:18:55'),('7e2c15e3-50c4-4e12-a6e3-ea34eb0152bf','509a2bc9-4038-45a8-9eb6-592dd891f7a0','12c1b158-0100-53d8-a979-83d3cc4a86bc','GET /metadata/types/settings.json',1,'2025-07-01 07:04:10'),('7e3440ea-7116-44ca-acbf-e2efef250ed9','509a2bc9-4038-45a8-9eb6-592dd891f7a0','dad1db3f-4fbc-5b3a-9db2-b7413885c30c','GET /app/administration/mfa',1,'2024-02-26 20:24:59'),('7e519cd5-cc51-4c0e-916b-a1b36372e474','509a2bc9-4038-45a8-9eb6-592dd891f7a0','881ab948-e40f-5a72-91aa-54b442270029','GET /users/me.json',1,'2024-02-24 06:28:31'),('7e8ae24b-886f-4fd0-9267-6e1237eb038c',NULL,'a3c19ad2-8920-5395-86d0-8567cb34f382','POST /auth/verify.json',1,'2025-07-01 05:49:13'),('7ec7419a-2d39-4510-ab6a-cbce6a264183','509a2bc9-4038-45a8-9eb6-592dd891f7a0','d7bc9044-a64e-5421-a4d7-7a94eaa39d37','GET /users.json',1,'2024-02-20 02:21:38'),('7f0c0e4f-f5e1-42f4-b55f-3291771a52dc',NULL,'bef9f3ca-86ef-5c6a-9b38-320e03ceb5df','GET /settings.json',1,'2024-10-04 11:29:06'),('7f364be2-39b3-4900-a924-781eb4fccb39',NULL,'bef9f3ca-86ef-5c6a-9b38-320e03ceb5df','GET /settings.json',1,'2024-02-25 13:11:00'),('7f4b9f8d-b147-438c-8fdc-4926d5905640',NULL,'bef9f3ca-86ef-5c6a-9b38-320e03ceb5df','GET /settings.json',1,'2024-10-04 15:05:57'),('7f4f01ce-df91-4ca5-b3c6-8e90134723d6','509a2bc9-4038-45a8-9eb6-592dd891f7a0','881ab948-e40f-5a72-91aa-54b442270029','GET /users/me.json',1,'2024-02-24 19:13:41'),('7fbf587a-8879-4f54-bd47-fc730cad6506','509a2bc9-4038-45a8-9eb6-592dd891f7a0','50ca4a19-b782-5842-bd2b-f59e9ff4eef9','GET /setup/install/3fa96e21-518b-41b5-aa72-71850cdd202c/9f50a255-aab6-4ed2-87a9-6d040a2dfb9a.json',0,'2024-02-25 13:09:41'),('7fc6df61-5755-4cfe-8844-0b71b54c3dd7','509a2bc9-4038-45a8-9eb6-592dd891f7a0','6d616537-c449-589d-bebe-b2d5883e9d35','GET /mfa/settings.json',1,'2024-02-25 12:43:48'),('7fe479b4-8a23-4a8c-b763-dc4439fc0612','509a2bc9-4038-45a8-9eb6-592dd891f7a0','881ab948-e40f-5a72-91aa-54b442270029','GET /users/me.json',1,'2024-02-20 02:30:52'),('7fecbb82-65f1-4e15-a2c7-3225fc2555c9','509a2bc9-4038-45a8-9eb6-592dd891f7a0','9b473b19-0e3e-5efb-be19-8a1719843762','GET /account/settings.json',1,'2024-02-26 00:43:59'),('8024f265-b071-4c45-ac5b-426a2a2a560d','509a2bc9-4038-45a8-9eb6-592dd891f7a0','3cffe6ef-ea4c-5bc3-869b-945f26e2601a','GET /groups.json',1,'2024-02-24 04:17:08'),('804c0d0c-bd09-41c4-ace5-51f80b779c0b','509a2bc9-4038-45a8-9eb6-592dd891f7a0','3cffe6ef-ea4c-5bc3-869b-945f26e2601a','GET /groups.json',1,'2024-02-24 03:58:50'),('80ab17fd-7608-4753-af12-867a790dca94',NULL,'bef9f3ca-86ef-5c6a-9b38-320e03ceb5df','GET /settings.json',1,'2025-07-01 05:57:32'),('80d05511-e0db-40de-a35a-0036ada72e66','509a2bc9-4038-45a8-9eb6-592dd891f7a0','5bd4ecae-da08-577d-ac32-ce7b13bd7b0f','POST /groups.json',1,'2024-02-25 12:19:51'),('81245d75-3c9a-4def-8522-140181078fd0','509a2bc9-4038-45a8-9eb6-592dd891f7a0','881ab948-e40f-5a72-91aa-54b442270029','GET /users/me.json',1,'2024-02-27 02:53:43'),('81ffcd82-5b30-4dbf-9308-ddb6e58f750e','509a2bc9-4038-45a8-9eb6-592dd891f7a0','bef9f3ca-86ef-5c6a-9b38-320e03ceb5df','GET /settings.json',1,'2024-02-18 09:48:50'),('821d5308-302d-45ad-8f17-1cd32f1d3ac2',NULL,'bef9f3ca-86ef-5c6a-9b38-320e03ceb5df','GET /settings.json',1,'2024-02-24 04:05:00'),('822fd3eb-08f6-4fa9-8a9d-f50899004e6c','509a2bc9-4038-45a8-9eb6-592dd891f7a0','1035f824-fe76-5a69-b02c-9aa60a31858c','GET /',1,'2024-10-04 02:23:51'),('82557816-f553-47c6-9537-537affd71ee1','509a2bc9-4038-45a8-9eb6-592dd891f7a0','d7bc9044-a64e-5421-a4d7-7a94eaa39d37','GET /users.json',1,'2024-02-20 01:42:51'),('825887ad-2770-4410-a15a-0333029c3b1e','509a2bc9-4038-45a8-9eb6-592dd891f7a0','881ab948-e40f-5a72-91aa-54b442270029','GET /users/me.json',1,'2024-02-20 11:30:58'),('827faf4c-c0e9-42c1-a374-42641ece76e2','509a2bc9-4038-45a8-9eb6-592dd891f7a0','30237a18-fd12-5935-b1be-1e2a62ccb71d','GET /roles.json',1,'2024-02-25 12:24:00'),('82b1d3e3-2409-4c02-939b-dc6322133193','509a2bc9-4038-45a8-9eb6-592dd891f7a0','a04f2607-8cb6-56c6-a9cb-6b9c7603bacd','GET /rbacs/me.json',1,'2024-02-18 09:49:34'),('82faa682-2090-45a3-81ba-0cbecaebd3ff','509a2bc9-4038-45a8-9eb6-592dd891f7a0','d7bc9044-a64e-5421-a4d7-7a94eaa39d37','GET /users.json',1,'2024-02-26 20:45:34'),('83103407-12a0-41c2-83b6-5386878d0fc6','509a2bc9-4038-45a8-9eb6-592dd891f7a0','1cd53591-cb6b-5b03-b0be-05a54644263d','GET /folders.json',1,'2024-02-26 20:18:54'),('83134adb-265c-4f79-803b-7a3f46cf1343','509a2bc9-4038-45a8-9eb6-592dd891f7a0','d7bc9044-a64e-5421-a4d7-7a94eaa39d37','GET /users.json',1,'2024-02-20 03:00:13'),('832e559c-5c97-48e0-be2d-88f2f59a1379','509a2bc9-4038-45a8-9eb6-592dd891f7a0','a8b75aae-cb86-5fda-a8b3-d36ae6155023','GET /gpgkeys.json',1,'2024-02-26 20:39:41'),('8362ec5a-8c6b-4331-b7a8-8852f4ad3244',NULL,'bef9f3ca-86ef-5c6a-9b38-320e03ceb5df','GET /settings.json',1,'2024-02-25 13:12:02'),('837b21f9-1971-4d0d-ae85-df26865193d2','509a2bc9-4038-45a8-9eb6-592dd891f7a0','bef9f3ca-86ef-5c6a-9b38-320e03ceb5df','GET /settings.json',1,'2024-02-26 20:22:02'),('83cfd3a6-ea5b-4bb5-b89d-0473b4eb4662','509a2bc9-4038-45a8-9eb6-592dd891f7a0','e2aa01a9-84ec-55f8-aaed-24ee23259339','GET /resource-types.json',1,'2025-07-01 06:49:53'),('83f385c5-3e73-4c78-ae45-8a016995d11a','509a2bc9-4038-45a8-9eb6-592dd891f7a0','e2aa01a9-84ec-55f8-aaed-24ee23259339','GET /resource-types.json',1,'2024-02-18 09:50:05'),('8416185b-ff7e-48bf-9576-9e6cde96bf6d','509a2bc9-4038-45a8-9eb6-592dd891f7a0','881ab948-e40f-5a72-91aa-54b442270029','GET /users/me.json',1,'2024-02-24 18:13:41'),('8499e147-f93e-4454-83a4-18b3a236abe1','509a2bc9-4038-45a8-9eb6-592dd891f7a0','3cffe6ef-ea4c-5bc3-869b-945f26e2601a','GET /groups.json',1,'2024-02-25 12:21:46'),('84b1752f-e95e-4c17-9bf4-d190d3484665','3fa96e21-518b-41b5-aa72-71850cdd202c','a3c19ad2-8920-5395-86d0-8567cb34f382','POST /auth/login.json',1,'2024-02-25 13:10:32'),('84c196fa-68dd-450f-a33f-cc4cb895ab07',NULL,'bef9f3ca-86ef-5c6a-9b38-320e03ceb5df','GET /settings.json',1,'2024-02-19 03:13:44'),('851f6544-aee3-43be-9fe3-512a3326219d',NULL,'1c717cd7-d236-55c4-a068-b9a0923b1927','POST /users/recover.json',0,'2024-02-24 04:09:33'),('852b13a5-1c5f-4693-9edb-332ed8d8efda','509a2bc9-4038-45a8-9eb6-592dd891f7a0','c506210f-7866-5691-8fc1-58772e8f49f1','GET /resources.json',1,'2024-02-26 00:43:55'),('855e681e-9e7b-4068-84b6-70d1c1b6c1eb','509a2bc9-4038-45a8-9eb6-592dd891f7a0','a3c19ad2-8920-5395-86d0-8567cb34f382','POST /auth/login.json',1,'2024-02-26 20:17:53'),('85685afc-b361-427e-a688-d906b38656c2','3fa96e21-518b-41b5-aa72-71850cdd202c','881ab948-e40f-5a72-91aa-54b442270029','GET /users/3fa96e21-518b-41b5-aa72-71850cdd202c.json',1,'2024-02-25 14:06:30'),('85bcc610-2708-46a0-ac88-91daffe6d308','509a2bc9-4038-45a8-9eb6-592dd891f7a0','d7bc9044-a64e-5421-a4d7-7a94eaa39d37','GET /users.json',1,'2024-02-20 01:42:40'),('85dc3dd5-0a90-44bf-b66f-3174e94b620a','509a2bc9-4038-45a8-9eb6-592dd891f7a0','881ab948-e40f-5a72-91aa-54b442270029','GET /users/me.json',1,'2024-02-25 15:55:01'),('861361cb-7c0c-4047-9cb9-b9451cf381fb','509a2bc9-4038-45a8-9eb6-592dd891f7a0','d7bc9044-a64e-5421-a4d7-7a94eaa39d37','GET /users.json',1,'2024-02-25 12:21:04'),('861aa000-fb12-4e41-8bac-e85efccb303f','509a2bc9-4038-45a8-9eb6-592dd891f7a0','9b473b19-0e3e-5efb-be19-8a1719843762','GET /account/settings.json',1,'2024-02-25 12:08:29'),('86494374-ce24-45a2-b3c3-b6d2a89f8707',NULL,'881ab948-e40f-5a72-91aa-54b442270029','GET /users/me.json',0,'2024-02-18 19:24:17'),('865eac12-d31e-4daa-98e0-5136391c216e','509a2bc9-4038-45a8-9eb6-592dd891f7a0','9caaba03-49d2-5273-8097-e278234e71e0','GET /settings/emails/notifications.json',1,'2024-02-18 09:49:37'),('865fe9f4-2067-4c14-a6ac-ee6be99ac68b','509a2bc9-4038-45a8-9eb6-592dd891f7a0','b08abb41-3396-5202-b69f-a86eb6a1d1c0','PUT /rbacs.json',1,'2024-02-26 20:25:34'),('8675ced8-f5f4-4bd2-a3d1-bf8037af5a61','509a2bc9-4038-45a8-9eb6-592dd891f7a0','3cffe6ef-ea4c-5bc3-869b-945f26e2601a','GET /groups.json',1,'2024-02-20 01:19:46'),('8698dac7-89b2-4325-8072-487cffb131d4','509a2bc9-4038-45a8-9eb6-592dd891f7a0','d7bc9044-a64e-5421-a4d7-7a94eaa39d37','GET /users.json',1,'2024-02-25 12:16:27'),('86b7fe6b-3bcc-4a59-bbde-02c3d4924267','509a2bc9-4038-45a8-9eb6-592dd891f7a0','3cffe6ef-ea4c-5bc3-869b-945f26e2601a','GET /groups.json',1,'2024-02-24 04:06:27'),('86c6e4b7-f3b3-4de8-9bf6-c30e5579be07','509a2bc9-4038-45a8-9eb6-592dd891f7a0','748dcd10-7d15-5498-9aa6-d26de348ff02','GET /auth/verify.json',1,'2024-02-25 13:18:39'),('86e3db36-45b8-4543-b56f-25bbadc34020',NULL,'881ab948-e40f-5a72-91aa-54b442270029','GET /users/me.json',0,'2024-02-18 15:20:28'),('87049cb1-1c8d-483d-ba0f-98af1d0c251c','509a2bc9-4038-45a8-9eb6-592dd891f7a0','c506210f-7866-5691-8fc1-58772e8f49f1','GET /resources.json',1,'2024-02-20 01:43:15'),('87105a4c-546a-4a28-b3e8-83703dc3f903','509a2bc9-4038-45a8-9eb6-592dd891f7a0','a8b75aae-cb86-5fda-a8b3-d36ae6155023','GET /gpgkeys.json',1,'2024-02-25 12:22:12'),('8718be4c-4ad4-406b-9e2b-eb49b004b714',NULL,'bef9f3ca-86ef-5c6a-9b38-320e03ceb5df','GET /settings.json',1,'2025-07-01 05:48:28'),('87a4ff63-38b8-4b6b-8ae2-dd656d9dedb6','509a2bc9-4038-45a8-9eb6-592dd891f7a0','a8b75aae-cb86-5fda-a8b3-d36ae6155023','GET /gpgkeys.json',1,'2024-02-26 20:39:47'),('87bb1231-a927-4004-a5ee-04ef293ec43d','509a2bc9-4038-45a8-9eb6-592dd891f7a0','d7bc9044-a64e-5421-a4d7-7a94eaa39d37','GET /users.json',1,'2024-02-25 12:17:26'),('87daec80-a4e3-4b90-8e3b-dd3673fd3388','509a2bc9-4038-45a8-9eb6-592dd891f7a0','881ab948-e40f-5a72-91aa-54b442270029','GET /users/me.json',1,'2024-02-24 04:43:31'),('87fe2058-fd8c-4fe3-87fe-fd46c0f9e7ba','509a2bc9-4038-45a8-9eb6-592dd891f7a0','881ab948-e40f-5a72-91aa-54b442270029','GET /users/me.json',1,'2024-02-20 02:46:16'),('88cbb0be-ea59-497e-b6aa-393425052316','509a2bc9-4038-45a8-9eb6-592dd891f7a0','881ab948-e40f-5a72-91aa-54b442270029','GET /users/me.json',1,'2024-02-24 10:43:35'),('88ccfd9f-0e1b-4091-8be6-e8fa890c8ac9','509a2bc9-4038-45a8-9eb6-592dd891f7a0','1cd53591-cb6b-5b03-b0be-05a54644263d','GET /folders.json',1,'2024-02-25 14:31:15'),('89041638-4137-462d-92f5-69ced7ef57a9',NULL,'bef9f3ca-86ef-5c6a-9b38-320e03ceb5df','GET /settings.json',1,'2024-10-04 10:50:11'),('89236e96-ad8d-40d4-9596-8858f7b7e548','509a2bc9-4038-45a8-9eb6-592dd891f7a0','881ab948-e40f-5a72-91aa-54b442270029','GET /users/509a2bc9-4038-45a8-9eb6-592dd891f7a0.json',1,'2024-02-24 03:58:26'),('899f9aa0-ce28-42cd-9929-ae2fdc78ccdf','509a2bc9-4038-45a8-9eb6-592dd891f7a0','a8b75aae-cb86-5fda-a8b3-d36ae6155023','GET /gpgkeys.json',1,'2024-02-26 20:39:46'),('89fe13d9-652d-40b6-a718-e7bd109744ad',NULL,'a3c19ad2-8920-5395-86d0-8567cb34f382','POST /auth/verify.json',1,'2024-02-25 13:11:01'),('8a2d5bf4-0603-4102-9d84-b38588384efe',NULL,'881ab948-e40f-5a72-91aa-54b442270029','GET /users/me.json',0,'2024-02-19 03:50:34'),('8a673c6e-d74f-4b7b-b450-a32e0963e47b','509a2bc9-4038-45a8-9eb6-592dd891f7a0','3cffe6ef-ea4c-5bc3-869b-945f26e2601a','GET /groups.json',1,'2024-02-25 12:16:13'),('8af8225a-3a80-4190-8e82-0922b2c56b72','509a2bc9-4038-45a8-9eb6-592dd891f7a0','881ab948-e40f-5a72-91aa-54b442270029','GET /users/me.json',1,'2024-02-25 08:14:03'),('8b056938-0ab4-4917-ac40-7d950361f920','509a2bc9-4038-45a8-9eb6-592dd891f7a0','881ab948-e40f-5a72-91aa-54b442270029','GET /users/me.json',1,'2024-02-20 07:46:15'),('8b579b04-6143-4104-b83d-f2a2eb7b2020','509a2bc9-4038-45a8-9eb6-592dd891f7a0','6729d30a-1efa-53a4-8c03-e7542b2fedbe','GET /password-expiry/settings.json',1,'2024-02-18 09:50:05'),('8b83898e-9108-496a-bf28-94d4a9affb1e','509a2bc9-4038-45a8-9eb6-592dd891f7a0','881ab948-e40f-5a72-91aa-54b442270029','GET /users/me.json',1,'2024-02-20 01:31:15'),('8bf0bb90-6e77-4f77-8ae7-2d49db2db7d5','509a2bc9-4038-45a8-9eb6-592dd891f7a0','881ab948-e40f-5a72-91aa-54b442270029','GET /users/me.json',1,'2024-02-25 06:13:53'),('8c2b532a-e323-420d-9aae-065f3de6077f',NULL,'bef9f3ca-86ef-5c6a-9b38-320e03ceb5df','GET /settings.json',1,'2024-02-25 14:03:59'),('8c580333-1c32-42be-8393-476d9569eda5','509a2bc9-4038-45a8-9eb6-592dd891f7a0','d7bc9044-a64e-5421-a4d7-7a94eaa39d37','GET /users.json',1,'2024-02-25 12:23:06'),('8c755121-3d91-46e2-ae4b-5efd9a321072','509a2bc9-4038-45a8-9eb6-592dd891f7a0','a04f2607-8cb6-56c6-a9cb-6b9c7603bacd','GET /rbacs/me.json',1,'2024-02-26 20:24:59'),('8c895649-f903-421c-b780-72b28b81b849',NULL,'bef9f3ca-86ef-5c6a-9b38-320e03ceb5df','GET /settings.json',1,'2024-10-04 10:17:27'),('8c92b8e5-7440-491f-8c25-4b1444ea5a17','509a2bc9-4038-45a8-9eb6-592dd891f7a0','881ab948-e40f-5a72-91aa-54b442270029','GET /users/me.json',1,'2024-02-25 04:28:53'),('8d17e453-ffc2-402e-9c2a-e2d92a8246bb','509a2bc9-4038-45a8-9eb6-592dd891f7a0','3cffe6ef-ea4c-5bc3-869b-945f26e2601a','GET /groups.json',1,'2024-02-25 12:17:14'),('8d3d7701-7f6b-412b-9156-9719435fd0d8','509a2bc9-4038-45a8-9eb6-592dd891f7a0','1035f824-fe76-5a69-b02c-9aa60a31858c','GET /app/settings/theme',1,'2024-02-26 20:22:01'),('8dd2a37f-02e7-4ab0-a37a-b501b0face9c','509a2bc9-4038-45a8-9eb6-592dd891f7a0','72a35b3d-5baf-57cd-b6ba-a946bd879ad4','GET /password-policies/settings.json',1,'2024-02-25 14:24:31'),('8e2c1b0b-4a2b-480e-b704-986031d5395f','509a2bc9-4038-45a8-9eb6-592dd891f7a0','c506210f-7866-5691-8fc1-58772e8f49f1','GET /resources.json',1,'2024-02-25 12:16:13'),('8e521ac5-6b7e-4e69-9530-38da0b88c39c',NULL,'50ca4a19-b782-5842-bd2b-f59e9ff4eef9','GET /setup/start/509a2bc9-4038-45a8-9eb6-592dd891f7a0/ff10e01a-0f09-4c5c-a518-ebfe706ed4b3',1,'2024-02-18 09:46:24'),('8eab0876-e3ef-4452-9726-b2e6b7a15477',NULL,'bef9f3ca-86ef-5c6a-9b38-320e03ceb5df','GET /settings.json',1,'2024-10-04 09:34:26'),('8ed3f307-a6ab-4c35-a962-85ff93e14888','509a2bc9-4038-45a8-9eb6-592dd891f7a0','d7bc9044-a64e-5421-a4d7-7a94eaa39d37','GET /users.json',1,'2024-02-24 04:06:25'),('8f0fce40-8e33-45d5-976d-ddae0bff42ec',NULL,'601d4672-5498-5681-b0af-5c4908a49e91','GET /setup/recover/start/3fa96e21-518b-41b5-aa72-71850cdd202c/c77d5abb-f1ad-4453-bee7-99a5808b0065',1,'2024-02-25 13:17:48'),('8f15d050-095d-4d89-b4f2-ab2180d10383','509a2bc9-4038-45a8-9eb6-592dd891f7a0','3cffe6ef-ea4c-5bc3-869b-945f26e2601a','GET /groups.json',1,'2024-10-04 02:23:52'),('8f3854be-b7f7-4ae3-b4fe-9642418ef7b4',NULL,'bef9f3ca-86ef-5c6a-9b38-320e03ceb5df','GET /settings.json',1,'2024-02-25 12:39:34'),('8f44b6db-c0ea-48da-a2f3-ea2223c7ac02','509a2bc9-4038-45a8-9eb6-592dd891f7a0','d7bc9044-a64e-5421-a4d7-7a94eaa39d37','GET /users.json',1,'2024-02-25 12:21:03'),('8f8a9ebd-13d5-45b6-8e51-29ccaeb389cd',NULL,'881ab948-e40f-5a72-91aa-54b442270029','GET /users/me.json',0,'2024-02-27 04:26:11'),('9036bdd9-6ff7-4687-aaab-908d98db0f9e','509a2bc9-4038-45a8-9eb6-592dd891f7a0','881ab948-e40f-5a72-91aa-54b442270029','GET /users/me.json',1,'2024-10-04 03:23:49'),('9065b4ea-1740-4eb3-b34a-46a3b6e45d09','509a2bc9-4038-45a8-9eb6-592dd891f7a0','3cffe6ef-ea4c-5bc3-869b-945f26e2601a','GET /groups.json',1,'2024-02-25 12:17:26'),('90726f7e-7b54-4e28-ab01-6a4d41a7d567','509a2bc9-4038-45a8-9eb6-592dd891f7a0','881ab948-e40f-5a72-91aa-54b442270029','GET /users/me.json',1,'2024-02-24 17:28:41'),('90af912e-08e5-475f-88bf-0034632ee903','509a2bc9-4038-45a8-9eb6-592dd891f7a0','a1a15b91-72f6-5708-8d7f-6940e51d8595','POST /users.json',1,'2024-02-24 04:06:58'),('90e73301-2728-4392-860c-379162185211','509a2bc9-4038-45a8-9eb6-592dd891f7a0','d7bc9044-a64e-5421-a4d7-7a94eaa39d37','GET /users.json',1,'2024-02-25 12:43:50'),('90f0312e-5882-4f7e-a35a-b74a9ee6243f',NULL,'a3c19ad2-8920-5395-86d0-8567cb34f382','POST /auth/login.json',1,'2024-02-18 09:49:59'),('912daa6b-215f-47a3-b507-58e9d20a4069','509a2bc9-4038-45a8-9eb6-592dd891f7a0','d7bc9044-a64e-5421-a4d7-7a94eaa39d37','GET /users.json',1,'2024-02-25 12:17:24'),('9130d58a-ff6c-4dfa-9c78-1f5532e8790e','509a2bc9-4038-45a8-9eb6-592dd891f7a0','3cffe6ef-ea4c-5bc3-869b-945f26e2601a','GET /groups.json',1,'2024-02-25 14:30:55'),('9142951d-5179-4f19-98ae-6135dc9c5c1e',NULL,'bef9f3ca-86ef-5c6a-9b38-320e03ceb5df','GET /settings.json',1,'2024-02-26 00:43:43'),('916844b2-0a53-4f4e-a29d-d20310f5fdc2','509a2bc9-4038-45a8-9eb6-592dd891f7a0','1cd53591-cb6b-5b03-b0be-05a54644263d','GET /folders.json',1,'2024-02-25 14:32:00'),('917f188f-031d-4c63-8173-19f7afbfe84f','509a2bc9-4038-45a8-9eb6-592dd891f7a0','30237a18-fd12-5935-b1be-1e2a62ccb71d','GET /roles.json',1,'2024-02-26 00:43:55'),('91ab0620-646b-4f5f-a8c1-73d513989875',NULL,'bef9f3ca-86ef-5c6a-9b38-320e03ceb5df','GET /settings.json',1,'2024-10-04 11:10:50'),('91cf0f46-ed8e-47a5-904d-e1b13b8e9934','509a2bc9-4038-45a8-9eb6-592dd891f7a0','881ab948-e40f-5a72-91aa-54b442270029','GET /users/509a2bc9-4038-45a8-9eb6-592dd891f7a0.json',1,'2024-02-25 12:24:36'),('91dfa627-9ab9-4df1-bd9a-e010bcc8595d','509a2bc9-4038-45a8-9eb6-592dd891f7a0','bef9f3ca-86ef-5c6a-9b38-320e03ceb5df','GET /settings.json',1,'2024-10-04 03:07:33'),('91eb0abb-9c87-4fd6-8484-afb67738a425',NULL,'bef9f3ca-86ef-5c6a-9b38-320e03ceb5df','GET /settings.json',1,'2024-02-24 04:04:56'),('922e5063-734c-45bf-b205-42e47d83d3c0','509a2bc9-4038-45a8-9eb6-592dd891f7a0','c506210f-7866-5691-8fc1-58772e8f49f1','GET /resources.json',1,'2024-02-20 02:57:35'),('9272d1d9-b321-424e-8f5e-d757cbc9daf1','509a2bc9-4038-45a8-9eb6-592dd891f7a0','bef9f3ca-86ef-5c6a-9b38-320e03ceb5df','GET /settings.json',1,'2024-02-24 04:05:16'),('9278e8a7-109c-4908-9223-80236f3ce94f',NULL,'a3c19ad2-8920-5395-86d0-8567cb34f382','POST /auth/verify.json',1,'2024-02-25 14:06:16'),('92c87dd0-ca4b-4270-9802-fd2fb7f7ef67','509a2bc9-4038-45a8-9eb6-592dd891f7a0','1cd53591-cb6b-5b03-b0be-05a54644263d','GET /folders.json',1,'2024-02-20 03:04:23'),('92cfaa39-2b1d-4ac8-9087-b5761e223a87','509a2bc9-4038-45a8-9eb6-592dd891f7a0','d7bc9044-a64e-5421-a4d7-7a94eaa39d37','GET /users.json',1,'2024-02-25 12:20:55'),('9319dbb5-e7e6-430e-8825-8bc20bd63bab','509a2bc9-4038-45a8-9eb6-592dd891f7a0','a8b75aae-cb86-5fda-a8b3-d36ae6155023','GET /gpgkeys.json',1,'2024-02-25 12:22:12'),('9338b134-fd58-43af-8e9e-dfd781688117','509a2bc9-4038-45a8-9eb6-592dd891f7a0','bef9f3ca-86ef-5c6a-9b38-320e03ceb5df','GET /settings.json',1,'2024-02-25 12:23:15'),('939935cc-4471-4574-8cee-30a8190ad3f1','509a2bc9-4038-45a8-9eb6-592dd891f7a0','e2aa01a9-84ec-55f8-aaed-24ee23259339','GET /resource-types.json',1,'2024-02-25 12:43:50'),('93b930eb-c3ac-4df9-a031-b649317a5403',NULL,'bef9f3ca-86ef-5c6a-9b38-320e03ceb5df','GET /settings.json',1,'2024-02-18 09:45:40'),('93e68c0f-90b2-4378-bfa9-404e16f330bc','509a2bc9-4038-45a8-9eb6-592dd891f7a0','c506210f-7866-5691-8fc1-58772e8f49f1','GET /resources.json',1,'2024-02-25 14:32:00'),('93f71c77-ac64-4552-a86f-afcc3ba8272b',NULL,'8fa02019-e0f1-5de9-a680-7a2601caf27c','POST /self-registration/dry-run.json',0,'2025-07-01 06:18:40'),('93faf51b-57aa-40e7-b146-a71d96b49f27','509a2bc9-4038-45a8-9eb6-592dd891f7a0','ad8bbc35-6435-538e-b1a7-80b87bcedb6a','POST /resources.json',1,'2024-02-25 12:15:51'),('9443bb9b-0a8d-489a-9032-bf10e9c310f7','509a2bc9-4038-45a8-9eb6-592dd891f7a0','d7bc9044-a64e-5421-a4d7-7a94eaa39d37','GET /users.json',1,'2024-02-25 12:21:03'),('94592201-ba00-44c6-b9e8-fe512131c6dd','509a2bc9-4038-45a8-9eb6-592dd891f7a0','d7bc9044-a64e-5421-a4d7-7a94eaa39d37','GET /users.json',1,'2024-02-25 12:22:29'),('94e19cbb-0118-44e8-81f6-1079098ae99b','509a2bc9-4038-45a8-9eb6-592dd891f7a0','881ab948-e40f-5a72-91aa-54b442270029','GET /users/me.json',1,'2024-02-18 09:49:34'),('950ce003-a0dc-4528-bee7-bffedcb779af','509a2bc9-4038-45a8-9eb6-592dd891f7a0','30259dec-c224-509d-b742-96e2a6a85475','GET /mfa/setup/select',1,'2024-02-26 20:21:54'),('95464ef6-de81-4916-ad88-72e971a79997','3fa96e21-518b-41b5-aa72-71850cdd202c','19f9a792-3495-597b-bc94-dff1bc3e3967','POST /auth/logout.json',1,'2024-02-25 13:11:00'),('95a9516f-1779-48ec-ae73-e2a2e7f9bfc8','509a2bc9-4038-45a8-9eb6-592dd891f7a0','a8b75aae-cb86-5fda-a8b3-d36ae6155023','GET /gpgkeys.json',1,'2024-02-25 12:22:08'),('9627074e-9719-4df2-8d54-923f67b32650',NULL,'bef9f3ca-86ef-5c6a-9b38-320e03ceb5df','GET /settings.json',1,'2024-10-04 17:01:53'),('96302c52-1712-4aa2-91f7-13dcee833fcb','509a2bc9-4038-45a8-9eb6-592dd891f7a0','881ab948-e40f-5a72-91aa-54b442270029','GET /users/me.json',1,'2024-02-24 20:43:41'),('9630fc4f-a4ab-4a9e-a7ce-776a95b66fc7',NULL,'a3c19ad2-8920-5395-86d0-8567cb34f382','POST /auth/login.json',1,'2024-02-24 03:58:25'),('968ada15-f54a-44fe-90fc-9c5f2ba5629e','509a2bc9-4038-45a8-9eb6-592dd891f7a0','881ab948-e40f-5a72-91aa-54b442270029','GET /users/me.json',1,'2024-02-24 15:28:40'),('96a7937e-8209-4f9f-a9fe-c6e3c727f121','509a2bc9-4038-45a8-9eb6-592dd891f7a0','bef9f3ca-86ef-5c6a-9b38-320e03ceb5df','GET /settings.json',1,'2025-07-01 07:03:54'),('96c17ac4-6d1c-4e6b-8046-f9b41a14c255','509a2bc9-4038-45a8-9eb6-592dd891f7a0','d7bc9044-a64e-5421-a4d7-7a94eaa39d37','GET /users.json',1,'2024-02-24 04:17:10'),('96c9c1be-d653-429a-9803-7e6910b07ac2','509a2bc9-4038-45a8-9eb6-592dd891f7a0','1cd53591-cb6b-5b03-b0be-05a54644263d','GET /folders.json',1,'2024-02-25 12:17:26'),('971249c1-62cc-4071-89cb-61f72c8afeb1','509a2bc9-4038-45a8-9eb6-592dd891f7a0','3cffe6ef-ea4c-5bc3-869b-945f26e2601a','GET /groups.json',1,'2024-02-25 14:32:00'),('9712c591-f139-4027-97c7-bb6f33d8a21b',NULL,'bef9f3ca-86ef-5c6a-9b38-320e03ceb5df','GET /settings.json',1,'2024-10-04 16:58:43'),('9759ee10-f33c-466b-8728-5f654afa8bc1',NULL,'bef9f3ca-86ef-5c6a-9b38-320e03ceb5df','GET /settings.json',1,'2024-10-04 09:57:42'),('978361c0-24a0-4646-9e50-d2fb1a96bec9','509a2bc9-4038-45a8-9eb6-592dd891f7a0','881ab948-e40f-5a72-91aa-54b442270029','GET /users/509a2bc9-4038-45a8-9eb6-592dd891f7a0.json',1,'2024-02-25 12:43:50'),('97953810-579d-4f07-88d4-544c07c10572','509a2bc9-4038-45a8-9eb6-592dd891f7a0','bef9f3ca-86ef-5c6a-9b38-320e03ceb5df','GET /settings.json',1,'2024-02-26 20:24:13'),('97e15753-d774-4a21-9f3f-4059542a08b2','3fa96e21-518b-41b5-aa72-71850cdd202c','6729d30a-1efa-53a4-8c03-e7542b2fedbe','GET /password-expiry/settings.json',1,'2024-02-25 13:10:41'),('981840bb-6428-4e20-9c84-dd86fd1d6664','509a2bc9-4038-45a8-9eb6-592dd891f7a0','dad1db3f-4fbc-5b3a-9db2-b7413885c30c','GET /app/administration/password-expiry',1,'2024-02-18 09:49:41'),('9862ec8f-5103-4696-adcd-cb598e4f234e',NULL,'bef9f3ca-86ef-5c6a-9b38-320e03ceb5df','GET /settings.json',1,'2024-02-25 14:24:22'),('986d4a1b-23c0-4139-acdf-4ed54d564b02','509a2bc9-4038-45a8-9eb6-592dd891f7a0','881ab948-e40f-5a72-91aa-54b442270029','GET /users/me.json',1,'2024-02-25 15:24:41'),('98790404-9a18-4d8b-9f34-d4a36881c1e9','509a2bc9-4038-45a8-9eb6-592dd891f7a0','02e18a01-42f6-5e5d-b18f-2ee9070e3b9d','POST /folders.json',1,'2024-02-20 02:57:36'),('9891f62e-a61f-426d-a414-ab7f76993e2c','509a2bc9-4038-45a8-9eb6-592dd891f7a0','9b473b19-0e3e-5efb-be19-8a1719843762','GET /account/settings.json',1,'2025-07-01 06:49:53'),('98965ca3-9a0d-46a3-a99e-a90c0625c621',NULL,'bef9f3ca-86ef-5c6a-9b38-320e03ceb5df','GET /settings.json',1,'2024-02-25 13:11:54'),('98c9e4d3-020f-4fd4-a950-da1bec8b3391','509a2bc9-4038-45a8-9eb6-592dd891f7a0','c506210f-7866-5691-8fc1-58772e8f49f1','GET /resources.json',1,'2024-02-25 12:18:34'),('98f4f925-66c5-406a-809c-2a59b5890d14','509a2bc9-4038-45a8-9eb6-592dd891f7a0','058f384b-6685-55ac-8e82-9b0579a4e210','GET /account/settings/themes.json',1,'2024-02-26 20:22:02'),('9915b851-535f-4877-b2fa-d58379a98f1b','3fa96e21-518b-41b5-aa72-71850cdd202c','881ab948-e40f-5a72-91aa-54b442270029','GET /users/me.json',1,'2024-02-25 15:36:36'),('994fdd25-a394-4fdb-860e-5e8d50c63edf','509a2bc9-4038-45a8-9eb6-592dd891f7a0','1c717cd7-d236-55c4-a068-b9a0923b1927','POST /users/recover.json',1,'2024-02-24 04:14:59'),('9950a03b-9de2-47bd-a303-91fd32ac7e26','509a2bc9-4038-45a8-9eb6-592dd891f7a0','bef9f3ca-86ef-5c6a-9b38-320e03ceb5df','GET /settings.json',1,'2024-02-25 12:43:45'),('9951c6e8-2fe1-48a9-a47b-66bd0a608c7d','509a2bc9-4038-45a8-9eb6-592dd891f7a0','881ab948-e40f-5a72-91aa-54b442270029','GET /users/509a2bc9-4038-45a8-9eb6-592dd891f7a0.json',1,'2024-02-26 20:24:13'),('997865fb-0c66-4404-b7b7-5bb93de4271b','3fa96e21-518b-41b5-aa72-71850cdd202c','3cffe6ef-ea4c-5bc3-869b-945f26e2601a','GET /groups.json',1,'2024-02-25 14:06:31'),('99ae9f56-eb63-4046-b279-636f6eac04d5','509a2bc9-4038-45a8-9eb6-592dd891f7a0','bef9f3ca-86ef-5c6a-9b38-320e03ceb5df','GET /settings.json',1,'2025-07-01 07:24:41'),('99bedc9b-d0f2-49a7-b8f9-1574f105fef6','509a2bc9-4038-45a8-9eb6-592dd891f7a0','1cd53591-cb6b-5b03-b0be-05a54644263d','GET /folders.json',1,'2024-02-20 02:21:38'),('99c398dc-1a3f-4511-9ad2-6609382880d3','509a2bc9-4038-45a8-9eb6-592dd891f7a0','9caaba03-49d2-5273-8097-e278234e71e0','GET /settings/emails/notifications.json',1,'2024-02-25 12:23:23'),('99c4a72d-6018-48c7-aa81-45975e8f3493','509a2bc9-4038-45a8-9eb6-592dd891f7a0','d7bc9044-a64e-5421-a4d7-7a94eaa39d37','GET /users.json',1,'2024-02-18 09:48:50'),('99eb90cf-7ac3-4297-9436-fec469b75d43','509a2bc9-4038-45a8-9eb6-592dd891f7a0','d7bc9044-a64e-5421-a4d7-7a94eaa39d37','GET /users.json',1,'2024-02-25 13:13:59'),('9a0361e8-9579-4d2a-a3fc-0ebb2ed7a0fa',NULL,'881ab948-e40f-5a72-91aa-54b442270029','GET /users/me.json',0,'2024-02-18 13:59:01'),('9a2f5c73-2865-4db9-b972-ee05c4d874c7',NULL,'bef9f3ca-86ef-5c6a-9b38-320e03ceb5df','GET /settings.json',1,'2024-02-24 04:04:21'),('9a472806-6776-4c27-9f4a-6ec4ee268f09','509a2bc9-4038-45a8-9eb6-592dd891f7a0','a04f2607-8cb6-56c6-a9cb-6b9c7603bacd','GET /rbacs/me.json',1,'2024-02-27 00:38:48'),('9a6fdfee-e585-45f8-9495-bbd8b4b905f9',NULL,'bef9f3ca-86ef-5c6a-9b38-320e03ceb5df','GET /settings.json',1,'2024-10-04 10:22:02'),('9a7d6caa-823f-4e82-aea0-e9207f59d973','509a2bc9-4038-45a8-9eb6-592dd891f7a0','1035f824-fe76-5a69-b02c-9aa60a31858c','GET /',1,'2024-02-25 13:13:58'),('9a949448-2e27-477a-a365-a4c34d443096','509a2bc9-4038-45a8-9eb6-592dd891f7a0','881ab948-e40f-5a72-91aa-54b442270029','GET /users/me.json',1,'2024-02-24 07:44:02'),('9aa6e450-919c-4c0b-928b-7e6162ecf436','509a2bc9-4038-45a8-9eb6-592dd891f7a0','0ed6c4a8-8c1f-52c6-9859-67f37794a02e','POST /favorites/resource/5f7dd9ab-d464-41bf-9c52-efc995f1ef5e.json',1,'2024-02-24 04:17:23'),('9ab77ff9-8416-4573-acc2-79071618ba60',NULL,'1c717cd7-d236-55c4-a068-b9a0923b1927','POST /users/recover.json',1,'2024-02-25 12:36:27'),('9b34886c-5a68-404a-8659-c345be68537f','3fa96e21-518b-41b5-aa72-71850cdd202c','601d4672-5498-5681-b0af-5c4908a49e91','GET /setup/recover/3fa96e21-518b-41b5-aa72-71850cdd202c/c77d5abb-f1ad-4453-bee7-99a5808b0065.json',1,'2024-02-25 13:18:40'),('9b7e0a0a-4559-4d1b-82f3-0c581d495d4d',NULL,'881ab948-e40f-5a72-91aa-54b442270029','GET /users/me.json',0,'2024-02-18 16:50:18'),('9b98613a-3621-4648-98de-3c5d9d85d959',NULL,'881ab948-e40f-5a72-91aa-54b442270029','GET /users/me.json',0,'2024-02-18 14:50:31'),('9c329a01-7f65-4334-9a46-6c4ec4195aa9','509a2bc9-4038-45a8-9eb6-592dd891f7a0','a04f2607-8cb6-56c6-a9cb-6b9c7603bacd','GET /rbacs/me.json',1,'2024-02-25 12:46:27'),('9c382874-e883-4849-bf64-aa9c7a83c695',NULL,'748dcd10-7d15-5498-9aa6-d26de348ff02','GET /auth/verify.json',1,'2024-02-18 09:47:20'),('9c52dd3b-1150-4b4d-ba60-c4f292678cc4',NULL,'50ca4a19-b782-5842-bd2b-f59e9ff4eef9','GET /setup/start/509a2bc9-4038-45a8-9eb6-592dd891f7a0/ff10e01a-0f09-4c5c-a518-ebfe706ed4b3.json',1,'2024-02-18 09:45:40'),('9c54e760-5c81-4953-af7f-8bf298745532','509a2bc9-4038-45a8-9eb6-592dd891f7a0','bef9f3ca-86ef-5c6a-9b38-320e03ceb5df','GET /settings.json',1,'2024-02-25 13:09:40'),('9c7d1cbb-b605-4859-9d73-084856f50ce8','509a2bc9-4038-45a8-9eb6-592dd891f7a0','c506210f-7866-5691-8fc1-58772e8f49f1','GET /resources.json',1,'2024-02-20 01:19:36'),('9c8cb009-14b5-44cd-aaf5-adb7fc61e427','509a2bc9-4038-45a8-9eb6-592dd891f7a0','e2aa01a9-84ec-55f8-aaed-24ee23259339','GET /resource-types.json',1,'2024-02-24 03:58:26'),('9c920330-a9d9-454e-bd44-d82b84988a4a','509a2bc9-4038-45a8-9eb6-592dd891f7a0','a8b75aae-cb86-5fda-a8b3-d36ae6155023','GET /gpgkeys.json',1,'2024-02-25 14:25:11'),('9caf4dab-a583-4b06-8372-0d986c424e7a','509a2bc9-4038-45a8-9eb6-592dd891f7a0','e38db0b5-838d-5f43-8609-92a25843e9d3','GET /metadata/keys.json',1,'2025-07-01 07:04:10'),('9d2f7399-1ce2-41ce-9e79-6667a44d018e','509a2bc9-4038-45a8-9eb6-592dd891f7a0','d7bc9044-a64e-5421-a4d7-7a94eaa39d37','GET /users.json',1,'2024-02-24 04:06:32'),('9db90a7b-f717-4977-9ea8-295a14da0252','509a2bc9-4038-45a8-9eb6-592dd891f7a0','bef9f3ca-86ef-5c6a-9b38-320e03ceb5df','GET /settings.json',1,'2024-10-04 03:17:01'),('9dc78353-75f8-4d2a-8fb6-4a382c765e84','509a2bc9-4038-45a8-9eb6-592dd891f7a0','881ab948-e40f-5a72-91aa-54b442270029','GET /users/me.json',1,'2024-02-24 23:58:26'),('9dff8d96-7c5c-400e-a176-06095b9d4ca4',NULL,'50ca4a19-b782-5842-bd2b-f59e9ff4eef9','GET /setup/install/509a2bc9-4038-45a8-9eb6-592dd891f7a0/ff10e01a-0f09-4c5c-a518-ebfe706ed4b3.json',1,'2024-02-18 09:45:35'),('9e121d95-ab9b-4062-90da-a6e6fc577e41','509a2bc9-4038-45a8-9eb6-592dd891f7a0','881ab948-e40f-5a72-91aa-54b442270029','GET /users/me.json',1,'2024-02-25 04:58:53'),('9e2a3794-732d-4d3e-8fe5-f99a91bdeedb','509a2bc9-4038-45a8-9eb6-592dd891f7a0','e2aa01a9-84ec-55f8-aaed-24ee23259339','GET /resource-types.json',1,'2025-07-01 07:04:05'),('9e34a77a-8bb7-4dfb-a840-e15a43f8bf81','509a2bc9-4038-45a8-9eb6-592dd891f7a0','3cffe6ef-ea4c-5bc3-869b-945f26e2601a','GET /groups.json',1,'2024-02-25 12:21:46'),('9e464cb0-f94a-4bfb-883d-2593d8953b41',NULL,'bef9f3ca-86ef-5c6a-9b38-320e03ceb5df','GET /settings.json',1,'2024-10-04 17:18:26'),('9e56bb27-587b-4fe5-926e-c00bb8fb7af5','509a2bc9-4038-45a8-9eb6-592dd891f7a0','881ab948-e40f-5a72-91aa-54b442270029','GET /users/me.json',1,'2024-02-24 05:43:31'),('9e723167-8a18-42b6-9764-2056d1e60080','509a2bc9-4038-45a8-9eb6-592dd891f7a0','1cd53591-cb6b-5b03-b0be-05a54644263d','GET /folders.json',1,'2024-02-25 12:16:59'),('9e7f2b1c-ce8f-4e97-a82e-95a135a423cb','509a2bc9-4038-45a8-9eb6-592dd891f7a0','4f7dc567-b5aa-5226-bd33-740d11f451ea','GET /rbacs.json',1,'2024-02-25 12:24:00'),('9ef7f601-db0e-4d9c-9428-21480dbee9ea',NULL,'bef9f3ca-86ef-5c6a-9b38-320e03ceb5df','GET /settings.json',1,'2024-02-25 12:39:36'),('9f444793-7d23-405f-9d34-431754eb5ffe','509a2bc9-4038-45a8-9eb6-592dd891f7a0','c506210f-7866-5691-8fc1-58772e8f49f1','GET /resources.json',1,'2024-02-20 01:42:36'),('9f48166d-17c0-4088-bd99-6c3883f82f91','509a2bc9-4038-45a8-9eb6-592dd891f7a0','c506210f-7866-5691-8fc1-58772e8f49f1','GET /resources.json',1,'2025-07-01 07:04:24'),('9f621e76-aa58-4830-b25c-0bbca2c51caf',NULL,'881ab948-e40f-5a72-91aa-54b442270029','GET /users/me.json',0,'2024-02-19 09:20:19'),('9f6284c8-4f77-4ae0-8a7e-301031c62185','509a2bc9-4038-45a8-9eb6-592dd891f7a0','02e18a01-42f6-5e5d-b18f-2ee9070e3b9d','POST /folders.json',1,'2024-02-20 01:42:25'),('9fb6c55b-49c9-4152-8286-852aed3ddc1e','509a2bc9-4038-45a8-9eb6-592dd891f7a0','3cffe6ef-ea4c-5bc3-869b-945f26e2601a','GET /groups.json',1,'2024-02-24 04:06:30'),('9fbadb7e-096f-4ae8-ad10-274136decb50','509a2bc9-4038-45a8-9eb6-592dd891f7a0','1cd53591-cb6b-5b03-b0be-05a54644263d','GET /folders.json',1,'2024-02-20 02:21:37'),('9fbf51f1-7e01-40b9-8b57-3787e2883bcd',NULL,'881ab948-e40f-5a72-91aa-54b442270029','GET /users/me.json',0,'2024-02-18 12:12:29'),('9fda75ae-6086-46ba-8f94-64b94d44b3f7',NULL,'bef9f3ca-86ef-5c6a-9b38-320e03ceb5df','GET /settings.json',1,'2024-10-04 10:17:27'),('9ff5490f-16aa-4035-b460-cb145d002d81','509a2bc9-4038-45a8-9eb6-592dd891f7a0','c506210f-7866-5691-8fc1-58772e8f49f1','GET /resources.json',1,'2024-02-25 12:17:14'),('9ffc9f75-a277-4502-b3c8-c9153acd536f','509a2bc9-4038-45a8-9eb6-592dd891f7a0','c506210f-7866-5691-8fc1-58772e8f49f1','GET /resources.json',1,'2024-02-20 03:04:39'),('a03c74c2-6d05-46ac-a943-42704f5996da',NULL,'a3c19ad2-8920-5395-86d0-8567cb34f382','POST /auth/verify.json',1,'2024-02-25 12:39:49'),('a059abf7-e119-4d63-b12e-48fad4737e8e','509a2bc9-4038-45a8-9eb6-592dd891f7a0','3cffe6ef-ea4c-5bc3-869b-945f26e2601a','GET /groups.json',1,'2024-02-24 04:05:12'),('a05b7115-3c0c-4c20-a917-ec75100ebb19','509a2bc9-4038-45a8-9eb6-592dd891f7a0','3cffe6ef-ea4c-5bc3-869b-945f26e2601a','GET /groups.json',1,'2024-02-24 03:58:54'),('a06de2ca-b227-417c-8da0-58de76d7bcb6','509a2bc9-4038-45a8-9eb6-592dd891f7a0','dad1db3f-4fbc-5b3a-9db2-b7413885c30c','GET /app/administration/mfa',1,'2024-02-24 04:04:14'),('a0acaf5c-24a5-4eff-a928-4fe5d0ed4d0e','509a2bc9-4038-45a8-9eb6-592dd891f7a0','3cffe6ef-ea4c-5bc3-869b-945f26e2601a','GET /groups.json',1,'2024-02-24 04:06:25'),('a0c9513c-cd95-4387-a1e6-e89a400dcb6b','509a2bc9-4038-45a8-9eb6-592dd891f7a0','601d4672-5498-5681-b0af-5c4908a49e91','GET /setup/recover/509a2bc9-4038-45a8-9eb6-592dd891f7a0/084fb882-b5f6-4bc0-bba0-5426d9a62fdf.json',1,'2024-02-26 20:16:48'),('a15b4a6f-f0e0-4f83-9cc6-8d58213fffa1','509a2bc9-4038-45a8-9eb6-592dd891f7a0','601d4672-5498-5681-b0af-5c4908a49e91','GET /setup/recover/start/3fa96e21-518b-41b5-aa72-71850cdd202c/c77d5abb-f1ad-4453-bee7-99a5808b0065.json',0,'2024-02-25 13:18:58'),('a16c116c-5f6a-4861-937b-dc30b127ff30',NULL,'bef9f3ca-86ef-5c6a-9b38-320e03ceb5df','GET /settings.json',1,'2024-02-24 04:05:00'),('a17f5d1d-bb56-4644-8673-e181cfecbb8f',NULL,'a3c19ad2-8920-5395-86d0-8567cb34f382','POST /auth/login.json',1,'2024-02-20 01:15:46'),('a18e9e2b-1977-4368-a689-b013f15e4797','509a2bc9-4038-45a8-9eb6-592dd891f7a0','d7bc9044-a64e-5421-a4d7-7a94eaa39d37','GET /users.json',1,'2024-02-26 20:45:34'),('a1a0173b-716a-4e94-9075-67ee372e6db5',NULL,'bef9f3ca-86ef-5c6a-9b38-320e03ceb5df','GET /settings.json',1,'2025-07-01 05:56:59'),('a1c439cf-81e5-4dcc-9340-883cb44dfa8f','509a2bc9-4038-45a8-9eb6-592dd891f7a0','d161a38f-c522-5984-85ff-17c78b2a3bb5','PUT /share/folder/2caad2f7-1ae2-424d-bf6a-aa5ca0f38096.json',1,'2024-02-20 01:42:39'),('a1d89639-fa77-4fbb-84a8-1028e719640e','509a2bc9-4038-45a8-9eb6-592dd891f7a0','bef9f3ca-86ef-5c6a-9b38-320e03ceb5df','GET /settings.json',1,'2024-02-25 13:09:40'),('a1ec150f-49e8-4a56-a1e2-12c362b31323',NULL,'881ab948-e40f-5a72-91aa-54b442270029','GET /users/me.json',0,'2024-02-19 16:24:34'),('a25347b6-0746-4a01-a389-6822f9dc6150','3fa96e21-518b-41b5-aa72-71850cdd202c','3cffe6ef-ea4c-5bc3-869b-945f26e2601a','GET /groups.json',1,'2024-02-25 13:10:56'),('a29f2c4a-7853-4289-84d8-5477eb2ee956','509a2bc9-4038-45a8-9eb6-592dd891f7a0','3cffe6ef-ea4c-5bc3-869b-945f26e2601a','GET /groups.json',1,'2024-02-25 12:16:59'),('a30582df-f1be-4900-8f51-16acd3db8c2f','509a2bc9-4038-45a8-9eb6-592dd891f7a0','d7bc9044-a64e-5421-a4d7-7a94eaa39d37','GET /users.json',1,'2024-02-26 20:18:54'),('a3130fe5-f6fd-459a-ad39-e959a3ea2923',NULL,'bef9f3ca-86ef-5c6a-9b38-320e03ceb5df','GET /settings.json',1,'2024-02-25 11:35:15'),('a32024fb-b7c2-4269-891c-362dc7494488',NULL,'881ab948-e40f-5a72-91aa-54b442270029','GET /users/me.json',0,'2024-02-19 17:25:03'),('a34254ff-3259-407b-aa88-718459972fa6','509a2bc9-4038-45a8-9eb6-592dd891f7a0','601d4672-5498-5681-b0af-5c4908a49e91','GET /setup/recover/start/3fa96e21-518b-41b5-aa72-71850cdd202c/c77d5abb-f1ad-4453-bee7-99a5808b0065.json',0,'2024-02-25 13:18:56'),('a35545d3-4199-4f28-8245-7bae85129f85',NULL,'bef9f3ca-86ef-5c6a-9b38-320e03ceb5df','GET /settings.json',1,'2024-02-24 04:09:43'),('a355953c-425a-44bf-9119-4296c1ec0011',NULL,'601d4672-5498-5681-b0af-5c4908a49e91','GET /setup/recover/start/3fa96e21-518b-41b5-aa72-71850cdd202c/c77d5abb-f1ad-4453-bee7-99a5808b0065',1,'2024-02-25 13:18:54'),('a36a5f07-d43c-4b5e-ab27-366be7deb7de','509a2bc9-4038-45a8-9eb6-592dd891f7a0','d7bc9044-a64e-5421-a4d7-7a94eaa39d37','GET /users.json',1,'2024-02-25 12:17:39'),('a37af875-6285-4de6-bc7a-2b193c556ff8','509a2bc9-4038-45a8-9eb6-592dd891f7a0','881ab948-e40f-5a72-91aa-54b442270029','GET /users/me.json',1,'2024-02-18 09:49:41'),('a3d48069-b4cc-47fb-a416-f88bded872f0','509a2bc9-4038-45a8-9eb6-592dd891f7a0','1cd53591-cb6b-5b03-b0be-05a54644263d','GET /folders.json',1,'2024-02-24 04:05:12'),('a3df0626-e63d-481c-8dbd-63d39298c33d',NULL,'bef9f3ca-86ef-5c6a-9b38-320e03ceb5df','GET /settings.json',1,'2024-02-25 14:05:34'),('a405f623-8663-4a01-a995-e6e6cdb8a9ca','509a2bc9-4038-45a8-9eb6-592dd891f7a0','3cffe6ef-ea4c-5bc3-869b-945f26e2601a','GET /groups.json',1,'2024-02-24 04:06:32'),('a422eb14-a310-494a-a9e0-4a193e193c71',NULL,'881ab948-e40f-5a72-91aa-54b442270029','GET /users/me.json',0,'2024-02-19 06:20:23'),('a44400ad-4512-469a-a9fc-e2a3720e2ae4',NULL,'a3c19ad2-8920-5395-86d0-8567cb34f382','POST /auth/verify.json',1,'2024-10-04 02:23:06'),('a44ef4b0-d993-4843-8b8f-4d40e9962fca','509a2bc9-4038-45a8-9eb6-592dd891f7a0','3cffe6ef-ea4c-5bc3-869b-945f26e2601a','GET /groups.json',1,'2024-02-26 20:45:19'),('a4bd58b8-4814-45c1-91f1-bd2ac015564a','509a2bc9-4038-45a8-9eb6-592dd891f7a0','881ab948-e40f-5a72-91aa-54b442270029','GET /users/me.json',1,'2024-02-25 00:58:35'),('a4dff875-636a-4953-81e6-c1de5aa26d84','509a2bc9-4038-45a8-9eb6-592dd891f7a0','3cffe6ef-ea4c-5bc3-869b-945f26e2601a','GET /groups.json',1,'2024-02-24 04:17:10'),('a4fb2549-ac06-470d-b4e3-2acbdc98981e','509a2bc9-4038-45a8-9eb6-592dd891f7a0','881ab948-e40f-5a72-91aa-54b442270029','GET /users/me.json',1,'2024-10-04 03:08:59'),('a5532a11-7658-48bc-a81c-31d3154b73dd','509a2bc9-4038-45a8-9eb6-592dd891f7a0','1cd53591-cb6b-5b03-b0be-05a54644263d','GET /folders.json',1,'2024-02-20 01:42:51'),('a55f1b3c-0396-49a8-9c3d-ca0c593b0d56','509a2bc9-4038-45a8-9eb6-592dd891f7a0','881ab948-e40f-5a72-91aa-54b442270029','GET /users/me.json',1,'2024-02-24 11:43:35'),('a598d7f7-6636-4ac2-b455-7531a90aa39a',NULL,'25846782-ae10-560b-a266-fea0e238b097','GET /users/recover',1,'2024-02-25 13:11:05'),('a5a711ea-920b-4ad1-99f2-9c82207ebc7b','509a2bc9-4038-45a8-9eb6-592dd891f7a0','881ab948-e40f-5a72-91aa-54b442270029','GET /users/me.json',1,'2024-02-24 04:03:09'),('a5ab1fa6-5957-42f1-83d0-7bd85ffe7bb9','509a2bc9-4038-45a8-9eb6-592dd891f7a0','1cd53591-cb6b-5b03-b0be-05a54644263d','GET /folders.json',1,'2024-02-20 01:42:36'),('a5d46458-953a-4e39-8d5f-d962e0ae634e',NULL,'bef9f3ca-86ef-5c6a-9b38-320e03ceb5df','GET /settings.json',1,'2024-10-05 00:31:44'),('a5e9d771-085e-4d78-8a2e-edfb874e343c',NULL,'bef9f3ca-86ef-5c6a-9b38-320e03ceb5df','GET /settings.json',1,'2024-02-24 04:05:00'),('a6a89e6b-0a7e-4992-a9a6-2da0be14d8e4','509a2bc9-4038-45a8-9eb6-592dd891f7a0','713dce91-86f9-5e5b-a98c-fc244fed2f9c','POST /smtp/email.json',1,'2024-02-25 13:03:43'),('a6f99e23-cb58-4d9a-80bc-abb9a362e6a3','509a2bc9-4038-45a8-9eb6-592dd891f7a0','a3c19ad2-8920-5395-86d0-8567cb34f382','POST /auth/login.json',1,'2024-02-26 00:43:53'),('a6fbc6f0-eccc-4b27-908c-b5dd241e0c39','509a2bc9-4038-45a8-9eb6-592dd891f7a0','881ab948-e40f-5a72-91aa-54b442270029','GET /users/me.json',1,'2024-02-27 02:09:19'),('a7a67de8-aeea-42a9-ac1b-6345b5267908',NULL,'881ab948-e40f-5a72-91aa-54b442270029','GET /users/me.json',0,'2024-02-18 21:50:34'),('a7bcdb30-6dee-4e1d-88a3-c75734edf1f5',NULL,'881ab948-e40f-5a72-91aa-54b442270029','GET /users/me.json',0,'2024-02-19 08:05:28'),('a7e62724-7b89-4dc7-b660-4eac49f0a30a','509a2bc9-4038-45a8-9eb6-592dd891f7a0','3cffe6ef-ea4c-5bc3-869b-945f26e2601a','GET /groups.json',1,'2024-02-20 03:04:23'),('a8616b43-deab-4e95-9103-8b2e384cf867','509a2bc9-4038-45a8-9eb6-592dd891f7a0','1cd53591-cb6b-5b03-b0be-05a54644263d','GET /folders.json',1,'2024-02-26 20:18:05'),('a885028c-1039-4e3e-bd61-06d29a964268',NULL,'881ab948-e40f-5a72-91aa-54b442270029','GET /users/me.json',0,'2024-02-19 09:35:15'),('a8c16a2c-15a9-43c0-8103-9e23a1e32e28','509a2bc9-4038-45a8-9eb6-592dd891f7a0','02e18a01-42f6-5e5d-b18f-2ee9070e3b9d','POST /folders.json',1,'2024-02-20 02:21:37'),('a92b4430-5765-48be-93cc-0037cb508664','509a2bc9-4038-45a8-9eb6-592dd891f7a0','1cd53591-cb6b-5b03-b0be-05a54644263d','GET /folders.json',1,'2024-02-25 12:16:39'),('a9543074-01fc-4610-9d2a-16427bc94729',NULL,'a3c19ad2-8920-5395-86d0-8567cb34f382','POST /auth/login.json',1,'2024-02-25 12:08:18'),('a9aabd0d-098e-4959-999d-dbd59badeb99',NULL,'881ab948-e40f-5a72-91aa-54b442270029','GET /users/me.json',0,'2024-02-18 18:49:56'),('a9fe8006-cb12-4685-b0e2-2648548838f6','509a2bc9-4038-45a8-9eb6-592dd891f7a0','c506210f-7866-5691-8fc1-58772e8f49f1','GET /resources.json',1,'2024-02-24 04:05:22'),('aa1fce9b-31f0-4457-a0e7-91403c717235',NULL,'881ab948-e40f-5a72-91aa-54b442270029','GET /users/me.json',0,'2024-02-19 09:05:22'),('aa267617-4c4f-4ce7-896a-9f616b6852aa','509a2bc9-4038-45a8-9eb6-592dd891f7a0','1cd53591-cb6b-5b03-b0be-05a54644263d','GET /folders.json',1,'2024-02-20 02:59:24'),('aa2757bd-6f40-4b4c-8220-46e5274f6784',NULL,'bef9f3ca-86ef-5c6a-9b38-320e03ceb5df','GET /settings.json',1,'2025-07-01 05:49:11'),('aa6199a0-c76f-4404-ba1a-58b51f4dea45','509a2bc9-4038-45a8-9eb6-592dd891f7a0','d7bc9044-a64e-5421-a4d7-7a94eaa39d37','GET /users.json',1,'2024-02-25 12:22:37'),('aab0f3fa-40b7-453d-be11-56f202a70eb3',NULL,'601d4672-5498-5681-b0af-5c4908a49e91','GET /setup/recover/start/509a2bc9-4038-45a8-9eb6-592dd891f7a0/127474ef-09fa-4dc9-aa47-ab50d422febd',1,'2025-07-01 05:57:31'),('ab695a1e-c8a9-481c-b675-a630eebd484a',NULL,'1c717cd7-d236-55c4-a068-b9a0923b1927','POST /users/recover.json',0,'2024-02-24 04:12:08'),('ab71e88f-dadc-44cf-a46e-d8549e75c1d3','509a2bc9-4038-45a8-9eb6-592dd891f7a0','d7bc9044-a64e-5421-a4d7-7a94eaa39d37','GET /users.json',1,'2024-02-26 00:43:59'),('aba6dd72-33ca-4884-ab53-ef9a0343042c',NULL,'881ab948-e40f-5a72-91aa-54b442270029','GET /users/me.json',0,'2024-02-19 07:35:24'),('abe5847a-0f2b-400d-b48c-4251df98598d','509a2bc9-4038-45a8-9eb6-592dd891f7a0','30237a18-fd12-5935-b1be-1e2a62ccb71d','GET /roles.json',1,'2024-02-20 01:15:48'),('abfd14ee-21c1-453d-80bc-7a7f478829e3','509a2bc9-4038-45a8-9eb6-592dd891f7a0','c506210f-7866-5691-8fc1-58772e8f49f1','GET /resources.json',1,'2024-02-20 01:42:26'),('ac10950e-9df0-4de5-879f-4a4f3554ec88','509a2bc9-4038-45a8-9eb6-592dd891f7a0','bef9f3ca-86ef-5c6a-9b38-320e03ceb5df','GET /settings.json',1,'2024-02-24 04:07:36'),('ac148528-1563-4bd9-92b9-be9d4a7d7b79','509a2bc9-4038-45a8-9eb6-592dd891f7a0','c506210f-7866-5691-8fc1-58772e8f49f1','GET /resources.json',1,'2024-02-20 03:00:13'),('ac1ed23d-80ad-46dc-a429-aa538577d285',NULL,'a3c19ad2-8920-5395-86d0-8567cb34f382','POST /auth/login.json',1,'2024-10-04 02:23:40'),('ac4a57af-37a0-4b9b-badb-a589dfc0d5a2','509a2bc9-4038-45a8-9eb6-592dd891f7a0','d7bc9044-a64e-5421-a4d7-7a94eaa39d37','GET /users.json',1,'2024-02-25 12:08:29'),('ac54f5b1-3926-43cb-bc89-fde0a2309fe2','509a2bc9-4038-45a8-9eb6-592dd891f7a0','c506210f-7866-5691-8fc1-58772e8f49f1','GET /resources.json',1,'2024-02-25 12:17:39'),('acad91cf-19ad-4791-b23c-c34cb988a914','509a2bc9-4038-45a8-9eb6-592dd891f7a0','3cffe6ef-ea4c-5bc3-869b-945f26e2601a','GET /groups.json',1,'2024-02-25 13:04:45'),('acc17ed6-5258-4891-a0bb-af746eb3556c','509a2bc9-4038-45a8-9eb6-592dd891f7a0','1035f824-fe76-5a69-b02c-9aa60a31858c','GET /',1,'2024-02-20 01:15:47'),('acfc8a0b-2a3c-4521-9895-89319f3743b3','509a2bc9-4038-45a8-9eb6-592dd891f7a0','9b473b19-0e3e-5efb-be19-8a1719843762','GET /account/settings.json',1,'2024-02-25 12:43:45'),('ad2c1c54-70f0-48a8-9b43-b69906cbb0f9',NULL,'a3c19ad2-8920-5395-86d0-8567cb34f382','POST /auth/verify.json',1,'2024-02-25 12:43:37'),('ad2e5026-4ac7-4113-adf2-41aa4c4a3e50','509a2bc9-4038-45a8-9eb6-592dd891f7a0','9b473b19-0e3e-5efb-be19-8a1719843762','GET /account/settings.json',1,'2024-02-25 12:26:08'),('ad73aa56-53bc-488e-a5c3-6ca100749aab','509a2bc9-4038-45a8-9eb6-592dd891f7a0','bef9f3ca-86ef-5c6a-9b38-320e03ceb5df','GET /settings.json',1,'2024-02-26 20:23:25'),('ad758890-b0a6-4024-a00e-dcc86b8d1ef3','509a2bc9-4038-45a8-9eb6-592dd891f7a0','1035f824-fe76-5a69-b02c-9aa60a31858c','GET /',1,'2024-02-26 20:18:03'),('adbbf132-56f2-498e-8ef2-2f0a48fffd7e','509a2bc9-4038-45a8-9eb6-592dd891f7a0','d7bc9044-a64e-5421-a4d7-7a94eaa39d37','GET /users.json',1,'2024-02-20 01:15:48'),('aded2dd8-df7c-4c74-8a79-753bdd05a862',NULL,'881ab948-e40f-5a72-91aa-54b442270029','GET /users/me.json',0,'2024-02-19 14:22:03'),('ae0f3ee2-71d8-462b-a980-5b8eda4a2397','509a2bc9-4038-45a8-9eb6-592dd891f7a0','ad8bbc35-6435-538e-b1a7-80b87bcedb6a','POST /resources.json',1,'2024-02-25 12:15:51'),('ae1a4282-4432-424d-860f-fd2897d1542b',NULL,'a3c19ad2-8920-5395-86d0-8567cb34f382','POST /auth/verify.json',1,'2024-02-18 09:49:44'),('ae22b066-7448-414a-acf6-ec763039679c',NULL,'881ab948-e40f-5a72-91aa-54b442270029','GET /users/me.json',0,'2024-02-19 09:50:15'),('ae5da843-b1b8-4d97-8632-5432c6d7d87d','509a2bc9-4038-45a8-9eb6-592dd891f7a0','1cd53591-cb6b-5b03-b0be-05a54644263d','GET /folders.json',1,'2024-02-25 12:17:14'),('ae6f6ae1-07b9-42ab-b22f-d4c2d836637a','509a2bc9-4038-45a8-9eb6-592dd891f7a0','6d616537-c449-589d-bebe-b2d5883e9d35','GET /mfa/settings.json',1,'2024-02-26 20:46:03'),('aee7fa45-760f-465a-848c-da5ac14dc894',NULL,'bef9f3ca-86ef-5c6a-9b38-320e03ceb5df','GET /settings.json',1,'2024-02-25 12:36:04'),('aef2aa29-d7ed-4d54-852e-fbf7810b0bb6','509a2bc9-4038-45a8-9eb6-592dd891f7a0','881ab948-e40f-5a72-91aa-54b442270029','GET /users/me.json',1,'2024-02-26 20:24:59'),('af3cdf16-2d02-414d-acdf-47ffb2bdde79',NULL,'a3c19ad2-8920-5395-86d0-8567cb34f382','POST /auth/login.json',1,'2025-07-01 06:49:46'),('af845740-45ac-441f-8a63-95af959221f5',NULL,'bef9f3ca-86ef-5c6a-9b38-320e03ceb5df','GET /settings.json',1,'2025-07-01 05:57:00'),('af859ad1-6904-4e70-af82-443040fcf83b','509a2bc9-4038-45a8-9eb6-592dd891f7a0','a04f2607-8cb6-56c6-a9cb-6b9c7603bacd','GET /rbacs/me.json',1,'2024-02-25 14:24:31'),('af9cadc1-a255-4ddf-9c1c-adc6bd4165e5','509a2bc9-4038-45a8-9eb6-592dd891f7a0','881ab948-e40f-5a72-91aa-54b442270029','GET /users/me.json',1,'2024-02-25 01:28:35'),('b003ec1a-3377-40d2-8dd7-1eb3a1ec99c5','509a2bc9-4038-45a8-9eb6-592dd891f7a0','1cd53591-cb6b-5b03-b0be-05a54644263d','GET /folders.json',1,'2024-02-25 14:25:15'),('b0684d17-a7ac-4f42-8574-1ea6b1b48ae8','509a2bc9-4038-45a8-9eb6-592dd891f7a0','a8b75aae-cb86-5fda-a8b3-d36ae6155023','GET /gpgkeys.json',1,'2024-02-26 20:39:42'),('b0bcc660-6ad1-42e9-8f07-02c39475b6ee','509a2bc9-4038-45a8-9eb6-592dd891f7a0','d7bc9044-a64e-5421-a4d7-7a94eaa39d37','GET /users.json',1,'2024-02-25 12:22:28'),('b0d69b6c-7b90-4f64-b3f6-774ddbc2b6ca',NULL,'bef9f3ca-86ef-5c6a-9b38-320e03ceb5df','GET /settings.json',1,'2024-10-04 14:11:01'),('b0f1d975-974d-4b20-b66d-56c9405f8470','509a2bc9-4038-45a8-9eb6-592dd891f7a0','53da54b1-9576-52ab-a11f-b2265b5aa455','GET /smtp/settings.json',1,'2024-02-25 12:23:29'),('b0f62af8-7db8-418b-af80-e4dafd9ef2bd','509a2bc9-4038-45a8-9eb6-592dd891f7a0','1cd53591-cb6b-5b03-b0be-05a54644263d','GET /folders.json',1,'2024-02-25 12:17:24'),('b103c085-8e9b-4628-8fdc-c786e9e4ae37','509a2bc9-4038-45a8-9eb6-592dd891f7a0','bef9f3ca-86ef-5c6a-9b38-320e03ceb5df','GET /settings.json',1,'2024-02-25 13:15:47'),('b19952e1-52e9-4f67-a84a-945f1bccdb87','509a2bc9-4038-45a8-9eb6-592dd891f7a0','53da54b1-9576-52ab-a11f-b2265b5aa455','GET /smtp/settings.json',1,'2024-02-25 12:26:13'),('b228d16b-bcfb-4247-88e0-f79a8a69690e','509a2bc9-4038-45a8-9eb6-592dd891f7a0','c506210f-7866-5691-8fc1-58772e8f49f1','GET /resources.json',1,'2024-02-20 01:42:51'),('b23f5873-bb55-4d37-aa2c-41d9ec03d0c0','509a2bc9-4038-45a8-9eb6-592dd891f7a0','d7bc9044-a64e-5421-a4d7-7a94eaa39d37','GET /users.json',1,'2024-02-25 13:04:45'),('b250985f-85ee-45e4-8817-134b84c8b8e2','509a2bc9-4038-45a8-9eb6-592dd891f7a0','3cffe6ef-ea4c-5bc3-869b-945f26e2601a','GET /groups.json',1,'2024-02-24 04:17:08'),('b281013e-23d7-4a81-a739-e1bd2283ec93','509a2bc9-4038-45a8-9eb6-592dd891f7a0','bef9f3ca-86ef-5c6a-9b38-320e03ceb5df','GET /settings.json',1,'2024-02-26 20:46:02'),('b2ab5965-28b4-4e26-9b0f-b38d25358ac3',NULL,'8fa02019-e0f1-5de9-a680-7a2601caf27c','POST /self-registration/dry-run.json',0,'2024-02-25 12:43:22'),('b2c0fb55-38c1-46ba-8bf0-a36eae23c88c','509a2bc9-4038-45a8-9eb6-592dd891f7a0','881ab948-e40f-5a72-91aa-54b442270029','GET /users/me.json',1,'2024-02-20 10:01:01'),('b2e7a330-d1f1-4548-9732-161998990d8a','509a2bc9-4038-45a8-9eb6-592dd891f7a0','bef9f3ca-86ef-5c6a-9b38-320e03ceb5df','GET /settings.json',1,'2024-02-25 12:26:08'),('b2f3d092-9680-428e-b0db-265e6b0f07c5',NULL,'bef9f3ca-86ef-5c6a-9b38-320e03ceb5df','GET /settings.json',1,'2025-07-01 05:48:27'),('b303f5d3-a776-4b4e-ba64-f561f59a08c5','509a2bc9-4038-45a8-9eb6-592dd891f7a0','3cffe6ef-ea4c-5bc3-869b-945f26e2601a','GET /groups.json',1,'2024-02-20 01:43:25'),('b3425779-b923-4525-a516-37b28cdfe9a6','509a2bc9-4038-45a8-9eb6-592dd891f7a0','3cffe6ef-ea4c-5bc3-869b-945f26e2601a','GET /groups.json',1,'2024-02-26 20:29:39'),('b37c00ad-4198-4e8b-9a68-26a4bf164977',NULL,'bef9f3ca-86ef-5c6a-9b38-320e03ceb5df','GET /settings.json',1,'2024-02-25 12:43:36'),('b3891c07-faa0-42e7-892a-bd01b4183747','509a2bc9-4038-45a8-9eb6-592dd891f7a0','a8b75aae-cb86-5fda-a8b3-d36ae6155023','GET /gpgkeys.json',1,'2024-02-26 20:39:36'),('b3a89c1e-118f-4fe4-afc1-450cfdde2987','509a2bc9-4038-45a8-9eb6-592dd891f7a0','881ab948-e40f-5a72-91aa-54b442270029','GET /users/me.json',1,'2024-02-24 14:43:40'),('b3ca88e1-1771-4728-b1fd-ce4a02c1bfc9',NULL,'bef9f3ca-86ef-5c6a-9b38-320e03ceb5df','GET /settings.json',1,'2024-10-04 11:17:27'),('b49c2a9d-e166-4aa4-8b5e-0adccc28c6af','509a2bc9-4038-45a8-9eb6-592dd891f7a0','9caaba03-49d2-5273-8097-e278234e71e0','GET /settings/emails/notifications.json',1,'2024-02-25 12:23:20'),('b4a1ba1d-55a6-4014-84bf-3f2bb22c97af','509a2bc9-4038-45a8-9eb6-592dd891f7a0','72a35b3d-5baf-57cd-b6ba-a946bd879ad4','GET /password-policies/settings.json',1,'2024-02-24 03:58:27'),('b4aa6041-33d5-481d-bf0f-61f3d5bc8700','509a2bc9-4038-45a8-9eb6-592dd891f7a0','881ab948-e40f-5a72-91aa-54b442270029','GET /users/me.json',1,'2024-02-20 08:46:07'),('b4f8890a-b5ba-460f-9d8a-016bc8b49577','509a2bc9-4038-45a8-9eb6-592dd891f7a0','a8b75aae-cb86-5fda-a8b3-d36ae6155023','GET /gpgkeys.json',1,'2024-02-25 12:22:06'),('b5096bb0-e851-48ef-9c54-7e4288a1e127','509a2bc9-4038-45a8-9eb6-592dd891f7a0','d7bc9044-a64e-5421-a4d7-7a94eaa39d37','GET /users.json',1,'2024-02-26 20:19:01'),('b53e5cf4-bc73-4c69-9966-768a4c906499','509a2bc9-4038-45a8-9eb6-592dd891f7a0','881ab948-e40f-5a72-91aa-54b442270029','GET /users/me.json',1,'2024-02-24 05:28:31'),('b54eca62-57a3-49c1-bff6-4c73b57a1ab6','509a2bc9-4038-45a8-9eb6-592dd891f7a0','1035f824-fe76-5a69-b02c-9aa60a31858c','GET /',1,'2024-02-24 04:05:12'),('b557ef91-aec9-4f83-9322-5e66fe15a3f5',NULL,'50ca4a19-b782-5842-bd2b-f59e9ff4eef9','GET /setup/start/3fa96e21-518b-41b5-aa72-71850cdd202c/9f50a255-aab6-4ed2-87a9-6d040a2dfb9a',1,'2024-02-25 13:11:35'),('b5815203-e390-4478-91dd-9a141d311a53','509a2bc9-4038-45a8-9eb6-592dd891f7a0','881ab948-e40f-5a72-91aa-54b442270029','GET /users/me.json',1,'2024-02-24 10:13:49'),('b59841c1-685a-4999-8b94-32ae09f1700b','509a2bc9-4038-45a8-9eb6-592dd891f7a0','058f384b-6685-55ac-8e82-9b0579a4e210','GET /account/settings/themes.json',1,'2024-02-26 20:24:13'),('b5a3b388-fafa-44c7-a72b-858b527e3547','509a2bc9-4038-45a8-9eb6-592dd891f7a0','dad1db3f-4fbc-5b3a-9db2-b7413885c30c','GET /app/settings/mfa',1,'2024-02-26 20:21:53'),('b5f33dc3-5c05-4ac1-83c4-afd2f6a37c64','509a2bc9-4038-45a8-9eb6-592dd891f7a0','3cffe6ef-ea4c-5bc3-869b-945f26e2601a','GET /groups.json',1,'2024-02-25 12:08:29'),('b6519236-8513-4471-9acb-dda17ff66cad','509a2bc9-4038-45a8-9eb6-592dd891f7a0','19f9a792-3495-597b-bc94-dff1bc3e3967','POST /auth/logout.json',1,'2024-02-25 13:09:51'),('b6558fc6-b282-40f4-b689-5741a5b0d268','3fa96e21-518b-41b5-aa72-71850cdd202c','d7bc9044-a64e-5421-a4d7-7a94eaa39d37','GET /users.json',1,'2024-02-25 13:10:48'),('b6adc8e8-dbc5-4205-92ee-b5c4c3690843','509a2bc9-4038-45a8-9eb6-592dd891f7a0','c506210f-7866-5691-8fc1-58772e8f49f1','GET /resources.json',1,'2024-02-26 20:29:39'),('b6ed3f94-7be0-4799-b024-745960dfa1a0','509a2bc9-4038-45a8-9eb6-592dd891f7a0','d7bc9044-a64e-5421-a4d7-7a94eaa39d37','GET /users.json',1,'2024-02-25 14:25:20'),('b733a7fb-b9fa-40d8-b34d-fa30fade2bc0','509a2bc9-4038-45a8-9eb6-592dd891f7a0','30237a18-fd12-5935-b1be-1e2a62ccb71d','GET /roles.json',1,'2024-02-18 09:50:05'),('b73740ea-1997-4441-9d58-c18c1c4d8e3d',NULL,'881ab948-e40f-5a72-91aa-54b442270029','GET /users/me.json',0,'2024-02-19 15:23:23'),('b7571873-595c-4c91-9740-1bda6a64ed26',NULL,'bef9f3ca-86ef-5c6a-9b38-320e03ceb5df','GET /settings.json',1,'2024-02-25 13:18:56'),('b76449a1-299b-4e35-b6cd-e3dc3df6f8e5',NULL,'881ab948-e40f-5a72-91aa-54b442270029','GET /users/me.json',0,'2024-02-20 00:50:06'),('b76ec8e4-2216-4bfa-9554-795166426274','509a2bc9-4038-45a8-9eb6-592dd891f7a0','881ab948-e40f-5a72-91aa-54b442270029','GET /users/me.json',1,'2024-02-20 01:46:15'),('b7be9281-280c-4af8-9259-a5dfdd52eae2','509a2bc9-4038-45a8-9eb6-592dd891f7a0','1cd53591-cb6b-5b03-b0be-05a54644263d','GET /folders.json',1,'2024-02-25 14:24:31'),('b860a900-32f2-4157-80b9-bfbf4ce57483',NULL,'1c717cd7-d236-55c4-a068-b9a0923b1927','POST /users/recover.json',0,'2024-02-25 12:39:46'),('b86d8e78-f2f8-4fbe-ac4e-f5a358477fc9','509a2bc9-4038-45a8-9eb6-592dd891f7a0','9b473b19-0e3e-5efb-be19-8a1719843762','GET /account/settings.json',1,'2024-02-26 20:24:59'),('b87f0192-aa44-4dba-b339-56ab2f991b4f','509a2bc9-4038-45a8-9eb6-592dd891f7a0','3cffe6ef-ea4c-5bc3-869b-945f26e2601a','GET /groups.json',1,'2024-02-25 12:20:44'),('b8a57ecc-6ade-4abd-98b0-9f0530996e43','509a2bc9-4038-45a8-9eb6-592dd891f7a0','d7bc9044-a64e-5421-a4d7-7a94eaa39d37','GET /users.json',1,'2024-02-24 04:05:22'),('b8ad5445-2ad9-4463-80ed-43d19032d2dc','509a2bc9-4038-45a8-9eb6-592dd891f7a0','d7bc9044-a64e-5421-a4d7-7a94eaa39d37','GET /users.json',1,'2024-02-24 04:06:27'),('b8aee026-9fc5-41a3-8762-5f3cb54684ee','3fa96e21-518b-41b5-aa72-71850cdd202c','6729d30a-1efa-53a4-8c03-e7542b2fedbe','GET /password-expiry/settings.json',1,'2024-02-25 14:06:31'),('b8b765b5-55e3-4c21-bb8e-7f1178c60f9f','509a2bc9-4038-45a8-9eb6-592dd891f7a0','bef9f3ca-86ef-5c6a-9b38-320e03ceb5df','GET /settings.json',1,'2024-02-18 09:50:05'),('b8dcc2c0-548f-46c0-abad-81831de8c7af','509a2bc9-4038-45a8-9eb6-592dd891f7a0','bef9f3ca-86ef-5c6a-9b38-320e03ceb5df','GET /settings.json',1,'2024-02-25 12:23:16'),('b8e1428e-4fd9-4591-b650-7421a8a91a89','509a2bc9-4038-45a8-9eb6-592dd891f7a0','881ab948-e40f-5a72-91aa-54b442270029','GET /users/me.json',1,'2024-02-25 15:09:40'),('b92de939-792f-4d9e-b744-cb63b1297354','509a2bc9-4038-45a8-9eb6-592dd891f7a0','9b473b19-0e3e-5efb-be19-8a1719843762','GET /account/settings.json',1,'2024-02-25 13:13:59'),('b935472e-93b7-4885-b5bd-bf60514d7bf1','509a2bc9-4038-45a8-9eb6-592dd891f7a0','3cffe6ef-ea4c-5bc3-869b-945f26e2601a','GET /groups.json',1,'2024-02-24 04:06:33'),('b939b327-c8b0-47c7-83af-151703922de5','509a2bc9-4038-45a8-9eb6-592dd891f7a0','3cffe6ef-ea4c-5bc3-869b-945f26e2601a','GET /groups.json',1,'2024-02-25 12:22:29'),('b93cda93-76c4-4d4f-9fd8-ee92f45cc3ba','509a2bc9-4038-45a8-9eb6-592dd891f7a0','83bb8bd8-2006-5546-a3bb-9319ae6e8f9d','GET /resources/a7096389-1980-4acd-a89a-6c84d6bad4a9.json',1,'2024-02-26 20:30:08'),('b9a88ecd-b69c-406e-b3b0-7e2056580363','509a2bc9-4038-45a8-9eb6-592dd891f7a0','1cd53591-cb6b-5b03-b0be-05a54644263d','GET /folders.json',1,'2024-02-20 02:21:37'),('b9b0cdc2-f8a9-48d2-9500-1fb39a54b2cc','509a2bc9-4038-45a8-9eb6-592dd891f7a0','881ab948-e40f-5a72-91aa-54b442270029','GET /users/me.json',1,'2024-02-25 03:13:53'),('b9bb2d67-0082-4fdd-a32b-2e4342e64899','509a2bc9-4038-45a8-9eb6-592dd891f7a0','c506210f-7866-5691-8fc1-58772e8f49f1','GET /resources.json',1,'2024-02-20 01:19:46'),('b9c874bc-1d61-46c4-859d-33a9a3e75de2','509a2bc9-4038-45a8-9eb6-592dd891f7a0','881ab948-e40f-5a72-91aa-54b442270029','GET /users/me.json',1,'2024-02-20 08:31:07'),('ba59df14-b4e6-470f-8a57-cd16ea500654',NULL,'881ab948-e40f-5a72-91aa-54b442270029','GET /users/me.json',0,'2024-02-18 23:30:14'),('ba5f925f-98a0-4969-98fc-10ff1136718b','3fa96e21-518b-41b5-aa72-71850cdd202c','601d4672-5498-5681-b0af-5c4908a49e91','GET /setup/recover/3fa96e21-518b-41b5-aa72-71850cdd202c/c77d5abb-f1ad-4453-bee7-99a5808b0065.json',1,'2024-02-25 13:17:27'),('ba6a44f3-78d4-4ad8-99ee-16f423368c25','509a2bc9-4038-45a8-9eb6-592dd891f7a0','a8b75aae-cb86-5fda-a8b3-d36ae6155023','GET /gpgkeys.json',1,'2024-02-25 12:22:16'),('ba6d5ac9-3e6b-47c7-bca3-b5eb2325755a','509a2bc9-4038-45a8-9eb6-592dd891f7a0','dad1db3f-4fbc-5b3a-9db2-b7413885c30c','GET /app/administration/mfa',1,'2024-02-18 09:49:34'),('ba7481ec-e75f-48a8-9db8-d40d3390fc2f','509a2bc9-4038-45a8-9eb6-592dd891f7a0','881ab948-e40f-5a72-91aa-54b442270029','GET /users/me.json',1,'2024-02-27 01:24:02'),('bae3dfef-691e-4668-8c87-fb0472cc0dbc','509a2bc9-4038-45a8-9eb6-592dd891f7a0','881ab948-e40f-5a72-91aa-54b442270029','GET /users/me.json',1,'2024-02-25 08:28:47'),('bafc4a4d-ba0e-4b8f-94f9-ee93ffdc342d','509a2bc9-4038-45a8-9eb6-592dd891f7a0','9b473b19-0e3e-5efb-be19-8a1719843762','GET /account/settings.json',1,'2024-02-18 09:49:41'),('bb25346f-cf16-41b8-aa66-2e2f78cde59e','509a2bc9-4038-45a8-9eb6-592dd891f7a0','881ab948-e40f-5a72-91aa-54b442270029','GET /users/me.json',1,'2024-02-25 12:28:49'),('bb6bcc04-27aa-4570-ab5a-c160f4fd7357',NULL,'881ab948-e40f-5a72-91aa-54b442270029','GET /users/me.json',0,'2024-02-19 06:05:12'),('bb6be77b-2d5d-4ebc-a14e-49275beaa208','509a2bc9-4038-45a8-9eb6-592dd891f7a0','9caaba03-49d2-5273-8097-e278234e71e0','GET /settings/emails/notifications.json',1,'2024-02-26 20:46:48'),('bb77ee5d-0ac3-4b04-9418-1e43eee3db0b','509a2bc9-4038-45a8-9eb6-592dd891f7a0','881ab948-e40f-5a72-91aa-54b442270029','GET /users/me.json',1,'2024-02-25 09:28:47'),('bbda0c62-1484-47d7-9095-349b7b1a1926','509a2bc9-4038-45a8-9eb6-592dd891f7a0','a04f2607-8cb6-56c6-a9cb-6b9c7603bacd','GET /rbacs/me.json',1,'2024-02-18 09:49:41'),('bbdd036d-0ad9-4312-81e9-ed0bc0b85f4e','509a2bc9-4038-45a8-9eb6-592dd891f7a0','9b473b19-0e3e-5efb-be19-8a1719843762','GET /account/settings.json',1,'2024-02-26 20:26:45'),('bbea36c0-8279-4008-be7d-4e30b3ff60ed','509a2bc9-4038-45a8-9eb6-592dd891f7a0','881ab948-e40f-5a72-91aa-54b442270029','GET /users/me.json',1,'2024-02-24 08:58:48'),('bc184e3f-7eb7-439c-8705-ed4ec5439ddc','509a2bc9-4038-45a8-9eb6-592dd891f7a0','30237a18-fd12-5935-b1be-1e2a62ccb71d','GET /roles.json',1,'2025-07-01 06:49:53'),('bc42eea2-2107-46d7-a592-d129aa6750bb','509a2bc9-4038-45a8-9eb6-592dd891f7a0','b07efa2b-c747-53f4-b6d2-705fc13543f5','POST /smtp/settings.json',1,'2024-02-25 13:02:39'),('bc430e2d-9a0c-4b4b-be5f-c1e098b6877c','509a2bc9-4038-45a8-9eb6-592dd891f7a0','6d616537-c449-589d-bebe-b2d5883e9d35','GET /mfa/settings.json',1,'2024-02-26 20:26:33'),('bc665f05-cd22-4ed7-85db-48339fd79162','509a2bc9-4038-45a8-9eb6-592dd891f7a0','881ab948-e40f-5a72-91aa-54b442270029','GET /users/me.json',1,'2024-02-24 11:28:35'),('bc6e60a8-10d2-4f8d-89a6-741b56c0ad79',NULL,'881ab948-e40f-5a72-91aa-54b442270029','GET /users/me.json',0,'2024-02-18 22:08:29'),('bc753fad-c659-49c9-8afe-4830ddf0b82a',NULL,'881ab948-e40f-5a72-91aa-54b442270029','GET /users/me.json',0,'2024-02-19 04:21:58'),('bc917247-6f78-486d-a588-b58f0cab91d0',NULL,'a3c19ad2-8920-5395-86d0-8567cb34f382','POST /auth/login.json',1,'2024-02-24 04:04:32'),('bc9f56e5-e571-4d11-a009-a9930fa77346','509a2bc9-4038-45a8-9eb6-592dd891f7a0','3cffe6ef-ea4c-5bc3-869b-945f26e2601a','GET /groups.json',1,'2024-02-20 02:59:54'),('bcc733b4-e5a4-48f7-ac29-ecc316d3fb35','509a2bc9-4038-45a8-9eb6-592dd891f7a0','d7bc9044-a64e-5421-a4d7-7a94eaa39d37','GET /users.json',1,'2024-02-25 12:21:46'),('bd444b54-b5a5-40a7-b408-604c314afc24','509a2bc9-4038-45a8-9eb6-592dd891f7a0','3cffe6ef-ea4c-5bc3-869b-945f26e2601a','GET /groups.json',1,'2024-02-25 12:21:05'),('bd6d0587-1792-4d75-9ca7-f8e01b18aaf1','509a2bc9-4038-45a8-9eb6-592dd891f7a0','ad8bbc35-6435-538e-b1a7-80b87bcedb6a','POST /resources.json',1,'2024-02-20 02:59:24'),('bd6fdb17-98c8-43b2-9277-e67f7c4f776b','509a2bc9-4038-45a8-9eb6-592dd891f7a0','3cffe6ef-ea4c-5bc3-869b-945f26e2601a','GET /groups.json',1,'2024-02-25 12:23:03'),('bdc30d2f-3bee-403f-99e4-d349d0d234e4',NULL,'bef9f3ca-86ef-5c6a-9b38-320e03ceb5df','GET /settings.json',1,'2024-10-05 02:06:57'),('bdedaaae-5a10-40d6-9d80-16426657530a','509a2bc9-4038-45a8-9eb6-592dd891f7a0','881ab948-e40f-5a72-91aa-54b442270029','GET /users/me.json',1,'2024-02-26 02:14:18'),('be5f0a0b-891e-472c-8240-121c0ea80877',NULL,'881ab948-e40f-5a72-91aa-54b442270029','GET /users/me.json',0,'2024-02-19 08:20:26'),('bed9b8c7-9e9b-4888-9d8f-514a31eac318','509a2bc9-4038-45a8-9eb6-592dd891f7a0','3cffe6ef-ea4c-5bc3-869b-945f26e2601a','GET /groups.json',1,'2024-02-26 20:18:54'),('bf04b793-7503-4ee3-989a-e098fbcaf85a','509a2bc9-4038-45a8-9eb6-592dd891f7a0','881ab948-e40f-5a72-91aa-54b442270029','GET /users/me.json',1,'2024-02-24 18:58:41'),('bf056e03-e2bb-443e-915f-fa076340c019','509a2bc9-4038-45a8-9eb6-592dd891f7a0','881ab948-e40f-5a72-91aa-54b442270029','GET /users/me.json',1,'2024-02-24 16:13:41'),('bf0980a1-0dfd-407d-b01c-16b6326dd005',NULL,'881ab948-e40f-5a72-91aa-54b442270029','GET /users/me.json',0,'2024-02-18 20:18:51'),('bf14d085-b49f-4df9-a7bf-bb908ff45385',NULL,'a3c19ad2-8920-5395-86d0-8567cb34f382','POST /auth/verify.json',1,'2024-02-28 03:52:03'),('bf24123e-f143-4c61-8215-e120834fbb58','509a2bc9-4038-45a8-9eb6-592dd891f7a0','a8b75aae-cb86-5fda-a8b3-d36ae6155023','GET /gpgkeys.json',1,'2024-02-25 14:25:47'),('c017b0f0-ca6f-4421-a905-441e7a34171d','509a2bc9-4038-45a8-9eb6-592dd891f7a0','a8b75aae-cb86-5fda-a8b3-d36ae6155023','GET /gpgkeys.json',1,'2024-02-26 20:39:32'),('c0a52d01-b993-4634-9dae-ad190427390d','509a2bc9-4038-45a8-9eb6-592dd891f7a0','d91341f2-9672-5f4d-b7f5-d82020faa47e','PUT /move/resource/d5522a8b-2ad6-4a18-a0ee-c05131102477.json',1,'2024-02-25 12:16:40'),('c0a9442e-6a35-41c9-8a70-55f5199a54da','3fa96e21-518b-41b5-aa72-71850cdd202c','3cffe6ef-ea4c-5bc3-869b-945f26e2601a','GET /groups.json',1,'2024-02-25 13:10:48'),('c0f171cb-9a25-484b-a354-67668c02caa6','509a2bc9-4038-45a8-9eb6-592dd891f7a0','a3c19ad2-8920-5395-86d0-8567cb34f382','POST /auth/login.json',1,'2024-02-24 03:58:25'),('c11383ca-2b31-4678-ba17-36b31498eb5d','509a2bc9-4038-45a8-9eb6-592dd891f7a0','1cd53591-cb6b-5b03-b0be-05a54644263d','GET /folders.json',1,'2024-02-18 09:48:50'),('c115256e-d734-4415-b0bd-c2417aa9a3d4','509a2bc9-4038-45a8-9eb6-592dd891f7a0','881ab948-e40f-5a72-91aa-54b442270029','GET /users/me.json',1,'2024-02-26 20:24:11'),('c12267be-ab33-4a1c-961d-ae30a69ae6ab',NULL,'bef9f3ca-86ef-5c6a-9b38-320e03ceb5df','GET /settings.json',1,'2024-02-18 09:47:15'),('c15f07f5-9f00-4bbd-8af5-333d3e4eeb94','509a2bc9-4038-45a8-9eb6-592dd891f7a0','3cffe6ef-ea4c-5bc3-869b-945f26e2601a','GET /groups.json',1,'2024-02-24 04:06:33'),('c1cf58dd-fd66-4af1-95e8-5a53ed0e14e0','509a2bc9-4038-45a8-9eb6-592dd891f7a0','bef9f3ca-86ef-5c6a-9b38-320e03ceb5df','GET /settings.json',1,'2024-02-25 13:15:46'),('c1dde567-e819-463c-9489-4529b828f19e','509a2bc9-4038-45a8-9eb6-592dd891f7a0','881ab948-e40f-5a72-91aa-54b442270029','GET /users/509a2bc9-4038-45a8-9eb6-592dd891f7a0.json',1,'2024-02-18 09:48:50'),('c1e58f23-8d4d-4ff9-8f00-5f421837b75f','509a2bc9-4038-45a8-9eb6-592dd891f7a0','c506210f-7866-5691-8fc1-58772e8f49f1','GET /resources.json',1,'2024-02-26 20:18:54'),('c26ee1d5-7efe-4b95-8bf3-8cbf1b1d6001','509a2bc9-4038-45a8-9eb6-592dd891f7a0','601d4672-5498-5681-b0af-5c4908a49e91','GET /setup/recover/start/509a2bc9-4038-45a8-9eb6-592dd891f7a0/72ccde60-9ebb-41ed-9be5-19088fa3e2df.json',1,'2024-02-25 13:13:00'),('c277bac5-ccd1-4877-aa01-3915746c9a64','509a2bc9-4038-45a8-9eb6-592dd891f7a0','bef9f3ca-86ef-5c6a-9b38-320e03ceb5df','GET /settings.json',1,'2024-02-20 01:15:48'),('c27e472e-95e7-4818-b193-54f56efd1d49',NULL,'601d4672-5498-5681-b0af-5c4908a49e91','GET /setup/recover/start/3fa96e21-518b-41b5-aa72-71850cdd202c/c77d5abb-f1ad-4453-bee7-99a5808b0065',1,'2024-02-25 13:17:26'),('c2d8aaa1-c246-49bb-b914-9ca9859aefaf','509a2bc9-4038-45a8-9eb6-592dd891f7a0','881ab948-e40f-5a72-91aa-54b442270029','GET /users/me.json',1,'2024-02-20 04:01:03'),('c33d9d13-920f-444b-ba27-c69f3f91e44e','509a2bc9-4038-45a8-9eb6-592dd891f7a0','881ab948-e40f-5a72-91aa-54b442270029','GET /users/509a2bc9-4038-45a8-9eb6-592dd891f7a0.json',1,'2024-02-27 00:38:48'),('c34607c0-032d-46d4-b332-3801ac180452','509a2bc9-4038-45a8-9eb6-592dd891f7a0','6729d30a-1efa-53a4-8c03-e7542b2fedbe','GET /password-expiry/settings.json',1,'2024-02-25 12:24:36'),('c37afabf-1f89-4571-82d5-16656c5c959e',NULL,'881ab948-e40f-5a72-91aa-54b442270029','GET /users/me.json',0,'2024-02-19 01:35:31'),('c3de3d9a-5ff2-4cdd-a306-161ffd64ca86','509a2bc9-4038-45a8-9eb6-592dd891f7a0','1035f824-fe76-5a69-b02c-9aa60a31858c','GET /app/settings/profile',1,'2024-02-26 20:23:28'),('c3e0cf34-b6b6-4bf4-88a0-36faca623535','509a2bc9-4038-45a8-9eb6-592dd891f7a0','3cffe6ef-ea4c-5bc3-869b-945f26e2601a','GET /groups.json',1,'2024-02-25 12:22:27'),('c40c1c1d-822a-460c-bd9e-dce65becaf9b','509a2bc9-4038-45a8-9eb6-592dd891f7a0','3cffe6ef-ea4c-5bc3-869b-945f26e2601a','GET /groups.json',1,'2024-02-25 14:25:15'),('c4243687-4bcd-4da3-9fec-ac7089df1231',NULL,'bef9f3ca-86ef-5c6a-9b38-320e03ceb5df','GET /settings.json',1,'2024-02-25 13:11:30'),('c48c320f-b8c5-4afb-b481-6616e43edac3','509a2bc9-4038-45a8-9eb6-592dd891f7a0','881ab948-e40f-5a72-91aa-54b442270029','GET /users/me.json',1,'2024-02-27 01:39:02'),('c49e6781-6729-4a9f-8660-9a381fab4ae7',NULL,'bef9f3ca-86ef-5c6a-9b38-320e03ceb5df','GET /settings.json',1,'2024-02-24 04:08:47'),('c510fdd3-3f44-4e25-9622-7549970b86c7',NULL,'bef9f3ca-86ef-5c6a-9b38-320e03ceb5df','GET /settings.json',1,'2024-10-04 17:23:00'),('c52ce6ea-def4-4678-9688-86c4df32f91f','509a2bc9-4038-45a8-9eb6-592dd891f7a0','bef9f3ca-86ef-5c6a-9b38-320e03ceb5df','GET /settings.json',1,'2024-02-25 12:46:27'),('c56ba0e8-8168-436c-9a4f-94092ff68707','509a2bc9-4038-45a8-9eb6-592dd891f7a0','bef9f3ca-86ef-5c6a-9b38-320e03ceb5df','GET /settings.json',1,'2025-07-01 06:49:53'),('c5997e67-c199-43a6-8324-0adddee6a9ac','509a2bc9-4038-45a8-9eb6-592dd891f7a0','7df37cb5-cfb9-57c2-a7a5-b65c9f573de0','POST /share/simulate/resource/6a6b70c6-53e4-41c0-a767-6a68952b1d87.json',1,'2024-02-25 14:25:12'),('c5d2516b-5edf-416e-a61d-91dc6d1e6d83','509a2bc9-4038-45a8-9eb6-592dd891f7a0','1cd53591-cb6b-5b03-b0be-05a54644263d','GET /folders.json',1,'2024-02-20 02:59:54'),('c5ef0487-8ab1-4b61-9ace-a76b945f3ebe',NULL,'a3c19ad2-8920-5395-86d0-8567cb34f382','POST /auth/verify.json',1,'2025-07-01 05:48:28'),('c5f9e7fd-0550-46e1-8888-6fcb0fa0c61b','509a2bc9-4038-45a8-9eb6-592dd891f7a0','881ab948-e40f-5a72-91aa-54b442270029','GET /users/me.json',1,'2024-02-20 06:31:15'),('c6431e08-13ae-46c9-bd61-d77541ec6c08','509a2bc9-4038-45a8-9eb6-592dd891f7a0','a8b75aae-cb86-5fda-a8b3-d36ae6155023','GET /gpgkeys.json',1,'2024-02-25 12:22:10'),('c666140a-37b3-44f0-858e-9e931954f005','509a2bc9-4038-45a8-9eb6-592dd891f7a0','b07efa2b-c747-53f4-b6d2-705fc13543f5','POST /smtp/settings.json',1,'2024-02-25 13:03:39'),('c6aeaf2d-7da0-4f21-b4aa-c95b32666c39','509a2bc9-4038-45a8-9eb6-592dd891f7a0','881ab948-e40f-5a72-91aa-54b442270029','GET /users/me.json',1,'2024-02-26 02:29:07'),('c6efd4d9-83fc-4eac-a062-31bf1356357e',NULL,'bef9f3ca-86ef-5c6a-9b38-320e03ceb5df','GET /settings.json',1,'2024-02-24 04:05:00'),('c6fe694e-acfa-4456-8b32-2f0eaa46ab2e','509a2bc9-4038-45a8-9eb6-592dd891f7a0','c506210f-7866-5691-8fc1-58772e8f49f1','GET /resources.json',1,'2025-07-01 07:04:13'),('c72c7de7-d2c2-478e-9d5c-750d2b761614',NULL,'881ab948-e40f-5a72-91aa-54b442270029','GET /users/me.json',0,'2024-02-19 22:01:39'),('c7483192-2961-4bab-99f7-67582cf96869','509a2bc9-4038-45a8-9eb6-592dd891f7a0','d7bc9044-a64e-5421-a4d7-7a94eaa39d37','GET /users.json',1,'2024-02-18 09:50:05'),('c77316e9-9bb0-4384-8a79-7f45694fc79b',NULL,'bef9f3ca-86ef-5c6a-9b38-320e03ceb5df','GET /settings.json',1,'2024-02-20 01:15:23'),('c77e204a-d2bd-4678-8026-cd1303a602da',NULL,'a3c19ad2-8920-5395-86d0-8567cb34f382','POST /auth/verify.json',1,'2024-02-24 04:05:01'),('c78599fb-1915-4615-bf1c-0aaa04701c72','509a2bc9-4038-45a8-9eb6-592dd891f7a0','9b473b19-0e3e-5efb-be19-8a1719843762','GET /account/settings.json',1,'2024-02-26 20:45:19'),('c7a0d5ad-8e42-4b43-a35a-4a2a67619d2a','509a2bc9-4038-45a8-9eb6-592dd891f7a0','3cffe6ef-ea4c-5bc3-869b-945f26e2601a','GET /groups.json',1,'2024-02-26 20:29:31'),('c7f1fe86-26fa-45da-83d4-850341560757','509a2bc9-4038-45a8-9eb6-592dd891f7a0','881ab948-e40f-5a72-91aa-54b442270029','GET /users/me.json',1,'2024-02-24 16:28:41'),('c830907e-8655-4c58-8dc3-d231571bd452','509a2bc9-4038-45a8-9eb6-592dd891f7a0','bef9f3ca-86ef-5c6a-9b38-320e03ceb5df','GET /settings.json',1,'2024-02-27 00:38:48'),('c86744b7-651d-4605-8c35-bcfca3c29a33','509a2bc9-4038-45a8-9eb6-592dd891f7a0','e2aa01a9-84ec-55f8-aaed-24ee23259339','GET /resource-types.json',1,'2024-02-20 01:15:48'),('c88019c7-42e1-414b-bd95-deb1d3e3f635','509a2bc9-4038-45a8-9eb6-592dd891f7a0','bef9f3ca-86ef-5c6a-9b38-320e03ceb5df','GET /settings.json',1,'2024-02-26 20:24:59'),('c88374fd-c9cb-4891-8c07-7f4f472fd732','3fa96e21-518b-41b5-aa72-71850cdd202c','e2aa01a9-84ec-55f8-aaed-24ee23259339','GET /resource-types.json',1,'2024-02-25 13:10:41'),('c8c064bc-b13c-46ce-98be-d3ea71fd9b59','509a2bc9-4038-45a8-9eb6-592dd891f7a0','3cffe6ef-ea4c-5bc3-869b-945f26e2601a','GET /groups.json',1,'2024-02-24 04:17:18'),('c8c2f32f-39f3-4d48-b9bd-6dea23dfdaa9','509a2bc9-4038-45a8-9eb6-592dd891f7a0','881ab948-e40f-5a72-91aa-54b442270029','GET /users/me.json',1,'2024-02-25 06:58:53'),('c9199eb3-d768-401f-adb2-70dd160cb35a',NULL,'881ab948-e40f-5a72-91aa-54b442270029','GET /users/me.json',0,'2024-02-18 12:56:56'),('c91dfdbc-6a1c-40db-a2e8-ae80c615b2da',NULL,'bef9f3ca-86ef-5c6a-9b38-320e03ceb5df','GET /settings.json',1,'2025-07-01 06:18:54'),('c9550274-7374-41d6-8681-a3e4d2df1bd1','509a2bc9-4038-45a8-9eb6-592dd891f7a0','881ab948-e40f-5a72-91aa-54b442270029','GET /users/me.json',1,'2024-02-20 11:15:58'),('c9bd3bdb-797f-4e3e-82fa-ba95fe5aa681','509a2bc9-4038-45a8-9eb6-592dd891f7a0','a04f2607-8cb6-56c6-a9cb-6b9c7603bacd','GET /rbacs/me.json',1,'2024-02-24 04:04:32'),('c9fe0179-70e7-4306-9dbf-14f4490ef744','509a2bc9-4038-45a8-9eb6-592dd891f7a0','881ab948-e40f-5a72-91aa-54b442270029','GET /users/me.json',1,'2024-02-25 01:43:35'),('ca0cb448-3d7b-4195-8de1-fa48e757d288','509a2bc9-4038-45a8-9eb6-592dd891f7a0','1cd53591-cb6b-5b03-b0be-05a54644263d','GET /folders.json',1,'2024-02-24 04:05:22'),('ca4d6dfb-db60-4b69-a306-ac4390b09ea3','509a2bc9-4038-45a8-9eb6-592dd891f7a0','bef9f3ca-86ef-5c6a-9b38-320e03ceb5df','GET /settings.json',1,'2024-02-26 20:24:11'),('ca4e0ddf-9362-4a02-9971-b33946e40026',NULL,'bef9f3ca-86ef-5c6a-9b38-320e03ceb5df','GET /settings.json',1,'2024-10-04 02:23:05'),('cab16886-1cd4-4f3c-b26f-f58ed6fed9ff','509a2bc9-4038-45a8-9eb6-592dd891f7a0','1cd53591-cb6b-5b03-b0be-05a54644263d','GET /folders.json',1,'2024-02-25 12:18:41'),('cb4861b6-accd-4977-bdb4-da84870057aa','509a2bc9-4038-45a8-9eb6-592dd891f7a0','1cd53591-cb6b-5b03-b0be-05a54644263d','GET /folders.json',1,'2024-02-20 03:00:17'),('cb6809be-9c74-4eb1-93d3-c202ce45e72c',NULL,'bef9f3ca-86ef-5c6a-9b38-320e03ceb5df','GET /settings.json',1,'2024-10-05 00:02:29'),('cba7dc7c-b3ee-4b6d-8d42-035036bad02f','509a2bc9-4038-45a8-9eb6-592dd891f7a0','d7bc9044-a64e-5421-a4d7-7a94eaa39d37','GET /users.json',1,'2024-02-20 02:59:54'),('cbd3f6c0-a27b-497b-9eec-e3004dc49873','509a2bc9-4038-45a8-9eb6-592dd891f7a0','3cffe6ef-ea4c-5bc3-869b-945f26e2601a','GET /groups.json',1,'2024-02-25 14:25:20'),('cc16b276-db7d-468c-b11b-59cea2dcd684','509a2bc9-4038-45a8-9eb6-592dd891f7a0','1cd53591-cb6b-5b03-b0be-05a54644263d','GET /folders.json',1,'2024-02-20 01:43:15'),('cc2c30fe-3abc-44af-a41f-6213b3850aae','509a2bc9-4038-45a8-9eb6-592dd891f7a0','1cd53591-cb6b-5b03-b0be-05a54644263d','GET /folders.json',1,'2024-02-25 12:18:09'),('cc7fff48-2d26-4dde-a492-c89b73cd133d','509a2bc9-4038-45a8-9eb6-592dd891f7a0','e2aa01a9-84ec-55f8-aaed-24ee23259339','GET /resource-types.json',1,'2024-02-26 00:43:55'),('cc8c7c6b-7a98-4eb8-8811-15539d60d09b',NULL,'bef9f3ca-86ef-5c6a-9b38-320e03ceb5df','GET /settings.json',1,'2024-02-26 20:16:46'),('ccaa4c5a-3cc0-488b-9db1-f67c12175a7e','509a2bc9-4038-45a8-9eb6-592dd891f7a0','c506210f-7866-5691-8fc1-58772e8f49f1','GET /resources.json',1,'2024-02-24 03:58:27'),('ccdb4f77-30e7-40de-952f-47ebca253063','509a2bc9-4038-45a8-9eb6-592dd891f7a0','d161a38f-c522-5984-85ff-17c78b2a3bb5','PUT /share/folder/218efbe4-5dee-4697-85f0-0085da447395.json',1,'2024-02-20 02:21:37'),('cceb5577-e18e-40be-8df9-c362b38beb4c','509a2bc9-4038-45a8-9eb6-592dd891f7a0','c506210f-7866-5691-8fc1-58772e8f49f1','GET /resources.json',1,'2024-02-24 04:05:12'),('cd51242b-8e00-4279-95c1-a6b0f563ee6a','509a2bc9-4038-45a8-9eb6-592dd891f7a0','3cffe6ef-ea4c-5bc3-869b-945f26e2601a','GET /groups.json',1,'2024-02-25 12:18:40'),('ce12d897-9bfa-4687-a995-ed0a4c83c68a','509a2bc9-4038-45a8-9eb6-592dd891f7a0','c506210f-7866-5691-8fc1-58772e8f49f1','GET /resources.json',1,'2024-02-20 02:59:54'),('ce4c4f56-f0dd-4989-bef8-f1b2d6c54c47',NULL,'881ab948-e40f-5a72-91aa-54b442270029','GET /users/me.json',0,'2024-02-20 00:02:35'),('cea6cff3-fbe8-4185-987d-77ef73260cda','509a2bc9-4038-45a8-9eb6-592dd891f7a0','c506210f-7866-5691-8fc1-58772e8f49f1','GET /resources.json',1,'2025-07-01 06:49:53'),('ceb789eb-9354-42a1-8339-d2028f931251','509a2bc9-4038-45a8-9eb6-592dd891f7a0','881ab948-e40f-5a72-91aa-54b442270029','GET /users/509a2bc9-4038-45a8-9eb6-592dd891f7a0.json',1,'2025-07-01 06:49:53'),('cf04b4dc-0086-4953-829f-9b5a7706c573','509a2bc9-4038-45a8-9eb6-592dd891f7a0','d7bc9044-a64e-5421-a4d7-7a94eaa39d37','GET /users.json',1,'2024-02-20 03:04:23'),('cf097862-78e1-48f1-87c0-c7cc6cf6ee4f','509a2bc9-4038-45a8-9eb6-592dd891f7a0','1035f824-fe76-5a69-b02c-9aa60a31858c','GET /',1,'2024-02-27 00:38:45'),('cf140c17-50cb-4803-979f-bc7b7dee540a',NULL,'bef9f3ca-86ef-5c6a-9b38-320e03ceb5df','GET /settings.json',1,'2024-02-25 13:11:35'),('cf453a90-1970-4862-b600-db7ab1e180b9','3fa96e21-518b-41b5-aa72-71850cdd202c','30237a18-fd12-5935-b1be-1e2a62ccb71d','GET /roles.json',1,'2024-02-25 14:06:30'),('cf801057-69a4-4b6a-bcbe-6ed1cf961b39','509a2bc9-4038-45a8-9eb6-592dd891f7a0','c506210f-7866-5691-8fc1-58772e8f49f1','GET /resources.json',1,'2024-02-20 01:15:48'),('cf8b1523-7617-4e6c-9482-61b787545350','509a2bc9-4038-45a8-9eb6-592dd891f7a0','b20e3cc2-e4ea-5b42-804b-7edc9878ef3d','GET /metadata/keys/settings.json',1,'2025-07-01 07:03:59'),('cfa3491e-f290-43cd-990f-2d875311950c','509a2bc9-4038-45a8-9eb6-592dd891f7a0','a8b75aae-cb86-5fda-a8b3-d36ae6155023','GET /gpgkeys.json',1,'2024-02-25 14:25:49'),('cfd621f1-fe55-4888-ad2d-d311806a81cd',NULL,'881ab948-e40f-5a72-91aa-54b442270029','GET /users/me.json',0,'2024-02-18 17:50:20'),('cff9339b-7fac-4305-815d-64e7ce34be80','509a2bc9-4038-45a8-9eb6-592dd891f7a0','02e18a01-42f6-5e5d-b18f-2ee9070e3b9d','POST /folders.json',1,'2024-02-20 01:19:36'),('d03062c1-4efd-4f7c-953c-523099b4b33d',NULL,'bef9f3ca-86ef-5c6a-9b38-320e03ceb5df','GET /settings.json',1,'2024-10-04 09:31:27'),('d033d3ea-6a9e-4433-b2a0-0c7903238d2d','509a2bc9-4038-45a8-9eb6-592dd891f7a0','881ab948-e40f-5a72-91aa-54b442270029','GET /users/me.json',1,'2024-02-25 15:40:01'),('d03695e0-de3c-482b-af08-2f8f3b5b7fae',NULL,'bef9f3ca-86ef-5c6a-9b38-320e03ceb5df','GET /settings.json',1,'2024-02-25 13:11:56'),('d07d2e83-aa36-44f9-a921-9d53ac5c1ac2','509a2bc9-4038-45a8-9eb6-592dd891f7a0','a8b75aae-cb86-5fda-a8b3-d36ae6155023','GET /gpgkeys.json',1,'2024-02-25 12:22:06'),('d0883558-0efa-4244-ba2e-169a5f71e7f0','3fa96e21-518b-41b5-aa72-71850cdd202c','3cffe6ef-ea4c-5bc3-869b-945f26e2601a','GET /groups.json',1,'2024-02-25 13:10:41'),('d0b60b8d-4970-4195-bb49-683b87fe356c','509a2bc9-4038-45a8-9eb6-592dd891f7a0','881ab948-e40f-5a72-91aa-54b442270029','GET /users/me.json',1,'2024-02-24 20:28:41'),('d104b802-5785-4900-a7cd-1389806aff24','509a2bc9-4038-45a8-9eb6-592dd891f7a0','6d616537-c449-589d-bebe-b2d5883e9d35','GET /mfa/settings.json',1,'2024-02-26 20:26:37'),('d1107792-8133-4498-8604-4907da1a8af5','509a2bc9-4038-45a8-9eb6-592dd891f7a0','9b473b19-0e3e-5efb-be19-8a1719843762','GET /account/settings.json',1,'2024-02-25 12:24:36'),('d128f775-1662-4e4c-a552-05cac89b40d7','509a2bc9-4038-45a8-9eb6-592dd891f7a0','d7bc9044-a64e-5421-a4d7-7a94eaa39d37','GET /users.json',1,'2024-02-26 20:26:45'),('d1363bbb-1985-467d-85f0-2aeccae68343',NULL,'bef9f3ca-86ef-5c6a-9b38-320e03ceb5df','GET /settings.json',1,'2024-02-25 13:19:25'),('d139c3c3-f35c-46ca-9cb6-69ccc2216893','509a2bc9-4038-45a8-9eb6-592dd891f7a0','dad1db3f-4fbc-5b3a-9db2-b7413885c30c','GET /app/administration/rbacs',1,'2024-02-25 12:26:08'),('d14cab21-495d-4cad-94da-1c826e1b17f0','509a2bc9-4038-45a8-9eb6-592dd891f7a0','748dcd10-7d15-5498-9aa6-d26de348ff02','GET /auth/verify.json',1,'2024-02-25 13:18:41'),('d15dab7c-0f76-40c9-8426-fde026e66c06',NULL,'50ca4a19-b782-5842-bd2b-f59e9ff4eef9','GET /setup/start/3fa96e21-518b-41b5-aa72-71850cdd202c/9f50a255-aab6-4ed2-87a9-6d040a2dfb9a',1,'2024-02-25 13:09:51'),('d187f01a-30ec-4cbf-8af8-473c6e0a04bf',NULL,'bef9f3ca-86ef-5c6a-9b38-320e03ceb5df','GET /settings.json',1,'2024-02-25 12:39:35'),('d1a63af2-b27d-475b-adac-4935543b2b2e','509a2bc9-4038-45a8-9eb6-592dd891f7a0','881ab948-e40f-5a72-91aa-54b442270029','GET /users/me.json',1,'2024-02-20 07:16:15'),('d1ad6d7b-4b10-4469-ab9e-36518bffb980',NULL,'748dcd10-7d15-5498-9aa6-d26de348ff02','GET /auth/verify.json',1,'2024-02-26 20:17:25'),('d1ddc9e0-9e01-4920-adc3-8bde1b6a9732','509a2bc9-4038-45a8-9eb6-592dd891f7a0','748dcd10-7d15-5498-9aa6-d26de348ff02','GET /auth/verify.json',1,'2024-02-25 13:18:54'),('d1f60e59-fe50-4136-99c1-6d656c29525d','509a2bc9-4038-45a8-9eb6-592dd891f7a0','9b473b19-0e3e-5efb-be19-8a1719843762','GET /account/settings.json',1,'2024-02-24 03:58:26'),('d22b1242-3bdd-4996-b3ef-2c946fbb92c8','509a2bc9-4038-45a8-9eb6-592dd891f7a0','881ab948-e40f-5a72-91aa-54b442270029','GET /users/me.json',1,'2024-02-24 06:43:31'),('d22e90e4-12b7-4f88-9a9c-b7ebb892b29b','509a2bc9-4038-45a8-9eb6-592dd891f7a0','a8b75aae-cb86-5fda-a8b3-d36ae6155023','GET /gpgkeys.json',1,'2024-02-25 12:22:20'),('d2935569-61fb-4e92-b1d8-56cf34745a72',NULL,'91b261cd-7e30-5678-98f5-9faacea29439','POST /setup/recover/complete/509a2bc9-4038-45a8-9eb6-592dd891f7a0',1,'2024-02-25 13:13:48'),('d299cb99-fe30-42f0-a715-4281c8ac3d2c','509a2bc9-4038-45a8-9eb6-592dd891f7a0','d4df7df1-0645-5d2e-b5e3-0cf44ec3d8e7','GET /self-registration/settings.json',1,'2024-02-26 20:26:14'),('d2f3267a-74ed-4220-9474-972594c40ea3',NULL,'17b8a54b-8069-586a-8ca2-7e7569b28e08','OPTIONS /avatars/view/49a9e95d-c7d4-4d5c-8444-a3b1713d5414/small.jpg',0,'2025-07-01 05:57:07'),('d38142d7-b66a-4d03-bd5e-e6b8d0578a09','509a2bc9-4038-45a8-9eb6-592dd891f7a0','69692f38-cbbc-53c7-a44d-68164b57a091','GET /comments/resource/a7096389-1980-4acd-a89a-6c84d6bad4a9.json',1,'2024-02-26 20:30:12'),('d38b583c-84a3-4363-b7b5-ccd788d95730',NULL,'bef9f3ca-86ef-5c6a-9b38-320e03ceb5df','GET /settings.json',1,'2024-02-25 12:39:29'),('d3a3e708-a0ce-4f09-943a-252230a90c8d','509a2bc9-4038-45a8-9eb6-592dd891f7a0','3cffe6ef-ea4c-5bc3-869b-945f26e2601a','GET /groups.json',1,'2024-02-25 12:23:06'),('d3cb5ab9-22b4-4c33-9692-b0569d3602b5',NULL,'a3c19ad2-8920-5395-86d0-8567cb34f382','POST /auth/login.json',1,'2024-02-25 12:43:45'),('d3dcabd7-6b65-440f-a2e2-82cfc5f31e1a','509a2bc9-4038-45a8-9eb6-592dd891f7a0','1cd53591-cb6b-5b03-b0be-05a54644263d','GET /folders.json',1,'2024-02-20 01:42:39'),('d3e7ef8c-34db-431e-8818-11b352ea45bf',NULL,'881ab948-e40f-5a72-91aa-54b442270029','GET /users/me.json',0,'2024-02-19 07:50:24'),('d3f27549-ff3d-4c3a-9b8f-19efa41f9bf7',NULL,'881ab948-e40f-5a72-91aa-54b442270029','GET /users/me.json',0,'2024-02-19 04:50:28'),('d3f5ccf4-2f78-40be-9106-b8dcd2d925f4','509a2bc9-4038-45a8-9eb6-592dd891f7a0','d7bc9044-a64e-5421-a4d7-7a94eaa39d37','GET /users.json',1,'2024-02-25 12:18:40'),('d40cba61-f2c9-4694-8972-1aeb6cba8c8e','509a2bc9-4038-45a8-9eb6-592dd891f7a0','881ab948-e40f-5a72-91aa-54b442270029','GET /users/509a2bc9-4038-45a8-9eb6-592dd891f7a0.json',1,'2024-02-24 03:58:26'),('d43959b8-3b6e-4e03-a7f8-bb2fb8fd815c',NULL,'bef9f3ca-86ef-5c6a-9b38-320e03ceb5df','GET /settings.json',1,'2024-02-18 09:46:24'),('d4896df6-a7f8-40b3-aa6e-195fdb9c79c9','509a2bc9-4038-45a8-9eb6-592dd891f7a0','defacfb8-ce1b-50f1-9b7d-d9865d2f28bd','PUT /users/b8ecdc71-18b4-4f51-97ff-01070a5a74fa.json',1,'2024-02-25 12:20:38'),('d4a1ea9c-5ce6-49bd-8b29-7c0530cfbc97','509a2bc9-4038-45a8-9eb6-592dd891f7a0','881ab948-e40f-5a72-91aa-54b442270029','GET /users/me.json',1,'2024-02-25 12:23:16'),('d4c5c858-c6a3-4141-831d-25c93385d13f',NULL,'bef9f3ca-86ef-5c6a-9b38-320e03ceb5df','GET /settings.json',1,'2025-07-01 06:49:46'),('d4d24d94-21d2-426c-9734-6a03417171d4',NULL,'1c717cd7-d236-55c4-a068-b9a0923b1927','POST /users/recover.json',1,'2024-02-25 13:12:10'),('d4dca7b3-7efc-4396-9974-4d6b86cace79','509a2bc9-4038-45a8-9eb6-592dd891f7a0','bef9f3ca-86ef-5c6a-9b38-320e03ceb5df','GET /settings.json',1,'2024-02-25 12:43:50'),('d50bddf8-547c-41a0-93ea-423f80445c50',NULL,'881ab948-e40f-5a72-91aa-54b442270029','GET /users/me.json',0,'2024-02-18 22:50:31'),('d50c353d-bf67-46c7-856c-dfa00cd89565',NULL,'bef9f3ca-86ef-5c6a-9b38-320e03ceb5df','GET /settings.json',1,'2024-02-19 03:13:50'),('d5119921-dd43-4f72-adad-dd76d1c7fbe8','509a2bc9-4038-45a8-9eb6-592dd891f7a0','881ab948-e40f-5a72-91aa-54b442270029','GET /users/me.json',1,'2024-02-24 07:13:53'),('d51d91c3-581f-4851-9ec4-2f7c8cdd29e2','509a2bc9-4038-45a8-9eb6-592dd891f7a0','881ab948-e40f-5a72-91aa-54b442270029','GET /users/me.json',1,'2024-02-24 23:29:03'),('d53131ff-3752-4471-8945-345ae571fa54','509a2bc9-4038-45a8-9eb6-592dd891f7a0','881ab948-e40f-5a72-91aa-54b442270029','GET /users/me.json',1,'2024-02-24 19:43:41'),('d5778195-27d7-4b78-9edf-860b92d3f278','509a2bc9-4038-45a8-9eb6-592dd891f7a0','30237a18-fd12-5935-b1be-1e2a62ccb71d','GET /roles.json',1,'2024-02-18 09:48:50'),('d5b20757-02de-4ed2-822c-7fe4920629af','509a2bc9-4038-45a8-9eb6-592dd891f7a0','1cd53591-cb6b-5b03-b0be-05a54644263d','GET /folders.json',1,'2024-02-20 01:15:48'),('d5de2624-844f-41fd-9623-d7b9fc239566','509a2bc9-4038-45a8-9eb6-592dd891f7a0','1cd53591-cb6b-5b03-b0be-05a54644263d','GET /folders.json',1,'2024-02-26 20:19:01'),('d5e8ebe9-c1cc-47d3-8a02-fd3f1aba300a',NULL,'bef9f3ca-86ef-5c6a-9b38-320e03ceb5df','GET /settings.json',1,'2025-07-01 05:57:32'),('d602061b-2844-4019-8022-e35058c1bd40','509a2bc9-4038-45a8-9eb6-592dd891f7a0','9b473b19-0e3e-5efb-be19-8a1719843762','GET /account/settings.json',1,'2024-02-26 20:24:13'),('d632bf8c-cbdb-4880-8bb1-3c667afaec8b','509a2bc9-4038-45a8-9eb6-592dd891f7a0','e2aa01a9-84ec-55f8-aaed-24ee23259339','GET /resource-types.json',1,'2024-10-04 02:23:51'),('d64189a3-de5e-4cae-8864-5dac97311d21','509a2bc9-4038-45a8-9eb6-592dd891f7a0','defacfb8-ce1b-50f1-9b7d-d9865d2f28bd','POST /users/509a2bc9-4038-45a8-9eb6-592dd891f7a0.json',1,'2024-02-26 20:23:45'),('d6668642-414e-4265-ad97-6e2fa60e15f1','509a2bc9-4038-45a8-9eb6-592dd891f7a0','e2aa01a9-84ec-55f8-aaed-24ee23259339','GET /resource-types.json',1,'2024-02-25 14:24:31'),('d6726d85-fc99-4846-b02d-270ca53bdd3a','509a2bc9-4038-45a8-9eb6-592dd891f7a0','881ab948-e40f-5a72-91aa-54b442270029','GET /users/me.json',1,'2024-02-24 14:28:40'),('d69a1bec-0f2d-4399-b084-81b11d1c8ae9','509a2bc9-4038-45a8-9eb6-592dd891f7a0','3cffe6ef-ea4c-5bc3-869b-945f26e2601a','GET /groups.json',1,'2024-02-20 01:42:26'),('d7014c73-9f2b-4f1c-8311-2f7bd8fb94d2','3fa96e21-518b-41b5-aa72-71850cdd202c','bef9f3ca-86ef-5c6a-9b38-320e03ceb5df','GET /settings.json',1,'2024-02-25 13:10:41'),('d7519cb8-ebd4-4e70-868a-092a1d6dd292','509a2bc9-4038-45a8-9eb6-592dd891f7a0','1cd53591-cb6b-5b03-b0be-05a54644263d','GET /folders.json',1,'2024-02-20 01:42:40'),('d7528bd6-eec6-4620-86e1-618439d1d7c8','509a2bc9-4038-45a8-9eb6-592dd891f7a0','881ab948-e40f-5a72-91aa-54b442270029','GET /users/me.json',1,'2025-07-01 07:19:48'),('d7732016-0eaa-4778-b227-897ec4f36dde','509a2bc9-4038-45a8-9eb6-592dd891f7a0','713dce91-86f9-5e5b-a98c-fc244fed2f9c','POST /smtp/email.json',0,'2024-02-25 13:03:03'),('d7b0c73c-a791-4b93-81ed-6ecdc5290e5e','509a2bc9-4038-45a8-9eb6-592dd891f7a0','bef9f3ca-86ef-5c6a-9b38-320e03ceb5df','GET /settings.json',1,'2024-02-25 13:04:45'),('d7ecc6fb-de55-46d8-8cac-27fc112cf484','509a2bc9-4038-45a8-9eb6-592dd891f7a0','881ab948-e40f-5a72-91aa-54b442270029','GET /users/509a2bc9-4038-45a8-9eb6-592dd891f7a0.json',1,'2024-02-25 13:13:59'),('d7f092a1-d345-404f-b033-1f04ebfcc27d','509a2bc9-4038-45a8-9eb6-592dd891f7a0','c506210f-7866-5691-8fc1-58772e8f49f1','GET /resources.json',1,'2024-02-20 01:43:25'),('d7f97036-06e0-42d0-9cd4-ed8ccf634ef5','509a2bc9-4038-45a8-9eb6-592dd891f7a0','d7bc9044-a64e-5421-a4d7-7a94eaa39d37','GET /users.json',1,'2024-02-24 04:05:22'),('d82456e1-4653-43b4-a2cb-8ff5febfc72e','509a2bc9-4038-45a8-9eb6-592dd891f7a0','881ab948-e40f-5a72-91aa-54b442270029','GET /users/me.json',1,'2024-02-24 19:28:41'),('d8363001-d5a3-4af1-9daa-1d66a96848cf','509a2bc9-4038-45a8-9eb6-592dd891f7a0','a1a15b91-72f6-5708-8d7f-6940e51d8595','POST /users.json',1,'2024-02-25 12:44:23'),('d840a132-6072-4c21-8c0f-8809796f5562','3fa96e21-518b-41b5-aa72-71850cdd202c','881ab948-e40f-5a72-91aa-54b442270029','GET /users/me.json',1,'2024-02-25 16:06:38'),('d8514204-5ab7-44ac-bba5-551937b75d9d','3fa96e21-518b-41b5-aa72-71850cdd202c','d7bc9044-a64e-5421-a4d7-7a94eaa39d37','GET /users.json',1,'2024-02-25 14:06:31'),('d8815685-9992-4bdf-80a8-8a3fbe7e0e1c','509a2bc9-4038-45a8-9eb6-592dd891f7a0','c506210f-7866-5691-8fc1-58772e8f49f1','GET /resources.json',1,'2024-02-25 12:18:09'),('d8be28a4-97e3-4c39-86de-060e55dcd2fe',NULL,'881ab948-e40f-5a72-91aa-54b442270029','GET /users/me.json',0,'2024-02-20 00:46:40'),('d8d78888-675d-426b-a2cc-948e5a691c41',NULL,'881ab948-e40f-5a72-91aa-54b442270029','GET /users/me.json',0,'2024-02-19 01:20:22'),('d8df6018-e73f-4677-8b50-1ce4e731c806',NULL,'a3c19ad2-8920-5395-86d0-8567cb34f382','POST /auth/login.json',1,'2024-02-27 00:38:40'),('d937c905-ca18-40d2-91ed-4b0807cc8e8b',NULL,'a3c19ad2-8920-5395-86d0-8567cb34f382','POST /auth/verify.json',1,'2024-02-25 12:36:05'),('d96ae848-d134-4dab-a852-3c9e6728b755','509a2bc9-4038-45a8-9eb6-592dd891f7a0','881ab948-e40f-5a72-91aa-54b442270029','GET /users/me.json',1,'2024-02-26 02:44:01'),('d96d8bf7-6b1d-45dc-b584-18e8681be86a','509a2bc9-4038-45a8-9eb6-592dd891f7a0','1cd53591-cb6b-5b03-b0be-05a54644263d','GET /folders.json',1,'2025-07-01 07:04:36'),('da68255d-7a5b-48bc-9148-e7ac15202982',NULL,'bef9f3ca-86ef-5c6a-9b38-320e03ceb5df','GET /settings.json',1,'2024-02-25 13:09:51'),('da909ca7-44ba-4f55-bd9c-f8aef9c9f4c9',NULL,'bef9f3ca-86ef-5c6a-9b38-320e03ceb5df','GET /settings.json',1,'2024-10-04 23:42:33'),('daa19170-6e5d-4105-9056-9ebf73842e36','509a2bc9-4038-45a8-9eb6-592dd891f7a0','a3c19ad2-8920-5395-86d0-8567cb34f382','POST /auth/login.json',1,'2024-02-25 14:24:30'),('dacd60e6-6266-4d21-bc26-74f15dacdbbd','509a2bc9-4038-45a8-9eb6-592dd891f7a0','d7bc9044-a64e-5421-a4d7-7a94eaa39d37','GET /users.json',1,'2024-02-20 03:04:39'),('dafd6fe0-4f58-43d3-8f49-77d4368a48b5',NULL,'17b8a54b-8069-586a-8ca2-7e7569b28e08','OPTIONS /avatars/view/49a9e95d-c7d4-4d5c-8444-a3b1713d5414/small.jpg',0,'2025-07-01 05:57:07'),('db05f7a9-e77e-4731-99d1-82b19e3ada05',NULL,'601d4672-5498-5681-b0af-5c4908a49e91','GET /setup/recover/start/509a2bc9-4038-45a8-9eb6-592dd891f7a0/72ccde60-9ebb-41ed-9be5-19088fa3e2df',1,'2024-02-25 13:12:49'),('db08d2a4-2e95-47f0-86af-c0f895069d14',NULL,'881ab948-e40f-5a72-91aa-54b442270029','GET /users/me.json',0,'2024-02-19 07:05:28'),('db0c70db-68ea-413d-9425-9c72e628b4bd','509a2bc9-4038-45a8-9eb6-592dd891f7a0','3cffe6ef-ea4c-5bc3-869b-945f26e2601a','GET /groups.json',1,'2024-02-25 12:21:03'),('db7f41ec-b007-4b9c-8624-cd111ec77f44','509a2bc9-4038-45a8-9eb6-592dd891f7a0','c506210f-7866-5691-8fc1-58772e8f49f1','GET /resources.json',1,'2024-02-18 09:48:50'),('db94b2dd-4aa4-4f21-844e-fa64e46a9608','509a2bc9-4038-45a8-9eb6-592dd891f7a0','881ab948-e40f-5a72-91aa-54b442270029','GET /users/me.json',1,'2024-02-20 08:01:15'),('db9dbf2b-cb9f-409c-b974-f6e7a51fcd31','509a2bc9-4038-45a8-9eb6-592dd891f7a0','881ab948-e40f-5a72-91aa-54b442270029','GET /users/509a2bc9-4038-45a8-9eb6-592dd891f7a0.json',1,'2024-02-20 01:15:48'),('dbcb5913-bd70-4ae6-8291-5767091b5e41','509a2bc9-4038-45a8-9eb6-592dd891f7a0','a8b75aae-cb86-5fda-a8b3-d36ae6155023','GET /gpgkeys.json',1,'2024-02-25 14:25:00'),('dbddc3b5-6ecc-4983-9c7b-86cc1544dc02','509a2bc9-4038-45a8-9eb6-592dd891f7a0','a8b75aae-cb86-5fda-a8b3-d36ae6155023','GET /gpgkeys.json',1,'2024-02-25 12:22:18'),('dc0c5320-2068-49f6-8456-a30167aa0b35','509a2bc9-4038-45a8-9eb6-592dd891f7a0','881ab948-e40f-5a72-91aa-54b442270029','GET /users/me.json',1,'2024-02-24 10:28:36'),('dc2a9fdb-e016-41b6-abc0-65703f94eede',NULL,'bef9f3ca-86ef-5c6a-9b38-320e03ceb5df','GET /settings.json',1,'2024-10-04 11:01:24'),('dc37cf12-216f-41b9-a06c-70e45e3e0ba3',NULL,'bef9f3ca-86ef-5c6a-9b38-320e03ceb5df','GET /settings.json',1,'2024-02-18 09:45:40'),('dc52d73c-9a03-42d5-b21c-4d2ad84a4da3','509a2bc9-4038-45a8-9eb6-592dd891f7a0','c506210f-7866-5691-8fc1-58772e8f49f1','GET /resources.json',1,'2024-02-25 14:24:31'),('dc9fd8a2-aa8a-431a-ade2-0b97cac9475d','509a2bc9-4038-45a8-9eb6-592dd891f7a0','1cd53591-cb6b-5b03-b0be-05a54644263d','GET /folders.json',1,'2024-02-20 03:00:17'),('dcc71d63-436b-4921-8f00-92037300c61d','509a2bc9-4038-45a8-9eb6-592dd891f7a0','6729d30a-1efa-53a4-8c03-e7542b2fedbe','GET /password-expiry/settings.json',1,'2024-02-18 09:49:41'),('dce0cf7c-79ea-4024-8a7a-4d1d6d561d96',NULL,'bef9f3ca-86ef-5c6a-9b38-320e03ceb5df','GET /settings.json',1,'2024-10-04 02:23:05'),('dce4c8d7-7c45-406f-be9d-ccf13d0d0044','509a2bc9-4038-45a8-9eb6-592dd891f7a0','12c1b158-0100-53d8-a979-83d3cc4a86bc','GET /metadata/types/settings.json',1,'2025-07-01 07:04:01'),('dcff1643-6932-40c4-8e24-f183e5336727',NULL,'bef9f3ca-86ef-5c6a-9b38-320e03ceb5df','GET /settings.json',1,'2024-02-25 13:12:49'),('dd429d99-e010-471b-ace9-a43a56a2e9c2','509a2bc9-4038-45a8-9eb6-592dd891f7a0','3cffe6ef-ea4c-5bc3-869b-945f26e2601a','GET /groups.json',1,'2024-02-25 13:04:45'),('dd668220-e10e-452f-b0ec-5653ce2491d7','509a2bc9-4038-45a8-9eb6-592dd891f7a0','881ab948-e40f-5a72-91aa-54b442270029','GET /users/me.json',1,'2024-02-25 04:43:53'),('ddb72599-3a5b-4b43-a698-cb6561cdbc9d','509a2bc9-4038-45a8-9eb6-592dd891f7a0','881ab948-e40f-5a72-91aa-54b442270029','GET /users/me.json',1,'2024-02-24 16:58:41'),('ddb94d48-2687-43e4-bb0e-674a71a7bd86','509a2bc9-4038-45a8-9eb6-592dd891f7a0','4f7dc567-b5aa-5226-bd33-740d11f451ea','GET /rbacs.json',1,'2024-02-25 12:26:08'),('de364209-ab2f-414c-bfbf-a38e6625521a',NULL,'25846782-ae10-560b-a266-fea0e238b097','GET /users/recover',1,'2025-07-01 05:48:36'),('de458e0c-7c6a-4527-867a-5a4b9ec6aa6e','509a2bc9-4038-45a8-9eb6-592dd891f7a0','9b473b19-0e3e-5efb-be19-8a1719843762','GET /account/settings.json',1,'2024-02-25 14:24:31'),('de47be41-dbc0-4c64-95a2-32e83410d7d9','509a2bc9-4038-45a8-9eb6-592dd891f7a0','1cd53591-cb6b-5b03-b0be-05a54644263d','GET /folders.json',1,'2024-02-25 12:17:39'),('de7509eb-b527-4121-b7d0-d752182a3611','509a2bc9-4038-45a8-9eb6-592dd891f7a0','a8b75aae-cb86-5fda-a8b3-d36ae6155023','GET /gpgkeys.json',1,'2024-02-26 20:39:41'),('de8a908b-ea98-4624-8828-b47c33e64d9f','509a2bc9-4038-45a8-9eb6-592dd891f7a0','c506210f-7866-5691-8fc1-58772e8f49f1','GET /resources.json',1,'2024-02-25 12:16:59'),('dead6f9a-c9d4-4418-90f7-daf3408ad7d2',NULL,'bef9f3ca-86ef-5c6a-9b38-320e03ceb5df','GET /settings.json',1,'2024-10-04 16:56:31'),('deb8fc39-7f88-4a70-9c40-d41724679220','509a2bc9-4038-45a8-9eb6-592dd891f7a0','9b473b19-0e3e-5efb-be19-8a1719843762','GET /account/settings.json',1,'2024-02-24 04:03:09'),('def1b35c-895c-4df4-af2e-b12a4f56e0e6','509a2bc9-4038-45a8-9eb6-592dd891f7a0','881ab948-e40f-5a72-91aa-54b442270029','GET /users/509a2bc9-4038-45a8-9eb6-592dd891f7a0.json',1,'2024-02-24 04:05:22'),('df2dc8ee-3243-4db0-82a8-ec08a194dfec','509a2bc9-4038-45a8-9eb6-592dd891f7a0','a8b75aae-cb86-5fda-a8b3-d36ae6155023','GET /gpgkeys.json',1,'2024-02-26 20:39:47'),('df43af83-7ec2-4411-8d03-a772d247ec23','3fa96e21-518b-41b5-aa72-71850cdd202c','bef9f3ca-86ef-5c6a-9b38-320e03ceb5df','GET /settings.json',1,'2024-02-25 14:06:30'),('df4b28ac-c35a-4de9-82d4-192516c15f4f',NULL,'bef9f3ca-86ef-5c6a-9b38-320e03ceb5df','GET /settings.json',1,'2024-02-28 03:51:51'),('df4b9eb4-51d7-481f-a5b7-0a27190d5822',NULL,'bef9f3ca-86ef-5c6a-9b38-320e03ceb5df','GET /settings.json',1,'2024-10-05 00:06:04'),('df63c847-ddfe-4e0a-95e1-b26fa69e4ece','509a2bc9-4038-45a8-9eb6-592dd891f7a0','6729d30a-1efa-53a4-8c03-e7542b2fedbe','GET /password-expiry/settings.json',1,'2024-02-25 14:24:31'),('df77b59c-addd-4dae-a4b0-d3914642a98f',NULL,'bef9f3ca-86ef-5c6a-9b38-320e03ceb5df','GET /settings.json',1,'2024-02-25 12:39:25'),('dfc15c96-4e17-47cf-8cc3-545f0005745d',NULL,'bef9f3ca-86ef-5c6a-9b38-320e03ceb5df','GET /settings.json',1,'2024-02-26 00:43:36'),('dfceecff-1f65-45f5-b713-639fe8f33afa','509a2bc9-4038-45a8-9eb6-592dd891f7a0','1cd53591-cb6b-5b03-b0be-05a54644263d','GET /folders.json',1,'2024-02-25 12:16:39'),('dfe6055a-b540-44e8-9530-dfdc0a2792f2','509a2bc9-4038-45a8-9eb6-592dd891f7a0','881ab948-e40f-5a72-91aa-54b442270029','GET /users/me.json',1,'2024-02-25 01:13:36'),('e01ad444-04ea-4dd2-bdc2-4a04e6eae396','509a2bc9-4038-45a8-9eb6-592dd891f7a0','d7bc9044-a64e-5421-a4d7-7a94eaa39d37','GET /users.json',1,'2024-02-20 02:57:35'),('e03d7bd4-b742-4cfd-a5ab-608503cec0c6',NULL,'bef9f3ca-86ef-5c6a-9b38-320e03ceb5df','GET /settings.json',1,'2024-02-25 12:36:14'),('e07563ba-759a-44de-a58d-fd4314ddc164',NULL,'bef9f3ca-86ef-5c6a-9b38-320e03ceb5df','GET /settings.json',1,'2024-10-04 10:34:17'),('e1105bf5-8c2d-4d18-8fa8-98a8979eb0fc',NULL,'1c717cd7-d236-55c4-a068-b9a0923b1927','POST /users/recover.json',0,'2025-07-01 06:18:40'),('e127886d-5cbb-4d6b-82a4-b0fc17fa14a0','509a2bc9-4038-45a8-9eb6-592dd891f7a0','bef9f3ca-86ef-5c6a-9b38-320e03ceb5df','GET /settings.json',1,'2024-02-24 03:58:26'),('e1526de8-9ec0-4abd-ac90-89450f407ef8',NULL,'bef9f3ca-86ef-5c6a-9b38-320e03ceb5df','GET /settings.json',1,'2024-02-25 13:14:03'),('e1b8b9b8-7ecf-4cf2-8416-a1e63ddf4500','509a2bc9-4038-45a8-9eb6-592dd891f7a0','1035f824-fe76-5a69-b02c-9aa60a31858c','GET /',1,'2024-02-26 00:43:53'),('e1cd4f83-24c3-42ff-95f4-e5ff8bda6a89','509a2bc9-4038-45a8-9eb6-592dd891f7a0','c506210f-7866-5691-8fc1-58772e8f49f1','GET /resources.json',1,'2024-02-26 20:30:10'),('e1e8b1de-54c0-4c18-ba27-29c5aed4b43b','509a2bc9-4038-45a8-9eb6-592dd891f7a0','881ab948-e40f-5a72-91aa-54b442270029','GET /users/me.json',1,'2024-02-20 05:16:11'),('e1ec651b-946d-4cf8-b9cd-32eb3aec9006','509a2bc9-4038-45a8-9eb6-592dd891f7a0','881ab948-e40f-5a72-91aa-54b442270029','GET /users/me.json',1,'2024-10-04 02:38:59'),('e1f37257-d875-4aa6-922c-055cafbcbdfa',NULL,'601d4672-5498-5681-b0af-5c4908a49e91','GET /setup/recover/start/3fa96e21-518b-41b5-aa72-71850cdd202c/c77d5abb-f1ad-4453-bee7-99a5808b0065',1,'2024-02-25 13:18:41'),('e25c11b1-621f-4f9e-a28d-2ab9ceeca5c4','509a2bc9-4038-45a8-9eb6-592dd891f7a0','a3c19ad2-8920-5395-86d0-8567cb34f382','POST /auth/login.json',1,'2025-07-01 06:49:47'),('e2a8586d-c090-4eac-9ff8-d689fbc13712','3fa96e21-518b-41b5-aa72-71850cdd202c','881ab948-e40f-5a72-91aa-54b442270029','GET /users/me.json',1,'2024-02-25 15:06:34'),('e2aa89cf-8d59-4c8d-a86a-d4ca66926ce0','509a2bc9-4038-45a8-9eb6-592dd891f7a0','a8b75aae-cb86-5fda-a8b3-d36ae6155023','GET /gpgkeys.json',1,'2024-02-25 12:22:09'),('e2cb11da-74d5-4e71-9009-057031103d2b',NULL,'1c717cd7-d236-55c4-a068-b9a0923b1927','POST /users/recover.json',1,'2024-02-25 13:11:12'),('e2e69589-3aae-4d85-be2b-51ac9d55fea4','509a2bc9-4038-45a8-9eb6-592dd891f7a0','881ab948-e40f-5a72-91aa-54b442270029','GET /users/me.json',1,'2024-02-24 18:28:41'),('e32e029c-83c0-465b-ab9b-ce8c3aea141e','509a2bc9-4038-45a8-9eb6-592dd891f7a0','881ab948-e40f-5a72-91aa-54b442270029','GET /users/me.json',1,'2024-02-24 15:43:40'),('e3346d34-07b0-4d66-81e7-f44096d30a6e','509a2bc9-4038-45a8-9eb6-592dd891f7a0','1035f824-fe76-5a69-b02c-9aa60a31858c','GET /',1,'2024-02-18 09:50:04'),('e34d9860-8ced-4bbc-b027-f70798af7b6e',NULL,'bef9f3ca-86ef-5c6a-9b38-320e03ceb5df','GET /settings.json',1,'2024-10-04 17:36:34'),('e34efbdf-7bae-49c5-875a-a50eb1276d49','509a2bc9-4038-45a8-9eb6-592dd891f7a0','d7bc9044-a64e-5421-a4d7-7a94eaa39d37','GET /users.json',1,'2024-02-20 03:00:01'),('e364c0c8-bc9c-4b78-8db0-7435d6b4868c','509a2bc9-4038-45a8-9eb6-592dd891f7a0','a04f2607-8cb6-56c6-a9cb-6b9c7603bacd','GET /rbacs/me.json',1,'2024-02-24 04:05:16'),('e3853c48-9cbf-48b2-9527-281970d2bdf1','509a2bc9-4038-45a8-9eb6-592dd891f7a0','bef9f3ca-86ef-5c6a-9b38-320e03ceb5df','GET /settings.json',1,'2024-02-25 13:18:54'),('e3b88b36-c63b-4798-8149-aeced40fff43','509a2bc9-4038-45a8-9eb6-592dd891f7a0','c506210f-7866-5691-8fc1-58772e8f49f1','GET /resources.json',1,'2024-02-26 20:45:19'),('e3bc4e74-0b11-48fb-b5e1-1d3d7d4daf36','509a2bc9-4038-45a8-9eb6-592dd891f7a0','881ab948-e40f-5a72-91aa-54b442270029','GET /users/me.json',1,'2024-02-24 22:43:41'),('e3daeb94-8ee8-456c-9b58-e2e34844f72e',NULL,'a3c19ad2-8920-5395-86d0-8567cb34f382','POST /auth/verify.json',1,'2024-02-26 00:43:43'),('e42ebe9a-e1dd-4e3f-add1-65116bf2ff84','509a2bc9-4038-45a8-9eb6-592dd891f7a0','881ab948-e40f-5a72-91aa-54b442270029','GET /users/me.json',1,'2024-02-25 12:13:32'),('e435d503-98f3-4f41-ba13-f425dec28ed9','509a2bc9-4038-45a8-9eb6-592dd891f7a0','6729d30a-1efa-53a4-8c03-e7542b2fedbe','GET /password-expiry/settings.json',1,'2024-10-04 02:23:52'),('e4619c7c-ee11-4552-8e11-fea2f2ed32d5','509a2bc9-4038-45a8-9eb6-592dd891f7a0','881ab948-e40f-5a72-91aa-54b442270029','GET /users/me.json',1,'2024-02-25 00:28:36'),('e4815367-41d7-4b13-91f2-6a1a004aaa85',NULL,'bef9f3ca-86ef-5c6a-9b38-320e03ceb5df','GET /settings.json',1,'2024-02-25 12:39:49'),('e4852ee0-120d-4945-9e76-118a3978730a','509a2bc9-4038-45a8-9eb6-592dd891f7a0','c506210f-7866-5691-8fc1-58772e8f49f1','GET /resources.json',1,'2024-02-25 12:16:39'),('e4faf482-e1b2-42ae-a5a4-7b7b6292fc79',NULL,'1c717cd7-d236-55c4-a068-b9a0923b1927','POST /users/recover.json',0,'2024-02-25 12:43:22'),('e50a5cc6-f44d-463f-967e-ec8b3fd49e4f',NULL,'748dcd10-7d15-5498-9aa6-d26de348ff02','GET /auth/verify.json',1,'2024-02-18 09:45:40'),('e516ae52-ff6e-4655-b75a-69e1d229b982',NULL,'601d4672-5498-5681-b0af-5c4908a49e91','GET /setup/recover/start/3fa96e21-518b-41b5-aa72-71850cdd202c/c77d5abb-f1ad-4453-bee7-99a5808b0065',1,'2024-02-25 14:05:33'),('e54e12b4-3199-489e-ae77-0092eb706da0',NULL,'601d4672-5498-5681-b0af-5c4908a49e91','GET /setup/recover/start/509a2bc9-4038-45a8-9eb6-592dd891f7a0/084fb882-b5f6-4bc0-bba0-5426d9a62fdf',1,'2024-02-26 20:17:18'),('e56e613f-3383-4f7a-8e88-17f5c905c57e','509a2bc9-4038-45a8-9eb6-592dd891f7a0','881ab948-e40f-5a72-91aa-54b442270029','GET /users/me.json',1,'2024-02-20 06:46:15'),('e58d6f57-75ff-459e-a79d-d06be45dc637','509a2bc9-4038-45a8-9eb6-592dd891f7a0','881ab948-e40f-5a72-91aa-54b442270029','GET /users/me.json',1,'2024-02-24 10:58:35'),('e58e2fa7-028a-45e0-bc85-7c6de6d07822','509a2bc9-4038-45a8-9eb6-592dd891f7a0','a8b75aae-cb86-5fda-a8b3-d36ae6155023','GET /gpgkeys.json',1,'2024-02-26 20:39:06'),('e58f0d7d-680e-4993-ab74-6a247380e7cc','509a2bc9-4038-45a8-9eb6-592dd891f7a0','881ab948-e40f-5a72-91aa-54b442270029','GET /users/me.json',1,'2024-02-25 02:43:48'),('e5d1cddf-390f-4f7e-9e34-608af53406cb','509a2bc9-4038-45a8-9eb6-592dd891f7a0','ad8bbc35-6435-538e-b1a7-80b87bcedb6a','POST /resources.json',1,'2024-02-25 12:15:51'),('e6193df5-99ea-43b8-99d1-cc7f16555d0d','509a2bc9-4038-45a8-9eb6-592dd891f7a0','881ab948-e40f-5a72-91aa-54b442270029','GET /users/me.json',1,'2024-02-25 00:43:28'),('e61d29b3-d4cc-4099-86e1-991b096354e7','509a2bc9-4038-45a8-9eb6-592dd891f7a0','881ab948-e40f-5a72-91aa-54b442270029','GET /users/me.json',1,'2024-02-24 20:13:41'),('e62450f9-737b-4dc8-8e00-fb0dd26eabac','509a2bc9-4038-45a8-9eb6-592dd891f7a0','a3c19ad2-8920-5395-86d0-8567cb34f382','POST /auth/login.json',1,'2024-02-24 04:05:12'),('e66a90ed-68d9-4193-80b5-3e50d733b740',NULL,'bef9f3ca-86ef-5c6a-9b38-320e03ceb5df','GET /settings.json',1,'2024-10-04 15:25:57'),('e679f23e-6255-44b9-a5c0-916e966f62d8',NULL,'bef9f3ca-86ef-5c6a-9b38-320e03ceb5df','GET /settings.json',1,'2024-02-25 13:11:01'),('e67de385-dbc6-4f75-9c11-731128c64bae','509a2bc9-4038-45a8-9eb6-592dd891f7a0','881ab948-e40f-5a72-91aa-54b442270029','GET /users/509a2bc9-4038-45a8-9eb6-592dd891f7a0.json',1,'2024-02-25 13:04:45'),('e690f803-5f94-4db5-8072-5cb58d4e45d3','509a2bc9-4038-45a8-9eb6-592dd891f7a0','3cffe6ef-ea4c-5bc3-869b-945f26e2601a','GET /groups.json',1,'2024-02-25 14:32:10'),('e6b34171-6cce-40ef-9319-04dd3811d4a9','509a2bc9-4038-45a8-9eb6-592dd891f7a0','e2aa01a9-84ec-55f8-aaed-24ee23259339','GET /resource-types.json',1,'2024-02-25 13:13:59'),('e6b9fe2b-a492-4f19-87da-f11b916826d5','509a2bc9-4038-45a8-9eb6-592dd891f7a0','30237a18-fd12-5935-b1be-1e2a62ccb71d','GET /roles.json',1,'2024-02-25 13:13:59'),('e6cfef15-01fe-4cff-a9da-228bb61ef211',NULL,'bef9f3ca-86ef-5c6a-9b38-320e03ceb5df','GET /settings.json',1,'2025-07-01 06:26:32'),('e6d94b98-f80f-41d9-a929-d1fe49f6f6d5','509a2bc9-4038-45a8-9eb6-592dd891f7a0','881ab948-e40f-5a72-91aa-54b442270029','GET /users/me.json',1,'2024-02-25 09:43:47'),('e6da5b17-5ef2-451d-a9e6-ebebf933fda2','509a2bc9-4038-45a8-9eb6-592dd891f7a0','c506210f-7866-5691-8fc1-58772e8f49f1','GET /resources.json',1,'2024-02-25 12:08:29'),('e70250ad-ed97-44c0-8b94-66de6017496b','509a2bc9-4038-45a8-9eb6-592dd891f7a0','881ab948-e40f-5a72-91aa-54b442270029','GET /users/me.json',1,'2024-02-24 12:28:35'),('e7040c4a-7197-4e4c-8be3-c5946846ed14','509a2bc9-4038-45a8-9eb6-592dd891f7a0','dad1db3f-4fbc-5b3a-9db2-b7413885c30c','GET /app/administration/mfa',1,'2024-02-25 12:23:15'),('e74afb92-5925-4fea-966a-98bc16efdb2d','509a2bc9-4038-45a8-9eb6-592dd891f7a0','3cffe6ef-ea4c-5bc3-869b-945f26e2601a','GET /groups.json',1,'2024-02-25 12:17:24'),('e78f8dc4-0759-4060-a7b2-e755b9962d2b','509a2bc9-4038-45a8-9eb6-592dd891f7a0','72a35b3d-5baf-57cd-b6ba-a946bd879ad4','GET /password-policies/settings.json',1,'2024-02-26 00:43:55'),('e791a712-0456-4592-a452-01cf87c02864','509a2bc9-4038-45a8-9eb6-592dd891f7a0','a8b75aae-cb86-5fda-a8b3-d36ae6155023','GET /gpgkeys.json',1,'2024-02-25 12:22:09'),('e7a4fd5a-6bc8-414d-8b70-4cf28a3bd4bd',NULL,'881ab948-e40f-5a72-91aa-54b442270029','GET /users/me.json',0,'2024-02-19 05:05:28'),('e7e263af-f062-48d3-9431-6d3e6ec37564','509a2bc9-4038-45a8-9eb6-592dd891f7a0','53da54b1-9576-52ab-a11f-b2265b5aa455','GET /smtp/settings.json',1,'2024-02-25 12:55:13'),('e81a7c67-6440-4209-bbc2-5f10f57e2467','509a2bc9-4038-45a8-9eb6-592dd891f7a0','c506210f-7866-5691-8fc1-58772e8f49f1','GET /resources.json',1,'2024-02-25 14:25:15'),('e84553d6-b3c1-40a9-80ec-74c533a47026','509a2bc9-4038-45a8-9eb6-592dd891f7a0','1cd53591-cb6b-5b03-b0be-05a54644263d','GET /folders.json',1,'2025-07-01 07:04:24'),('e859d5ae-580a-409e-a50c-7c54dfdd3fc5','509a2bc9-4038-45a8-9eb6-592dd891f7a0','8d061841-cef0-509a-8ee3-de91c7390d99','GET /metadata/upgrade/resources.json',1,'2025-07-01 07:04:01'),('e8a0b1f8-1610-4223-89e0-cd0a5b6a756f',NULL,'881ab948-e40f-5a72-91aa-54b442270029','GET /users/me.json',0,'2024-02-18 19:06:50'),('e8b123a8-e429-4595-8985-8c119ccfdb9a','509a2bc9-4038-45a8-9eb6-592dd891f7a0','bef9f3ca-86ef-5c6a-9b38-320e03ceb5df','GET /settings.json',1,'2024-02-25 13:13:59'),('e8d49e97-b889-48f7-9283-068b25f46be1','509a2bc9-4038-45a8-9eb6-592dd891f7a0','9b473b19-0e3e-5efb-be19-8a1719843762','GET /account/settings.json',1,'2024-02-26 20:23:25'),('e8d9027b-aed4-4a87-bdb5-06d49fe4ea09','509a2bc9-4038-45a8-9eb6-592dd891f7a0','c506210f-7866-5691-8fc1-58772e8f49f1','GET /resources.json',1,'2024-02-18 09:50:05'),('e9680ccb-5f1d-4864-897e-6f5d68ec3b2c','509a2bc9-4038-45a8-9eb6-592dd891f7a0','881ab948-e40f-5a72-91aa-54b442270029','GET /users/509a2bc9-4038-45a8-9eb6-592dd891f7a0.json',1,'2024-02-26 00:43:55'),('e9731a82-2d71-4938-83a6-7a19e2715eb8','509a2bc9-4038-45a8-9eb6-592dd891f7a0','881ab948-e40f-5a72-91aa-54b442270029','GET /users/509a2bc9-4038-45a8-9eb6-592dd891f7a0.json',1,'2024-02-26 20:26:45'),('e9a23cc8-22b7-431a-a39f-dbfe212dba89',NULL,'bef9f3ca-86ef-5c6a-9b38-320e03ceb5df','GET /settings.json',1,'2025-07-01 06:42:34'),('e9a5512f-0f3e-41f8-9999-190e377221ba',NULL,'bef9f3ca-86ef-5c6a-9b38-320e03ceb5df','GET /settings.json',1,'2024-02-24 04:09:17'),('ea1f135f-21d4-4023-9e1a-668c7726c952','509a2bc9-4038-45a8-9eb6-592dd891f7a0','a04f2607-8cb6-56c6-a9cb-6b9c7603bacd','GET /rbacs/me.json',1,'2024-02-26 20:23:25'),('ea660af0-cbac-42b1-872a-90fad94424df','509a2bc9-4038-45a8-9eb6-592dd891f7a0','3cffe6ef-ea4c-5bc3-869b-945f26e2601a','GET /groups.json',1,'2024-02-24 03:58:50'),('ea80ce0c-91bb-42b0-ae8d-6dcb1118e89f','509a2bc9-4038-45a8-9eb6-592dd891f7a0','881ab948-e40f-5a72-91aa-54b442270029','GET /users/me.json',1,'2024-02-24 11:13:35'),('ea82ebda-2f04-4898-924b-1a72fdc49711','509a2bc9-4038-45a8-9eb6-592dd891f7a0','6729d30a-1efa-53a4-8c03-e7542b2fedbe','GET /password-expiry/settings.json',1,'2025-07-01 06:49:53'),('ea9895b7-3d8d-4e48-83ab-f35a0ca72e4f','3fa96e21-518b-41b5-aa72-71850cdd202c','72a35b3d-5baf-57cd-b6ba-a946bd879ad4','GET /password-policies/settings.json',1,'2024-02-25 13:10:41'),('eaa2668d-d664-4d97-9d7a-7b771c1be9a1','509a2bc9-4038-45a8-9eb6-592dd891f7a0','881ab948-e40f-5a72-91aa-54b442270029','GET /users/me.json',1,'2024-02-24 20:58:41'),('eac1cd5e-f0d1-447c-a215-0e9bef1df5b2','509a2bc9-4038-45a8-9eb6-592dd891f7a0','a04f2607-8cb6-56c6-a9cb-6b9c7603bacd','GET /rbacs/me.json',1,'2024-02-25 12:43:50'),('eaefe0b6-2043-4800-9c6b-0b47cbefc19b',NULL,'748dcd10-7d15-5498-9aa6-d26de348ff02','GET /auth/verify.json',1,'2024-02-18 09:46:25'),('eafd846e-f1e1-4e7c-b2f3-81b799e4f899','509a2bc9-4038-45a8-9eb6-592dd891f7a0','881ab948-e40f-5a72-91aa-54b442270029','GET /users/509a2bc9-4038-45a8-9eb6-592dd891f7a0.json',1,'2024-02-26 20:18:04'),('eb4593fd-ea2b-4fe2-ac16-7259cdc1804b','509a2bc9-4038-45a8-9eb6-592dd891f7a0','c506210f-7866-5691-8fc1-58772e8f49f1','GET /resources.json',1,'2024-02-20 03:00:01'),('eb5f1c7a-c9c8-4171-b976-7c44721c9065',NULL,'bef9f3ca-86ef-5c6a-9b38-320e03ceb5df','GET /settings.json',1,'2024-10-04 15:16:00'),('eb6014d1-bc12-4a4d-bdbb-a7a53f3acefe',NULL,'bef9f3ca-86ef-5c6a-9b38-320e03ceb5df','GET /settings.json',1,'2024-10-04 23:54:01'),('eb6fdf06-45cc-4b3c-bc84-5da58c532807','509a2bc9-4038-45a8-9eb6-592dd891f7a0','601d4672-5498-5681-b0af-5c4908a49e91','GET /setup/recover/start/3fa96e21-518b-41b5-aa72-71850cdd202c/c77d5abb-f1ad-4453-bee7-99a5808b0065',1,'2024-02-25 13:15:46'),('ec209e62-6139-439e-88e6-727d0928111c','509a2bc9-4038-45a8-9eb6-592dd891f7a0','881ab948-e40f-5a72-91aa-54b442270029','GET /users/me.json',1,'2024-02-25 12:59:05'),('ec7a1987-a4bb-4432-8058-def757774a29',NULL,'bef9f3ca-86ef-5c6a-9b38-320e03ceb5df','GET /settings.json',1,'2024-02-25 13:18:58'),('ecf67b03-b4d3-4dfa-9dc2-f24533b90aa5','509a2bc9-4038-45a8-9eb6-592dd891f7a0','881ab948-e40f-5a72-91aa-54b442270029','GET /users/me.json',1,'2024-02-20 09:01:07'),('edab6319-20ec-48b6-8626-ef71e9f47013','509a2bc9-4038-45a8-9eb6-592dd891f7a0','1cd53591-cb6b-5b03-b0be-05a54644263d','GET /folders.json',1,'2024-10-04 02:23:52'),('ede39fe0-ec42-4beb-a4dc-ffc121b0c32c','509a2bc9-4038-45a8-9eb6-592dd891f7a0','30237a18-fd12-5935-b1be-1e2a62ccb71d','GET /roles.json',1,'2024-02-25 14:24:31'),('ede78071-58ff-42de-b325-f2166f721a9f',NULL,'50ca4a19-b782-5842-bd2b-f59e9ff4eef9','GET /setup/start/3fa96e21-518b-41b5-aa72-71850cdd202c/9f50a255-aab6-4ed2-87a9-6d040a2dfb9a.json',0,'2024-02-25 13:11:35'),('ee4ad5e5-1ffc-47cd-b011-cebb8a06602b','509a2bc9-4038-45a8-9eb6-592dd891f7a0','1cd53591-cb6b-5b03-b0be-05a54644263d','GET /folders.json',1,'2024-02-20 02:21:48'),('ee624594-0c95-45ca-83b1-f32a3aa8e7b4','509a2bc9-4038-45a8-9eb6-592dd891f7a0','881ab948-e40f-5a72-91aa-54b442270029','GET /users/me.json',1,'2024-02-26 01:29:17'),('eeab5d3a-c86c-41a4-91b3-d993a093d4c5',NULL,'50ca4a19-b782-5842-bd2b-f59e9ff4eef9','GET /setup/install/509a2bc9-4038-45a8-9eb6-592dd891f7a0/ff10e01a-0f09-4c5c-a518-ebfe706ed4b3.json',1,'2024-02-18 09:47:16'),('eedaf226-88d3-4620-afea-f61f5918a2ff',NULL,'1c717cd7-d236-55c4-a068-b9a0923b1927','POST /users/recover.json',1,'2025-07-01 05:48:13'),('eefdac6b-d1f7-4cf7-aa1d-51b5e3278e91','509a2bc9-4038-45a8-9eb6-592dd891f7a0','881ab948-e40f-5a72-91aa-54b442270029','GET /users/me.json',1,'2024-02-25 12:24:27'),('ef56aecd-e9e4-437e-949c-a60bd437b6ec','509a2bc9-4038-45a8-9eb6-592dd891f7a0','defacfb8-ce1b-50f1-9b7d-d9865d2f28bd','PUT /users/b8ecdc71-18b4-4f51-97ff-01070a5a74fa.json',1,'2024-02-25 12:20:21'),('ef6b9b0f-a0a6-4770-8b27-5ccee6848425','509a2bc9-4038-45a8-9eb6-592dd891f7a0','881ab948-e40f-5a72-91aa-54b442270029','GET /users/me.json',1,'2024-02-20 03:46:03'),('ef7ba3ad-0431-4306-b123-c4884a163230',NULL,'bef9f3ca-86ef-5c6a-9b38-320e03ceb5df','GET /settings.json',1,'2024-02-25 12:43:35'),('ef82203c-d0b1-4ee4-b6d7-e22911ac1b89','509a2bc9-4038-45a8-9eb6-592dd891f7a0','881ab948-e40f-5a72-91aa-54b442270029','GET /users/me.json',1,'2024-02-20 10:46:13'),('ef9f6c85-9099-4ba2-add0-1965101db851','509a2bc9-4038-45a8-9eb6-592dd891f7a0','881ab948-e40f-5a72-91aa-54b442270029','GET /users/me.json',1,'2024-02-24 08:43:48'),('eff88869-e13f-4c4b-b1c2-b113a6025f76',NULL,'a3c19ad2-8920-5395-86d0-8567cb34f382','POST /auth/verify.json',1,'2024-02-25 13:13:26'),('f053c3f8-401f-4887-8f47-577e447913e1','509a2bc9-4038-45a8-9eb6-592dd891f7a0','3cffe6ef-ea4c-5bc3-869b-945f26e2601a','GET /groups.json',1,'2024-02-20 02:57:47'),('f06a5f57-6411-44c9-a413-27fb0603a185','509a2bc9-4038-45a8-9eb6-592dd891f7a0','3cffe6ef-ea4c-5bc3-869b-945f26e2601a','GET /groups.json',1,'2024-02-26 20:26:45'),('f0cb466a-294a-4834-8d24-c7eed9e0487f','509a2bc9-4038-45a8-9eb6-592dd891f7a0','a3c19ad2-8920-5395-86d0-8567cb34f382','POST /auth/login.json',1,'2024-02-25 12:43:45'),('f0dd51dc-afd8-4d6c-88c5-f3672a710c80','509a2bc9-4038-45a8-9eb6-592dd891f7a0','a04f2607-8cb6-56c6-a9cb-6b9c7603bacd','GET /rbacs/me.json',1,'2024-02-26 20:46:03'),('f0df3860-1c1b-4d6b-8362-3c23e25e889f','509a2bc9-4038-45a8-9eb6-592dd891f7a0','c506210f-7866-5691-8fc1-58772e8f49f1','GET /resources.json',1,'2024-02-25 12:18:41'),('f0e5df91-c99c-4ae1-93e9-fddc81dee25d',NULL,'bef9f3ca-86ef-5c6a-9b38-320e03ceb5df','GET /settings.json',1,'2024-02-25 13:17:26'),('f11479de-0670-4b33-8269-f63ae63c40e0','509a2bc9-4038-45a8-9eb6-592dd891f7a0','a8b75aae-cb86-5fda-a8b3-d36ae6155023','GET /gpgkeys.json',1,'2024-02-26 20:39:35'),('f14c9056-7632-405e-8ebf-be36e780ca78',NULL,'1c717cd7-d236-55c4-a068-b9a0923b1927','POST /users/recover.json',0,'2024-02-24 04:09:03'),('f182ad83-5aa6-402f-ad59-99f6623c1e20','509a2bc9-4038-45a8-9eb6-592dd891f7a0','1cd53591-cb6b-5b03-b0be-05a54644263d','GET /folders.json',1,'2024-02-24 04:17:18'),('f1ed4b95-8b77-43c8-adb2-958087aa8acf','509a2bc9-4038-45a8-9eb6-592dd891f7a0','881ab948-e40f-5a72-91aa-54b442270029','GET /users/509a2bc9-4038-45a8-9eb6-592dd891f7a0.json',1,'2025-07-01 06:49:53'),('f1f9f972-4f51-45f8-9678-8f130e8fb076','509a2bc9-4038-45a8-9eb6-592dd891f7a0','9b473b19-0e3e-5efb-be19-8a1719843762','GET /account/settings.json',1,'2024-02-26 00:43:54'),('f2649dc5-4049-46ef-bb73-078e104e6f40','509a2bc9-4038-45a8-9eb6-592dd891f7a0','3cffe6ef-ea4c-5bc3-869b-945f26e2601a','GET /groups.json',1,'2024-02-26 20:45:35'),('f29fdb6a-5f84-40cf-91bc-4ba7e2acca67','509a2bc9-4038-45a8-9eb6-592dd891f7a0','bef9f3ca-86ef-5c6a-9b38-320e03ceb5df','GET /settings.json',1,'2024-02-24 04:05:12'),('f2cd440d-1d21-436e-90cf-a1fcbecd5e04','509a2bc9-4038-45a8-9eb6-592dd891f7a0','bef9f3ca-86ef-5c6a-9b38-320e03ceb5df','GET /settings.json',1,'2024-02-25 13:18:54'),('f2f62c69-40fc-4dd2-b411-00d0fcf89683','509a2bc9-4038-45a8-9eb6-592dd891f7a0','881ab948-e40f-5a72-91aa-54b442270029','GET /users/me.json',1,'2024-02-26 20:21:53'),('f303336b-a194-4d7e-94d2-89e116e04f5c','509a2bc9-4038-45a8-9eb6-592dd891f7a0','ad8bbc35-6435-538e-b1a7-80b87bcedb6a','POST /resources.json',1,'2024-02-25 12:15:51'),('f34d8e0f-5fee-40dc-a06b-1d48c82e3d93',NULL,'bef9f3ca-86ef-5c6a-9b38-320e03ceb5df','GET /settings.json',1,'2024-10-04 10:38:39'),('f36881c8-42d6-492f-a274-a742be4f3a76','509a2bc9-4038-45a8-9eb6-592dd891f7a0','881ab948-e40f-5a72-91aa-54b442270029','GET /users/me.json',1,'2024-02-20 07:31:15'),('f3cb66b8-eb51-49f7-a984-4416713d4699','509a2bc9-4038-45a8-9eb6-592dd891f7a0','9b473b19-0e3e-5efb-be19-8a1719843762','GET /account/settings.json',1,'2025-07-01 07:03:39'),('f3d116d4-17d1-42ac-837d-b917c11c6eac','509a2bc9-4038-45a8-9eb6-592dd891f7a0','d7bc9044-a64e-5421-a4d7-7a94eaa39d37','GET /users.json',1,'2024-02-25 12:22:27'),('f3d52266-5ddf-4dff-9171-519c2dc008df','509a2bc9-4038-45a8-9eb6-592dd891f7a0','bef9f3ca-86ef-5c6a-9b38-320e03ceb5df','GET /settings.json',1,'2024-02-26 20:21:53'),('f3f40f60-46ec-4095-aa09-77d41eb8312a','509a2bc9-4038-45a8-9eb6-592dd891f7a0','881ab948-e40f-5a72-91aa-54b442270029','GET /users/me.json',1,'2024-02-24 22:58:41'),('f4052809-0910-48f5-9f47-6b21120844ef','3fa96e21-518b-41b5-aa72-71850cdd202c','d7bc9044-a64e-5421-a4d7-7a94eaa39d37','GET /users.json',1,'2024-02-25 13:10:48'),('f432d842-d4b5-4dd9-84a8-8e63b19098ec','509a2bc9-4038-45a8-9eb6-592dd891f7a0','a8b75aae-cb86-5fda-a8b3-d36ae6155023','GET /gpgkeys.json',1,'2024-02-25 12:22:05'),('f4735fb0-65e0-45c9-915e-ec569ba70bc0','509a2bc9-4038-45a8-9eb6-592dd891f7a0','881ab948-e40f-5a72-91aa-54b442270029','GET /users/me.json',1,'2024-02-27 02:38:53'),('f479c1d1-49ac-4118-a600-85e2c3d298bc','3fa96e21-518b-41b5-aa72-71850cdd202c','d7bc9044-a64e-5421-a4d7-7a94eaa39d37','GET /users.json',1,'2024-02-25 13:10:41'),('f48a2de2-48c3-410a-b5d4-3cb49bf34a10',NULL,'a3c19ad2-8920-5395-86d0-8567cb34f382','POST /auth/verify.json',1,'2024-02-25 13:11:54'),('f4a0c6cc-1ade-42e6-8ed6-6f324a37cfb7','509a2bc9-4038-45a8-9eb6-592dd891f7a0','881ab948-e40f-5a72-91aa-54b442270029','GET /users/me.json',1,'2024-02-24 17:13:41'),('f4da50be-8d4f-467f-ab50-857edc1a1892','509a2bc9-4038-45a8-9eb6-592dd891f7a0','1cd53591-cb6b-5b03-b0be-05a54644263d','GET /folders.json',1,'2024-02-25 12:08:29'),('f5287940-cdd6-4c60-a402-fc5125fd516f','509a2bc9-4038-45a8-9eb6-592dd891f7a0','3cffe6ef-ea4c-5bc3-869b-945f26e2601a','GET /groups.json',1,'2024-02-20 02:21:48'),('f5392709-875b-4a4d-8f0d-304aaea1ed9f','509a2bc9-4038-45a8-9eb6-592dd891f7a0','d7bc9044-a64e-5421-a4d7-7a94eaa39d37','GET /users.json',1,'2024-02-26 20:45:19'),('f55679f9-af00-45da-a705-5913cbcf377e','509a2bc9-4038-45a8-9eb6-592dd891f7a0','1cd53591-cb6b-5b03-b0be-05a54644263d','GET /folders.json',1,'2024-02-20 01:19:46'),('f55b37c3-d3c1-47bd-9874-c6fc232ee7a4','509a2bc9-4038-45a8-9eb6-592dd891f7a0','d7bc9044-a64e-5421-a4d7-7a94eaa39d37','GET /users.json',1,'2024-02-24 04:06:29'),('f5e2a86d-593c-4e32-aee8-e2ea16241abd','509a2bc9-4038-45a8-9eb6-592dd891f7a0','1cd53591-cb6b-5b03-b0be-05a54644263d','GET /folders.json',1,'2024-02-26 20:29:39'),('f67ac952-7459-4a82-82f5-27f3b8b1df52','509a2bc9-4038-45a8-9eb6-592dd891f7a0','d161a38f-c522-5984-85ff-17c78b2a3bb5','PUT /share/folder/2a7151e8-64a4-4422-8b34-ce38e80ecf77.json',1,'2024-02-20 02:57:37'),('f683fff8-95e9-46c9-b352-1816d1cf90ee','509a2bc9-4038-45a8-9eb6-592dd891f7a0','3cffe6ef-ea4c-5bc3-869b-945f26e2601a','GET /groups.json',1,'2024-02-25 14:25:21'),('f6957fe9-3d8c-42c2-ba8b-9329bdffe66e','509a2bc9-4038-45a8-9eb6-592dd891f7a0','d7bc9044-a64e-5421-a4d7-7a94eaa39d37','GET /users.json',1,'2024-02-24 03:58:50'),('f6977a94-bc1c-4ef6-bcf5-9afd4649a2da','509a2bc9-4038-45a8-9eb6-592dd891f7a0','12c1b158-0100-53d8-a979-83d3cc4a86bc','GET /metadata/types/settings.json',1,'2025-07-01 06:49:53'),('f6dfec65-442f-4009-930a-0dbab73be0e2','509a2bc9-4038-45a8-9eb6-592dd891f7a0','748dcd10-7d15-5498-9aa6-d26de348ff02','GET /auth/verify.json',1,'2024-02-25 13:18:58'),('f6e69002-b456-4f3b-95fa-dce3fca2aae3','509a2bc9-4038-45a8-9eb6-592dd891f7a0','881ab948-e40f-5a72-91aa-54b442270029','GET /users/509a2bc9-4038-45a8-9eb6-592dd891f7a0.json',1,'2024-02-18 09:49:41'),('f71f93e5-2ed5-4970-9627-35314389f60b',NULL,'bef9f3ca-86ef-5c6a-9b38-320e03ceb5df','GET /settings.json',1,'2025-07-01 06:26:32'),('f73988b9-9395-45e0-ba93-30a19d8daca4',NULL,'bef9f3ca-86ef-5c6a-9b38-320e03ceb5df','GET /settings.json',1,'2024-02-20 01:15:22'),('f73f23a2-6772-48af-b06d-fd7e13d644e8',NULL,'50ca4a19-b782-5842-bd2b-f59e9ff4eef9','GET /setup/start/509a2bc9-4038-45a8-9eb6-592dd891f7a0/ff10e01a-0f09-4c5c-a518-ebfe706ed4b3',1,'2024-02-18 09:45:34'),('f73f7dc2-609e-46d2-aefd-2de5074ad4b8','509a2bc9-4038-45a8-9eb6-592dd891f7a0','1035f824-fe76-5a69-b02c-9aa60a31858c','GET /',1,'2024-02-18 09:48:49'),('f7455723-db79-45b4-99be-1a91f50f10ec','509a2bc9-4038-45a8-9eb6-592dd891f7a0','1035f824-fe76-5a69-b02c-9aa60a31858c','GET /',1,'2025-07-01 06:49:52'),('f77dcd28-28fd-43a6-85d2-9c511b21e263','509a2bc9-4038-45a8-9eb6-592dd891f7a0','3cffe6ef-ea4c-5bc3-869b-945f26e2601a','GET /groups.json',1,'2025-07-01 06:49:53'),('f78734a4-65ed-4d09-bc80-54218c09889a',NULL,'bef9f3ca-86ef-5c6a-9b38-320e03ceb5df','GET /settings.json',1,'2024-10-05 00:00:33'),('f78ec1a8-0093-4a9c-8950-38d9c0b0ab98','509a2bc9-4038-45a8-9eb6-592dd891f7a0','bef9f3ca-86ef-5c6a-9b38-320e03ceb5df','GET /settings.json',1,'2024-02-25 13:18:56'),('f7915b74-94da-480a-b5c9-e018e94e8a0f','509a2bc9-4038-45a8-9eb6-592dd891f7a0','d7bc9044-a64e-5421-a4d7-7a94eaa39d37','GET /users.json',1,'2024-02-24 04:17:08'),('f795ddce-6e9c-4ff2-a5e7-76f81c4b33e1','509a2bc9-4038-45a8-9eb6-592dd891f7a0','30237a18-fd12-5935-b1be-1e2a62ccb71d','GET /roles.json',1,'2024-02-26 20:25:08'),('f7df4a1a-1c72-4cec-bd2b-3e59311bd1e8','509a2bc9-4038-45a8-9eb6-592dd891f7a0','6729d30a-1efa-53a4-8c03-e7542b2fedbe','GET /password-expiry/settings.json',1,'2024-02-18 09:48:50'),('f7f90bdf-455e-4236-b786-95541c65bfcc','3fa96e21-518b-41b5-aa72-71850cdd202c','a04f2607-8cb6-56c6-a9cb-6b9c7603bacd','GET /rbacs/me.json',1,'2024-02-25 13:10:41'),('f7fcdaa1-e2b8-46c4-9eed-0120685f7196',NULL,'881ab948-e40f-5a72-91aa-54b442270029','GET /users/me.json',0,'2024-02-18 23:50:08'),('f80a29c2-669b-4f2b-b5fd-3c4a21ffb235','3fa96e21-518b-41b5-aa72-71850cdd202c','c506210f-7866-5691-8fc1-58772e8f49f1','GET /resources.json',1,'2024-02-25 13:10:56'),('f8241003-da3d-4e16-a8e8-317c54476943','509a2bc9-4038-45a8-9eb6-592dd891f7a0','d4df7df1-0645-5d2e-b5e3-0cf44ec3d8e7','GET /self-registration/settings.json',1,'2024-02-25 12:26:11'),('f8478ee7-931e-4687-9131-d0fe0790c790','509a2bc9-4038-45a8-9eb6-592dd891f7a0','97f3b758-d327-5be8-a6d8-44e52ff9d450','PUT /groups/696127bd-8252-4d38-b5f3-5a9c8efe97fa/dry-run.json',1,'2024-02-25 14:25:56'),('f85b4cb8-1c45-497b-9fc8-db29f46afd6c','509a2bc9-4038-45a8-9eb6-592dd891f7a0','bef9f3ca-86ef-5c6a-9b38-320e03ceb5df','GET /settings.json',1,'2024-02-24 04:04:32'),('f874ace0-45ec-4cf5-8827-9657a48d97cc',NULL,'bef9f3ca-86ef-5c6a-9b38-320e03ceb5df','GET /settings.json',1,'2024-02-25 12:36:05'),('f877c62f-289c-496b-afce-9ef78475be55',NULL,'bef9f3ca-86ef-5c6a-9b38-320e03ceb5df','GET /settings.json',1,'2024-10-04 10:27:51'),('f883f8f5-2446-4c62-9cfb-c6ecec338550','509a2bc9-4038-45a8-9eb6-592dd891f7a0','d7bc9044-a64e-5421-a4d7-7a94eaa39d37','GET /users.json',1,'2024-02-20 01:19:46'),('f8a25ca6-6bdf-4510-afd3-5a46dc975c33',NULL,'881ab948-e40f-5a72-91aa-54b442270029','GET /users/me.json',0,'2024-02-19 14:15:48'),('f8e013ef-2ac6-4f4a-bb0e-e651e3fc4f88','509a2bc9-4038-45a8-9eb6-592dd891f7a0','881ab948-e40f-5a72-91aa-54b442270029','GET /users/me.json',1,'2024-02-24 05:13:31'),('f90ea4a0-fd69-43ad-ac6f-1df4cb19ddf2',NULL,'bef9f3ca-86ef-5c6a-9b38-320e03ceb5df','GET /settings.json',1,'2024-10-04 10:19:07'),('f941cc92-02ad-4301-a54e-03e87994f6a7','509a2bc9-4038-45a8-9eb6-592dd891f7a0','1cd53591-cb6b-5b03-b0be-05a54644263d','GET /folders.json',1,'2024-02-20 03:00:01'),('f94754e2-e7a6-4186-8fc6-65c2b9d48ab0','509a2bc9-4038-45a8-9eb6-592dd891f7a0','a8b75aae-cb86-5fda-a8b3-d36ae6155023','GET /gpgkeys.json',1,'2024-02-25 14:25:44'),('f9789f9d-6fcb-4936-8588-fe2a175825ab',NULL,'bef9f3ca-86ef-5c6a-9b38-320e03ceb5df','GET /settings.json',1,'2024-02-25 12:43:37'),('f9c9dea3-9200-45a7-91d6-fc1ca64d23f0','509a2bc9-4038-45a8-9eb6-592dd891f7a0','881ab948-e40f-5a72-91aa-54b442270029','GET /users/me.json',1,'2024-02-24 07:58:28'),('f9efc587-739b-4eec-b87d-a13af777ef7d',NULL,'50ca4a19-b782-5842-bd2b-f59e9ff4eef9','GET /setup/install/509a2bc9-4038-45a8-9eb6-592dd891f7a0/ff10e01a-0f09-4c5c-a518-ebfe706ed4b3.json',1,'2024-02-18 09:46:26'),('fa7b7164-f825-436c-a4af-6f22261bc2ec','509a2bc9-4038-45a8-9eb6-592dd891f7a0','dad1db3f-4fbc-5b3a-9db2-b7413885c30c','GET /app/administration/mfa',1,'2024-02-18 09:50:08'),('fab39827-d8c9-427b-a27d-37fff91013fb','509a2bc9-4038-45a8-9eb6-592dd891f7a0','f3b4bd12-9d43-5749-a5fe-425c4cfe3ccb','PUT /share/resource/dceda507-db49-4260-9d24-d878cb6f49cf.json',1,'2024-02-25 14:25:12'),('fb29308d-27e2-4120-b514-352dd88a1fc9','509a2bc9-4038-45a8-9eb6-592dd891f7a0','a8b75aae-cb86-5fda-a8b3-d36ae6155023','GET /gpgkeys.json',1,'2024-02-25 14:25:43'),('fb2ab51a-8cd9-4fab-a0de-08827f09c2ef','509a2bc9-4038-45a8-9eb6-592dd891f7a0','72a35b3d-5baf-57cd-b6ba-a946bd879ad4','GET /password-policies/settings.json',1,'2024-02-25 13:13:59'),('fb54e2f2-d517-4e8b-a2e3-0931b1eea748',NULL,'bef9f3ca-86ef-5c6a-9b38-320e03ceb5df','GET /settings.json',1,'2024-02-25 13:11:05'),('fbc35f72-5d6b-4389-8c49-9c8fe02d8762','509a2bc9-4038-45a8-9eb6-592dd891f7a0','ad8bbc35-6435-538e-b1a7-80b87bcedb6a','POST /resources.json',1,'2024-02-25 12:15:51'),('fbcdba0d-8134-4fa4-bcff-1aaa46b275d9','509a2bc9-4038-45a8-9eb6-592dd891f7a0','1cd53591-cb6b-5b03-b0be-05a54644263d','GET /folders.json',1,'2024-02-20 01:19:36'),('fbd94f28-8a9e-4347-8fc8-a0f992fa58b0','509a2bc9-4038-45a8-9eb6-592dd891f7a0','881ab948-e40f-5a72-91aa-54b442270029','GET /users/me.json',1,'2024-02-25 14:40:10'),('fbedf399-f866-46bd-add0-f16ba43a17d4','509a2bc9-4038-45a8-9eb6-592dd891f7a0','e2aa01a9-84ec-55f8-aaed-24ee23259339','GET /resource-types.json',1,'2024-02-27 00:38:48'),('fbf87e4f-8bdc-4120-9f36-81b3ebedf8d1','509a2bc9-4038-45a8-9eb6-592dd891f7a0','d7bc9044-a64e-5421-a4d7-7a94eaa39d37','GET /users.json',1,'2024-02-20 02:21:48'),('fc25f410-12d9-4e00-afb6-a7da3ff723a7',NULL,'bef9f3ca-86ef-5c6a-9b38-320e03ceb5df','GET /settings.json',1,'2024-02-25 12:43:26'),('fc398b7b-622b-4bf5-9a03-9617c488ef8a','509a2bc9-4038-45a8-9eb6-592dd891f7a0','bef9f3ca-86ef-5c6a-9b38-320e03ceb5df','GET /settings.json',1,'2024-02-25 13:09:40'),('fc3d820c-1881-4c45-b67c-05225fc64b62',NULL,'881ab948-e40f-5a72-91aa-54b442270029','GET /users/me.json',0,'2024-02-18 16:05:38'),('fc45cd46-0094-4404-94a4-fefbe44bfb44',NULL,'881ab948-e40f-5a72-91aa-54b442270029','GET /users/me.json',0,'2024-02-19 07:20:23'),('fc498ab9-50b9-4857-a541-5dfb6d9304d3','509a2bc9-4038-45a8-9eb6-592dd891f7a0','3cffe6ef-ea4c-5bc3-869b-945f26e2601a','GET /groups.json',1,'2024-02-25 12:23:03'),('fcc32c4a-789d-4346-a934-0f10120c9759',NULL,'881ab948-e40f-5a72-91aa-54b442270029','GET /users/me.json',0,'2024-02-19 02:20:16'),('fcd52bac-31c1-444c-9183-9a6d7012888e','3fa96e21-518b-41b5-aa72-71850cdd202c','30237a18-fd12-5935-b1be-1e2a62ccb71d','GET /roles.json',1,'2024-02-25 13:10:41'),('fd200260-8b20-40f5-ba88-c73fec96e39b',NULL,'881ab948-e40f-5a72-91aa-54b442270029','GET /users/me.json',0,'2024-02-18 23:49:18'),('fd276f0b-6d82-4444-b63b-c168be329f4a','3fa96e21-518b-41b5-aa72-71850cdd202c','881ab948-e40f-5a72-91aa-54b442270029','GET /users/me.json',1,'2024-02-25 15:51:37'),('fd282e70-e465-486a-b47f-521fdfd20c3d','509a2bc9-4038-45a8-9eb6-592dd891f7a0','a04f2607-8cb6-56c6-a9cb-6b9c7603bacd','GET /rbacs/me.json',1,'2024-02-25 12:26:08'),('fd2f3df9-609b-4faa-94a7-f0860f410d5c',NULL,'881ab948-e40f-5a72-91aa-54b442270029','GET /users/me.json',0,'2024-02-25 23:54:47'),('fd61c12f-8449-4e4e-be21-343854d74107','509a2bc9-4038-45a8-9eb6-592dd891f7a0','881ab948-e40f-5a72-91aa-54b442270029','GET /users/me.json',1,'2024-02-24 19:58:41'),('fd8ebbb9-c0f0-4ec1-900b-d60d572d1cc3',NULL,'881ab948-e40f-5a72-91aa-54b442270029','GET /users/me.json',0,'2024-02-19 22:20:24'),('fdf582ea-8d42-4cbd-8a2d-283026c65750','509a2bc9-4038-45a8-9eb6-592dd891f7a0','d7bc9044-a64e-5421-a4d7-7a94eaa39d37','GET /users.json',1,'2024-02-20 01:42:36'),('fdff2104-635a-4c28-83bf-26cc0b5930ea','509a2bc9-4038-45a8-9eb6-592dd891f7a0','19f9a792-3495-597b-bc94-dff1bc3e3967','POST /auth/logout.json',1,'2024-02-24 04:04:14'),('fe0b19a0-26f4-4ca2-892e-1a0e2f1ef496','509a2bc9-4038-45a8-9eb6-592dd891f7a0','881ab948-e40f-5a72-91aa-54b442270029','GET /users/me.json',1,'2024-02-25 02:13:42'),('fe525f0e-90e5-4a3b-97c8-7f072d03ffda','509a2bc9-4038-45a8-9eb6-592dd891f7a0','881ab948-e40f-5a72-91aa-54b442270029','GET /users/me.json',1,'2024-02-24 12:13:35'),('fe60dd3b-b8b9-4245-9d1c-1642cd57bc76',NULL,'bef9f3ca-86ef-5c6a-9b38-320e03ceb5df','GET /settings.json',1,'2024-10-04 08:30:26'),('fe72af73-c996-4fc1-a058-235846a0d30e',NULL,'881ab948-e40f-5a72-91aa-54b442270029','GET /users/me.json',0,'2024-02-19 05:50:22'),('fea33baa-adbc-449f-b4e1-ba0868c09504','509a2bc9-4038-45a8-9eb6-592dd891f7a0','3cffe6ef-ea4c-5bc3-869b-945f26e2601a','GET /groups.json',1,'2024-02-26 20:19:01'),('feb13b97-7235-4386-bafc-19cd215cb345',NULL,'bef9f3ca-86ef-5c6a-9b38-320e03ceb5df','GET /settings.json',1,'2024-02-24 04:04:50'),('fec577b2-5f7a-4bdf-81df-39450849e413','509a2bc9-4038-45a8-9eb6-592dd891f7a0','3cffe6ef-ea4c-5bc3-869b-945f26e2601a','GET /groups.json',1,'2024-02-25 12:16:27'),('fed2718a-38f4-43b1-a587-da2a055aee71','509a2bc9-4038-45a8-9eb6-592dd891f7a0','a8b75aae-cb86-5fda-a8b3-d36ae6155023','GET /gpgkeys.json',1,'2024-02-26 20:39:33'),('feed6696-04b2-41e2-8e4b-18cbec60b4ae','509a2bc9-4038-45a8-9eb6-592dd891f7a0','30237a18-fd12-5935-b1be-1e2a62ccb71d','GET /roles.json',1,'2024-02-18 09:49:40'),('ff23bb77-05f5-419a-bc6f-fce8cc6e302d','509a2bc9-4038-45a8-9eb6-592dd891f7a0','881ab948-e40f-5a72-91aa-54b442270029','GET /users/me.json',1,'2024-02-20 02:01:08'),('ff3157c5-84d0-419f-a74c-43e79ae0d844','509a2bc9-4038-45a8-9eb6-592dd891f7a0','881ab948-e40f-5a72-91aa-54b442270029','GET /users/me.json',1,'2024-02-24 09:28:48'),('ff7a1525-bea2-4fef-ae10-2b449b9cadf8',NULL,'a3c19ad2-8920-5395-86d0-8567cb34f382','POST /auth/verify.json',1,'2024-02-26 20:17:42'),('ff7fc85d-e306-4294-97ef-1ec27d2b036f','509a2bc9-4038-45a8-9eb6-592dd891f7a0','d7bc9044-a64e-5421-a4d7-7a94eaa39d37','GET /users.json',1,'2024-02-25 14:25:42'),('ffc6433c-56e5-4ef7-a1ba-2fddde36e053','509a2bc9-4038-45a8-9eb6-592dd891f7a0','c506210f-7866-5691-8fc1-58772e8f49f1','GET /resources.json',1,'2025-07-01 07:04:36'),('ffd7645c-85c6-45e7-88a8-7a7dfe79d308','509a2bc9-4038-45a8-9eb6-592dd891f7a0','1cd53591-cb6b-5b03-b0be-05a54644263d','GET /folders.json',1,'2024-02-26 00:43:55'),('ffea3bd6-7aae-4922-a37b-30e1b9a9687c','509a2bc9-4038-45a8-9eb6-592dd891f7a0','7df37cb5-cfb9-57c2-a7a5-b65c9f573de0','POST /share/simulate/resource/dceda507-db49-4260-9d24-d878cb6f49cf.json',1,'2024-02-25 14:25:12'),('ffee6c49-6667-45fc-8b4b-3f135ba8030a','3fa96e21-518b-41b5-aa72-71850cdd202c','72a35b3d-5baf-57cd-b6ba-a946bd879ad4','GET /password-policies/settings.json',1,'2024-02-25 14:06:31');
/*!40000 ALTER TABLE `action_logs` ENABLE KEYS */;

--
-- Table structure for table `actions`
--

DROP TABLE IF EXISTS `actions`;
/*!40101 SET @saved_cs_client     = @@character_set_client */;
/*!50503 SET character_set_client = utf8mb4 */;
CREATE TABLE `actions` (
  `id` char(36) CHARACTER SET ascii COLLATE ascii_general_ci NOT NULL,
  `name` varchar(100) NOT NULL,
  PRIMARY KEY (`id`),
  UNIQUE KEY `name` (`name`),
  KEY `id` (`id`)
) ENGINE=InnoDB DEFAULT CHARSET=utf8mb4 COLLATE=utf8mb4_unicode_ci;
/*!40101 SET character_set_client = @saved_cs_client */;

--
-- Dumping data for table `actions`
--

/*!40000 ALTER TABLE `actions` DISABLE KEYS */;
INSERT INTO `actions` VALUES ('9b473b19-0e3e-5efb-be19-8a1719843762','AccountSettingsIndex.index'),('a3c19ad2-8920-5395-86d0-8567cb34f382','AuthLogin.loginPost'),('19f9a792-3495-597b-bc94-dff1bc3e3967','AuthLogout.logout'),('748dcd10-7d15-5498-9aa6-d26de348ff02','AuthVerify.verifyGet'),('69692f38-cbbc-53c7-a44d-68164b57a091','CommentsView.view'),('17b8a54b-8069-586a-8ca2-7e7569b28e08','Error.error'),('0ed6c4a8-8c1f-52c6-9859-67f37794a02e','FavoritesAdd.add'),('8fb44391-6155-5bff-a3d5-57dea22c9894','FavoritesDelete.delete'),('02e18a01-42f6-5e5d-b18f-2ee9070e3b9d','FoldersCreate.create'),('1cd53591-cb6b-5b03-b0be-05a54644263d','FoldersIndex.index'),('d91341f2-9672-5f4d-b7f5-d82020faa47e','FoldersRelationsMove.move'),('d161a38f-c522-5984-85ff-17c78b2a3bb5','FoldersShare.share'),('ab13b3e0-eae8-5099-909f-8582a3c2ddae','FoldersView.view'),('a8b75aae-cb86-5fda-a8b3-d36ae6155023','GpgkeysIndex.index'),('5bd4ecae-da08-577d-ac32-ce7b13bd7b0f','GroupsAdd.addPost'),('3cffe6ef-ea4c-5bc3-869b-945f26e2601a','GroupsIndex.index'),('97f3b758-d327-5be8-a6d8-44e52ff9d450','GroupsUpdate.dryRun'),('3303ccc6-778b-55b7-b06e-0c06d756217d','GroupsUpdate.update'),('dad1db3f-4fbc-5b3a-9db2-b7413885c30c','Home.apiApp'),('1035f824-fe76-5a69-b02c-9aa60a31858c','Home.apiExtApp'),('e38db0b5-838d-5f43-8609-92a25843e9d3','MetadataKeysIndex.index'),('b20e3cc2-e4ea-5b42-804b-7edc9878ef3d','MetadataKeysSettingsGet.get'),('12c1b158-0100-53d8-a979-83d3cc4a86bc','MetadataTypesSettingsGet.get'),('8d061841-cef0-509a-8ee3-de91c7390d99','MetadataUpgradeResourcesIndex.index'),('6d616537-c449-589d-bebe-b2d5883e9d35','MfaOrgSettingsGet.get'),('5b83da52-4938-5bb5-ab18-3433022554d6','MfaOrgSettingsPost.post'),('30259dec-c224-509d-b742-96e2a6a85475','MfaSetupSelectProvider.get'),('9caaba03-49d2-5273-8097-e278234e71e0','NotificationOrgSettingsGet.get'),('6729d30a-1efa-53a4-8c03-e7542b2fedbe','PasswordExpirySettingsGet.get'),('3e1763d3-a38e-554d-81b1-61e2e5e50cd9','PasswordExpirySettingsSet.post'),('72a35b3d-5baf-57cd-b6ba-a946bd879ad4','PasswordPoliciesSettingsGet.get'),('4f7dc567-b5aa-5226-bd33-740d11f451ea','RbacsIndex.index'),('b08abb41-3396-5202-b69f-a86eb6a1d1c0','RbacsUpdate.update'),('a04f2607-8cb6-56c6-a9cb-6b9c7603bacd','RbacsView.viewForCurrentRole'),('91b261cd-7e30-5678-98f5-9faacea29439','RecoverComplete.complete'),('601d4672-5498-5681-b0af-5c4908a49e91','RecoverStart.start'),('ad8bbc35-6435-538e-b1a7-80b87bcedb6a','ResourcesAdd.add'),('c506210f-7866-5691-8fc1-58772e8f49f1','ResourcesIndex.index'),('83bb8bd8-2006-5546-a3bb-9319ae6e8f9d','ResourcesView.view'),('e2aa01a9-84ec-55f8-aaed-24ee23259339','ResourceTypesIndex.index'),('30237a18-fd12-5935-b1be-1e2a62ccb71d','RolesIndex.index'),('8fa02019-e0f1-5de9-a680-7a2601caf27c','SelfRegistrationDryRun.dryRun'),('d4df7df1-0645-5d2e-b5e3-0cf44ec3d8e7','SelfRegistrationGetSettings.getSettings'),('bef9f3ca-86ef-5c6a-9b38-320e03ceb5df','SettingsIndex.index'),('6f53faec-0c9e-5321-ac78-543e1001f7b1','SetupComplete.complete'),('50ca4a19-b782-5842-bd2b-f59e9ff4eef9','SetupStart.start'),('7df37cb5-cfb9-57c2-a7a5-b65c9f573de0','Share.dryRun'),('f3b4bd12-9d43-5749-a5fe-425c4cfe3ccb','Share.share'),('713dce91-86f9-5e5b-a98c-fc244fed2f9c','SmtpSettingsEmail.sendTestEmail'),('53da54b1-9576-52ab-a11f-b2265b5aa455','SmtpSettingsGet.get'),('b07efa2b-c747-53f4-b6d2-705fc13543f5','SmtpSettingsPost.post'),('058f384b-6685-55ac-8e82-9b0579a4e210','ThemesIndex.index'),('a1a15b91-72f6-5708-8d7f-6940e51d8595','UsersAdd.addPost'),('4a1f3ff7-02ff-5120-b08b-e13f4369df3f','UsersDelete.delete'),('bec65e6e-9c29-5217-aabc-49fe2256cfce','UsersDelete.dryrun'),('defacfb8-ce1b-50f1-9b7d-d9865d2f28bd','UsersEdit.editPost'),('d7bc9044-a64e-5421-a4d7-7a94eaa39d37','UsersIndex.index'),('25846782-ae10-560b-a266-fea0e238b097','UsersRecover.recoverGet'),('1c717cd7-d236-55c4-a068-b9a0923b1927','UsersRecover.recoverPost'),('881ab948-e40f-5a72-91aa-54b442270029','UsersView.view');
/*!40000 ALTER TABLE `actions` ENABLE KEYS */;

--
-- Table structure for table `authentication_tokens`
--

DROP TABLE IF EXISTS `authentication_tokens`;
/*!40101 SET @saved_cs_client     = @@character_set_client */;
/*!50503 SET character_set_client = utf8mb4 */;
CREATE TABLE `authentication_tokens` (
  `id` char(36) CHARACTER SET ascii COLLATE ascii_general_ci NOT NULL,
  `token` char(36) CHARACTER SET ascii COLLATE ascii_general_ci NOT NULL,
  `user_id` char(36) CHARACTER SET ascii COLLATE ascii_general_ci NOT NULL,
  `active` tinyint(1) NOT NULL DEFAULT 1,
  `created` datetime NOT NULL,
  `modified` datetime NOT NULL,
  `type` varchar(16) CHARACTER SET ascii COLLATE ascii_general_ci NOT NULL,
  `data` text DEFAULT NULL,
  PRIMARY KEY (`id`)
) ENGINE=InnoDB DEFAULT CHARSET=utf8mb4 COLLATE=utf8mb4_unicode_ci;
/*!40101 SET character_set_client = @saved_cs_client */;

--
-- Dumping data for table `authentication_tokens`
--

/*!40000 ALTER TABLE `authentication_tokens` DISABLE KEYS */;
INSERT INTO `authentication_tokens` VALUES ('03f94a75-d789-4788-a561-df4def8c1626','4eeb1303-20e5-4f0f-9781-863e8448b218','3fa96e21-518b-41b5-aa72-71850cdd202c',1,'2024-02-25 13:15:06','2024-02-25 13:15:06','recover',NULL),('0bb5d575-2276-4ce9-916b-92baaee16adc','497545ab-eaa3-45c6-a56f-ca1142958ca8','509a2bc9-4038-45a8-9eb6-592dd891f7a0',0,'2024-02-24 04:04:32','2024-02-24 04:04:32','login',NULL),('0fed2f09-fc13-4616-b135-ddda58e4a391','ff10e01a-0f09-4c5c-a518-ebfe706ed4b3','509a2bc9-4038-45a8-9eb6-592dd891f7a0',0,'2024-02-18 09:44:57','2024-02-18 09:48:44','register',NULL),('114e3cd5-e403-4c9a-b170-7ec2b47e0ffe','3e095368-b6c7-4066-be05-683c087ba450','b8ecdc71-18b4-4f51-97ff-01070a5a74fa',1,'2024-02-24 04:08:37','2024-02-24 04:08:37','register',NULL),('2892295a-cf1e-4d14-a36e-6dbc72462a94','3515c1d5-93ab-4534-95fb-fe0bbce2dde4','509a2bc9-4038-45a8-9eb6-592dd891f7a0',1,'2024-02-26 20:15:33','2024-02-26 20:15:33','recover',NULL),('2e052734-20a0-4c2d-ac0c-912788022725','e1c42423-e86c-4762-86d0-e99c435c0521','509a2bc9-4038-45a8-9eb6-592dd891f7a0',0,'2024-02-20 01:15:46','2024-02-20 01:15:47','login',NULL),('30dabafa-a500-420c-9142-53ea327ad281','455b685b-0802-4f73-bbd7-5df48bd9bacd','3fa96e21-518b-41b5-aa72-71850cdd202c',1,'2024-02-25 12:44:23','2024-02-25 12:44:23','register',NULL),('3e4bfe61-7044-4ebe-9854-b5ce35ebe0e3','75fe0fef-cbe4-42a7-8b93-e684eeb325ba','509a2bc9-4038-45a8-9eb6-592dd891f7a0',0,'2024-10-04 02:23:40','2024-10-04 02:23:41','login',NULL),('3f32873c-8cb3-467d-8159-56fbf2399e02','70e7615e-746b-44d4-8f4b-46af9c5f9bca','509a2bc9-4038-45a8-9eb6-592dd891f7a0',0,'2024-02-25 12:43:45','2024-02-25 12:43:45','login',NULL),('430650db-a94b-485b-b052-4252c8e267cc','878fac12-2493-4535-86d1-4dc1eaea7211','3fa96e21-518b-41b5-aa72-71850cdd202c',0,'2024-02-25 14:06:29','2024-02-25 14:06:30','login',NULL),('47198ae9-b205-4382-af58-d408862e8a47','029a4cd5-a5da-4e42-8c13-45875ebd3607','509a2bc9-4038-45a8-9eb6-592dd891f7a0',0,'2024-02-26 00:43:53','2024-02-26 00:43:53','login',NULL),('4943809b-26ae-485a-bb92-cb32f88e55ac','3ef55ecd-e86d-4b5a-9c24-d18349820a05','509a2bc9-4038-45a8-9eb6-592dd891f7a0',1,'2024-02-25 13:12:10','2024-02-25 13:12:10','recover',NULL),('658f3e5f-215b-46af-a89a-69ff514ac508','ff9044c0-62a1-4539-ada6-6222a2bf9515','509a2bc9-4038-45a8-9eb6-592dd891f7a0',0,'2024-02-24 04:05:11','2024-02-24 04:05:12','login',NULL),('6db05cf5-25c3-4ba1-a96c-7b729baec508','127474ef-09fa-4dc9-aa47-ab50d422febd','509a2bc9-4038-45a8-9eb6-592dd891f7a0',1,'2025-07-01 05:48:13','2025-07-01 05:48:13','recover',NULL),('72d4f8d7-3269-459a-b8fb-e7012c7d07b2','0b0857df-4457-4d76-8066-77c391409fb9','509a2bc9-4038-45a8-9eb6-592dd891f7a0',0,'2024-02-24 03:58:25','2024-02-24 03:58:25','login',NULL),('74cc3d09-224f-47b7-a1dd-0c7257e10fc4','e90a4968-16d1-4eba-a707-5d6063778b70','b8ecdc71-18b4-4f51-97ff-01070a5a74fa',1,'2024-02-25 12:36:27','2024-02-25 12:36:27','recover',NULL),('7868ba1c-06ca-4e17-966e-8454407e80d0','9f50a255-aab6-4ed2-87a9-6d040a2dfb9a','3fa96e21-518b-41b5-aa72-71850cdd202c',0,'2024-02-25 13:08:59','2024-02-25 13:10:32','register',NULL),('7c6a32db-5ca4-4268-8bf4-ff114510fc74','1304a207-c9fa-415e-aa6a-8781108d4d24','509a2bc9-4038-45a8-9eb6-592dd891f7a0',0,'2024-02-25 13:13:48','2024-02-25 13:13:48','login',NULL),('7e0f2a6d-75a2-43f5-9a59-f942fb876c18','54aabc42-ceae-47c8-9f89-d88e6cb7f129','509a2bc9-4038-45a8-9eb6-592dd891f7a0',0,'2025-07-01 06:49:46','2025-07-01 06:49:47','login',NULL),('8a179726-b790-47bf-8669-e654b240f377','107ffd1c-656b-4637-8d75-934e73302daa','509a2bc9-4038-45a8-9eb6-592dd891f7a0',0,'2024-02-26 20:17:53','2024-02-26 20:17:53','login',NULL),('aa54f7af-d18c-4e48-b931-c7afdee50d33','65f18cd1-2228-4cca-b48a-887625c325fb','b8ecdc71-18b4-4f51-97ff-01070a5a74fa',1,'2024-02-24 04:14:59','2024-02-24 04:14:59','register',NULL),('ab77a61b-a644-4453-b98b-639150181b38','72ccde60-9ebb-41ed-9be5-19088fa3e2df','509a2bc9-4038-45a8-9eb6-592dd891f7a0',0,'2024-02-25 13:11:12','2024-02-25 13:13:48','recover',NULL),('af1e163c-ac3c-4386-a5b6-1e9e50c842db','c1a4e6e3-1941-4b79-a1bb-38ea75d3e656','3fa96e21-518b-41b5-aa72-71850cdd202c',0,'2024-02-25 13:10:32','2024-02-25 13:10:32','login',NULL),('c45fdb16-5247-4b55-9def-430f6fe17745','c77d5abb-f1ad-4453-bee7-99a5808b0065','3fa96e21-518b-41b5-aa72-71850cdd202c',0,'2024-02-25 13:14:14','2024-02-25 14:06:29','recover',NULL),('caca170e-a5a1-4c08-a81c-6208b88a6899','c6e7f785-4df7-4646-9755-ad3300ed3fde','45bb24d6-57e4-413d-9eb5-8e07a12f015c',1,'2024-02-24 04:06:12','2024-02-24 04:06:12','register',NULL),('cdf86c37-38a5-442d-8edc-16cedd71e299','5a043890-c404-4516-8212-1163923897dd','509a2bc9-4038-45a8-9eb6-592dd891f7a0',0,'2024-02-18 09:49:59','2024-02-18 09:49:59','login',NULL),('df989c65-ee4b-4820-9505-d0c4f3b68091','084fb882-b5f6-4bc0-bba0-5426d9a62fdf','509a2bc9-4038-45a8-9eb6-592dd891f7a0',0,'2024-02-26 20:15:45','2024-02-26 20:17:53','recover',NULL),('e147245e-08ec-4d8b-a98f-e526603e8504','569285e4-25a3-4a96-a8f1-2d6753290e3d','509a2bc9-4038-45a8-9eb6-592dd891f7a0',0,'2024-02-25 14:24:30','2024-02-25 14:24:30','login',NULL),('e14f7cc5-23d7-4794-9b54-3b4a204bab94','081b0b84-b4cb-4bbd-a56c-4fd9022f7f71','509a2bc9-4038-45a8-9eb6-592dd891f7a0',0,'2024-02-27 00:38:39','2024-02-27 00:38:40','login',NULL),('e3000604-cfda-4c97-bb46-56298d37e83a','d5df601d-e36c-4c2c-b244-f460212ec90c','b8ecdc71-18b4-4f51-97ff-01070a5a74fa',1,'2024-02-24 04:06:58','2024-02-24 04:06:58','register',NULL),('e97e7c97-db2f-4437-a13f-e4c6ae835302','c5573931-6326-47cc-875a-d1b7518c82ba','509a2bc9-4038-45a8-9eb6-592dd891f7a0',0,'2024-02-18 09:48:44','2024-02-18 09:48:44','login',NULL),('f5dfd80f-3a75-4b42-aac2-51a9c510b408','9aa79d70-32ad-42d4-b955-9e5a55fc1e5a','509a2bc9-4038-45a8-9eb6-592dd891f7a0',0,'2024-02-25 12:08:18','2024-02-25 12:08:18','login',NULL);
/*!40000 ALTER TABLE `authentication_tokens` ENABLE KEYS */;

--
-- Table structure for table `avatars`
--

DROP TABLE IF EXISTS `avatars`;
/*!40101 SET @saved_cs_client     = @@character_set_client */;
/*!50503 SET character_set_client = utf8mb4 */;
CREATE TABLE `avatars` (
  `id` char(36) CHARACTER SET ascii COLLATE ascii_general_ci NOT NULL,
  `data` blob DEFAULT NULL,
  `profile_id` char(36) CHARACTER SET ascii COLLATE ascii_general_ci NOT NULL,
  `created` datetime NOT NULL,
  `modified` datetime NOT NULL,
  PRIMARY KEY (`id`),
  KEY `profile_id` (`profile_id`)
) ENGINE=InnoDB DEFAULT CHARSET=utf8mb4 COLLATE=utf8mb4_unicode_ci;
/*!40101 SET character_set_client = @saved_cs_client */;

--
-- Dumping data for table `avatars`
--

/*!40000 ALTER TABLE `avatars` DISABLE KEYS */;
INSERT INTO `avatars` VALUES ('49a9e95d-c7d4-4d5c-8444-a3b1713d5414',_binary 'пҝҪ\пҝҪпҝҪ\пҝҪ\0JFIF\0\0`\0`\0\0пҝҪпҝҪ\0;CREATOR: gd-jpeg v1.0 (using IJG JPEG v62), quality = 90\nпҝҪ\пҝҪ\0C\0\n\n\n\r\rпҝҪ\пҝҪ\0C		\r\rпҝҪпҝҪ\0\0\пҝҪ\0\пҝҪ\0пҝҪ\пҝҪ\0\0\0\0\0\0\0\0\0\0\0	\nпҝҪ\пҝҪ\0пҝҪ\0\0\0}\0!1AQa\"q2пҝҪпҝҪпҝҪ#BпҝҪпҝҪR\пҝҪ\пҝҪ$3brпҝҪ	\n\Z%&\'()*456789:CDEFGHIJSTUVWXYZcdefghijstuvwxyzпҝҪпҝҪпҝҪпҝҪпҝҪпҝҪпҝҪпҝҪпҝҪпҝҪпҝҪпҝҪпҝҪпҝҪпҝҪпҝҪпҝҪпҝҪпҝҪпҝҪпҝҪпҝҪпҝҪпҝҪпҝҪпҝҪпҝҪпҝҪпҝҪпҝҪпҝҪпҝҪпҝҪпҝҪпҝҪ\пҝҪ\пҝҪ\пҝҪ\пҝҪ\пҝҪ\пҝҪ\пҝҪ\пҝҪ\пҝҪ\пҝҪ\пҝҪ\пҝҪ\пҝҪ\пҝҪ\пҝҪ\пҝҪ\пҝҪ\пҝҪ\пҝҪ\пҝҪ\пҝҪ\пҝҪ\пҝҪ\пҝҪ\пҝҪ\пҝҪ\пҝҪ\пҝҪ\пҝҪ\пҝҪ\пҝҪ\пҝҪ\пҝҪ\пҝҪ\пҝҪпҝҪпҝҪпҝҪпҝҪ\пҝҪ\0\0\0\0\0\0\0\0	\nпҝҪ\пҝҪ\0пҝҪ\0\0w\0!1AQaq\"2пҝҪBпҝҪпҝҪпҝҪпҝҪ	#3R\пҝҪbr\пҝҪ\n$4\пҝҪ%\пҝҪ\Z&\'()*56789:CDEFGHIJSTUVWXYZcdefghijstuvwxyzпҝҪпҝҪпҝҪпҝҪпҝҪпҝҪпҝҪпҝҪпҝҪпҝҪпҝҪпҝҪпҝҪпҝҪпҝҪпҝҪпҝҪпҝҪпҝҪпҝҪпҝҪпҝҪпҝҪпҝҪпҝҪпҝҪпҝҪпҝҪпҝҪпҝҪпҝҪпҝҪпҝҪпҝҪпҝҪпҝҪ\пҝҪ\пҝҪ\пҝҪ\пҝҪ\пҝҪ\пҝҪ\пҝҪ\пҝҪ\пҝҪ\пҝҪ\пҝҪ\пҝҪ\пҝҪ\пҝҪ\пҝҪ\пҝҪ\пҝҪ\пҝҪ\пҝҪ\пҝҪ\пҝҪ\пҝҪ\пҝҪ\пҝҪ\пҝҪ\пҝҪ\пҝҪ\пҝҪ\пҝҪ\пҝҪ\пҝҪ\пҝҪ\пҝҪпҝҪпҝҪпҝҪпҝҪ\пҝҪ\0\0\0?\0пҝҪ~wпҝҪ\пҝҪ	пҝҪпҝҪпҖ¶\пҝҪ\пҝҪ\\\пҝҪпҝҪ\пҝҪЦ·\пҝҪe\пҝҪпҝҪ_\пҝҪ\пҝҪ5НӢM\пҝҪпҝҪ\0\пҝҪOпҝҪпҝҪ\пҝҪx\пҝҪ\пҝҪ/K\пҝҪ{\пҝҪ\пҝҪl.\пҝҪPпҝҪ\пҝҪ\пҝҪ3пҝҪпҝҪоЈ·\пҝҪйҸҫЙІЕҶпҝҪпҝҪU{\пҝҪ\пҝҪ_\пҝҪ~ЕјE,ЖіпҝҪ\пҝҪпҝҪпҝҪ\пҝҪoпҝҪпҝҪ\0\пҝҪtпҝҪпҝҪпҝҪпҝҪЩ¬\пҝҪFпҝҪ+JЗһпҝҪпҝҪпҝҪwv~rпҝҪ5#uv\пҝҪH R(пҝҪпҝҪпҝҪЧҘ\пҝҪпҝҪДұ\пҝҪ\пҝҪ\пҝҪ\пҝҪ\пҝҪ1пҝҪВҸ\пҝҪaHM\пҝҪ\пҝҪ\пҝҪSИҢoo2R>g=пҝҪ\0пҝҪХӣlпҝҪпҝҪ_LпҝҪ\пҝҪпҝҪeRHпҝҪ\пҝҪжӮ¶=пҝҪO\пҝҪ-t\пҝҪ\\\пҝҪ<пҝҪD	пҝҪпҝҪпҝҪпҝҪпҝҪzпҝҪпҝҪMxпҝҪ*пҝҪZ[пҝҪпҝҪпҝҪпҝҪ8[пҝҪпҝҪ\пҝҪпҝҪ\пҝҪЮЈ\пҝҪC,\пҝҪ|\пҝҪ\пҝҪ%\пҝҪ\пҝҪ\пҝҪ\пҝҪ	aa((_DqпҝҪТ»gSпҝҪ|I\ZпҝҪпҝҪпҝҪпҝҪпҝҪпҝҪДЈпҝҪпҝҪos\пҝҪGгҢһ\пҝҪД°\пҝҪ\пҝҪ\пҝҪ\пҝҪ*пҝҪпҝҪ\пҝҪg\0пҝҪ\пҝҪntпҝҪI\пҝҪH\пҝҪroqпҝҪпҝҪ\пҝҪ?пҝҪ\пҝҪL\пҝҪ\пҝҪЖө5?cпҝҪ\'пҝҪпҝҪпҝҪпҝҪ}Jr\пҝҪ}пҝҪkпҝҪпҝҪ\пҝҪG3a2pO8\пҝҪ$VпҝҪ\пҝҪm\"mпҝҪпҝҪпҝҪ^пҝҪ\пҝҪ\пҝҪ\пҝҪ0\пҝҪyZF\пҝҪ\nпҝҪпҝҪ	пҝҪ\пҝҪ#пҝҪ\пҝҪM\пҝҪпҝҪF-\пҝҪпҝҪ\пҝҪ\0пҝҪпҝҪ\пҝҪ$пҝҪпҝҪ\n\пҝҪ6пҝҪns\пҝҪ9\пҝҪЗі\пҝҪ>пҝҪ\пҝҪEпҝҪпҝҪ(Щҗ(W gig\пҝҪпҝҪпҝҪkпҝҪ/+пҝҪпҝҪпҝҪпҝҪ\пҝҪ\пҝҪпҝҪ#пҝҪjFШ”пҝҪB:\пҝҪ\пҝҪ~пҝҪпҝҪj\пҝҪ\пҝҪ\пҝҪP#пҝҪ\пҝҪr<C[\пҝҪ|пҝҪ*пҝҪ	пҝҪпҝҪ\пҝҪпҝҪпҝҪzT\пҝҪ}:пҝҪ>_xпҝҪпҝҪпҝҪHпҝҪпҝҪb	m\пҝҪ#\пҝҪпҝҪпҝҪiпҝҪ\пҝҪ&УғпҝҪE\"R6</пҝҪ^\пҝҪЪөпҝҪпҝҪ`\пҝҪ\\\пҝҪ0пҝҪcпҝҪ\пҝҪ\пҝҪB=\rp\пҝҪ\пҝҪSпҝҪIУ«пҝҪ\пҝҪ\пҝҪ\пҝҪШҢ6\"8пҝҪ7\пҝҪ}{пҝҪпҝҪпҝҪb\пҝҪпҝҪЖ¬a\\\пҝҪпҝҪ\пҝҪ6пҝҪN\пҝҪtK+5\пҝҪk\пҝҪпҝҪT\пҝҪsпҝҪпҝҪsпҝҪ\пҝҪ}\пҝҪ\пҝҪ\пҝҪLjпҝҪпҝҪпҝҪпҝҪzz\пҝҪ?\"\пҝҪ\\\пҝҪXd\пҝҪgiI.g\пҝҪvпҝҪпҝҪ^пҝҪпҝҪ\пҝҪu&\пҝҪTbпҝҪ\пҝҪM}\пҝҪпҝҪ\пҝҪ.\пҝҪ\пҝҪw\пҝҪ\пҝҪv}пҝҪпҝҪпҝҪ\r_A\'ft\пҝҪyпҝҪпҝҪvm\пҝҪS\пҝҪЧҜ~пҝҪ.ЖұпҝҪ\пҝҪ@Ь‘Ъў\пҝҪmm\пҝҪ\пҝҪ\пҝҪkпҝҪs4пҝҪn=пҝҪtпҝҪ\пҝҪ\пҝҪ&\пҝҪ+ksV\пҝҪi	\пҝҪ$\пҝҪ,пҝҪl\пҝҪ+JпҝҪпҝҪ\пҝҪ\пҝҪf\пҝҪJH(\пҝҪ(eЫҚZ\пҝҪ\пҝҪ\пҝҪiпҝҪi!пҝҪa\пҝҪ=~пҝҪпҝҪпҝҪb\пҝҪKV[пҝҪjМЁпҝҪ\0\пҝҪsT\пҝҪ%x&OпҝҪпҝҪ,пҝҪ\пҝҪ\пҝҪBhZq,RF\пҝҪ\пҝҪ\пҝҪпҝҪ\пҝҪEc]КҚ\'8пҝҪyпҝҪSпҝҪZпҝҪ-\пҝҪ~\пҝҪwпҝҪ4;<Ы¬пҝҪjOЭҳaepпҝҪ\пҝҪ\пҝҪпҝҪxt0\пҝҪe%+X\пҝҪ\пҝҪTпҝҪV<пҝҪWТ®пҝҪ-k\пҝҪ\пҝҪпҝҪпҝҪпҝҪпҝҪ>Y\\pпҝҪ\пҝҪпҝҪпҝҪ%{^\пҝҪY\пҝҪsЖҹпҝҪgпҝҪxпҝҪ[пҝҪ\пҝҪ^пҝҪlпҝҪ\n\пҝҪ\пҝҪKпҝҪ}F\пҝҪпҝҪWlWпҝҪyu\пҝҪ\пҝҪ\rпҝҪ*пҝҪ<\пҝҪUJ\пҝҪxпҝҪ\пҝҪ\пҝҪ\пҝҪпҝҪz\пҝҪ+hпҝҪпҝҪQ\пҝҪ{пҝҪпҝҪпҝҪпҝҪпҝҪпҝҪпҝҪ\пҝҪ^3m=OAmпҝҪ\пҝҪпҝҪQпҝҪпҝҪkпҝҪЪ…пҝҪ[UпҝҪ\пҝҪo+\пҝҪ9lпҝҪГӯwС§9\пҝҪIпҝҪ\пҝҪ\'AпҝҪyпҝҪimyпҝҪ\пҝҪО§)(пҝҪ=\пҝҪ\пҝҪ\0eпҝҪIпҝҪE7X\пҝҪ\пҝҪqGпҝҪ\пҝҪO\пҝҪI=rs^пҝҪ\пҝҪ\пҝҪ\пҝҪ\пҝҪs\\\02@\пҝҪпҝҪпҝҪT	\пҝҪWпҝҪQпҝҪ`:пҝҪdпҝҪ\ZпҝҪE\пҝҪ/\пҝҪ	пҝҪпҝҪxпҝҪz\пҝҪ\пҝҪGпҝҪпҝҪ\пҝҪ\пҝҪ8пҝҪ\пҝҪbпҝҪпҝҪ\пҝҪ\пҝҪпҝҪ\пҝҪld7mOпҝҪпҝҪm\пҝҪuпҝҪпҝҪМәпҝҪпҝҪI\пҝҪ\пҝҪJЖҹпҝҪ\пҝҪЗҘ~пҝҪпҝҪ\пҝҪКҡIпҝҪ1I/[]пҝҪпҝҪпҝҪ;\пҝҪC9Mk9\пҝҪЙҫ\пҝҪ\пҝҪпҝҪ~I~]пҝҪ0\пҝҪ?пҝҪ{gЗҲпҝҪ\rпҝҪ\пҝҪ\пҝҪпҝҪпҝҪkпҝҪ\пҝҪ\пҝҪ%пҝҪпҝҪ?)kпҝҪпҝҪw\пҝҪп“ҡпҝҪt3пҝҪ\пҝҪ\пҝҪ7пҝҪпҝҪ*^пҝҪпҝҪs\пҝҪ\пҝҪпҝҪпҝҪ\пҝҪ*{ЖҘ\пҝҪ:Xu]5пҝҪ&\пҝҪпҝҪ\пҝҪJпҝҪsKпҝҪпҝҪ\пҝҪzпҝҪпҝҪ\пҝҪ,пҝҪпҝҪ\пҝҪпҝҪК•пҝҪпҝҪVжҺҷ\пҝҪV\пҝҪ\пҝҪ\пҝҪпҝҪ\пҝҪ\пҝҪ_\пҝҪ\пҝҪ\пҝҪ[\пҝҪKпҝҪпҝҪ)JпҝҪпҝҪпҝҪ\пҝҪпҝҪпҝҪпҝҪ\пҝҪпҝҪпҝҪ}\пҝҪrпҝҪ\пҝҪL\пҝҪ\n\пҝҪ\пҝҪ\пҝҪ\пҝҪb?O\пҝҪ\пҝҪпҝҪХ•ДқЩё	\пҝҪ3\пҝҪzпҝҪCпҝҪ\пҝҪЗҲGпҝҪh\пҝҪbпҝҪ7EaпҝҪ\пҝҪOтӘҠ»2пҝҪпҝҪпҝҪ>пҝҪ\ZNпҝҪoЗҳFпҝҪпҝҪ\пҝҪпҝҪTЮ¬ пҝҪQ\пҝҪx[B:\пҝҪ7WпҝҪMпҝҪ$пҝҪ\пҝҪKпҝҪпҝҪпҝҪ\пҝҪ\пҝҪq\пҝҪVпҝҪпҝҪпҝҪ\пҝҪOпҝҪ\пҝҪпҝҪпҝҪ[пҝҪ\пҝҪO\пҝҪ\пҝҪпҝҪпҝҪI,пҝҪ[\пҝҪ?пҝҪ+0Ъұ\'\пҝҪ)\пҝҪ\пҝҪ\пҝҪ\пҝҪ\пҝҪ^mJЙҪUAPпҝҪ\пҝҪg\пҝҪZ\пҝҪ\пҝҪУҫ*пҝҪпҝҪ\пҝҪeпҝҪ,o\пҝҪ@пҝҪ\0mпҝҪпҝҪпҝҪТҪпҝҪN\пҝҪ\пҝҪ\пҝҪпҝҪпҝҪ\пҝҪ\пҝҪ\пҝҪ\пҝҪпҝҪGпҝҪ[\пҝҪBHEМ’пҝҪпҝҪ\'#пҝҪ\пҝҪ\пҝҪj9}\пҝҪ&k},^РјUyпҝҪ,\пҝҪпҝҪпҝҪпҝҪпҝҪпҝҪпҝҪпҝҪ\пҝҪжі©F5w*O\ZпҝҪпҝҪпҝҪП®_HпҝҪпҝҪпҝҪ\пҝҪHrпҝҪ\пҝҪdпҝҪпҝҪo\пҝҪ\пҝҪm8пҝҪ\пҝҪUd\пҝҪA-пҝҪ\nпҝҪ98\пҝҪ7пҝҪOпҝҪ\пҝҪXsпҝҪв“Қ\пҝҪcHJР№\пҝҪ\пҝҪKJOBNkпҝҪlyпҝҪпҝҪпҝҪ0H=AпҝҪ\пҝҪ.бҙңcпҝҪbd\пҝҪ\пҝҪ\пҝҪпҝҪ\пҝҪТ®\пҝҪ&пҝҪ\пҝҪ\пҝҪпҝҪ\0\пҝҪmv}\'C\пҝҪaпҝҪпҝҪ~\пҝҪ\пҝҪ\0пҝҪxg\пҝҪ\пҝҪЬҠпҝҪ{/пҝҪ\ZпҝҪyпҝҪ|1Хҹ\пҝҪ|AпҝҪпҝҪпҝҪ\пҝҪпҝҪ,?\пҝҪ*>X\пҝҪ}w\пҝҪVпҝҪпҝҪ\пҝҪCyОӯпҝҪпҝҪпҝҪ{{W\пҝҪt\пҝҪm\пҝҪпҝҪ\пҝҪ\пҝҪ\"cпҝҪisпҝҪВҒпҝҪпҝҪ\пҝҪ\nWпҝҪ3!пҝҪпҝҪ\пҝҪпҝҪ\0ZfvпҝҪпҝҪvпҝҪ:\пҝҪ\пҝҪ-q*пҝҪ\пҝҪ_oe,qJ\пҝҪпҝҪgk\пҝҪ[НӢ\пҝҪ\пҝҪ2пҝҪпҝҪпҝҪ?\пҝҪ\'пҝҪqЯ·пҝҪпҝҪпҝҪ\пҝҪk\ZkvY\пҝҪOпҝҪД§\пҝҪvпҝҪl)\пҝҪ0\пҝҪOпҝҪ\n\"пҝҪпҝҪ\пҝҪW\пҝҪпҝҪ\пҝҪ\пҝҪX\пҝҪ\пҝҪ\пҝҪпҝҪ\пҝҪc#\пҝҪ>\пҝҪ473:пҝҪ\пҝҪH\пҝҪпҝҪ\0пҝҪX\пҝҪиҰ¬пҝҪuпҝҪuS\пҝҪпҝҪ\пҝҪпҝҪ\пҝҪЮёпҝҪ\пҝҪEпҝҪNW\пҝҪzPпҝҪпҝҪУ®пҝҪпҝҪ{пҝҪq\пҝҪdсӘҢӯr%gsпҝҪпҝҪ{\пҝҪ[пҝҪ\Z\пҝҪC\пҝҪAqs\пҝҪi\пҝҪпҝҪпҝҪпҝҪrzdBпҝҪпҝҪпҝҪГҡ\пҝҪ_пҝҪ{пҝҪпҝҪпҝҪ\пҝҪ)пҝҪ\пҝҪ\пҝҪпҝҪ\пҝҪ\пҝҪ\пҝҪ\пҝҪqu\пҝҪ[\пҝҪ2\пҝҪY\пҝҪUпҝҪ\пҝҪmH$пҝҪ\пҝҪ\пҝҪqпҝҪ\пҝҪ.Gx\пҝҪ<\пҝҪЮҲ\пҝҪпҝҪ)CH-пҝҪпҝҪml\пҝҪ\пҝҪM<AmVпҝҪпҝҪ);PaTпҝҪпҝҪ\0пҝҪdпҝҪпҝҪ9\пҝҪrж“»?2<qrпҝҪпҝҪпҝҪ\пҝҪпҝҪ\пҝҪ$пҝҪпҝҪkпҝҪsпҝҪ\пҝҪ~k\пҝҪ)|\пҝҪ\пҝҪ|L\пҝҪ@3пҝҪпҝҪ\пҝҪпҝҪDпҝҪ\пҝҪ:пҝҪ\\\пҝҪЕЈY07SпҝҪ\пҝҪ8\пҝҪb\пҝҪпҝҪ?пҝҪ\пҝҪTпҝҪпҝҪ33n\пҝҪwпҝҪпҝҪZ`]>\пҝҪQ\"пҝҪ3пҝҪпҝҪпҝҪпҝҪ^LпҝҪj\пҝҪ\пҝҪR\пҝҪfuZпҝҪy\пҝҪпҝҪjd\пҝҪp`\пҝҪпҝҪпҝҪпҝҪ83\пҝҪ<пҝҪ{*(пҝҪl*\пҝҪ*\пҝҪ\пҝҪyJ\пҝҪ\пҝҪ\пҝҪ\пҝҪ\пҝҪпҝҪf\пҝҪФ‘\пҝҪК’1}A\0\пҝҪqYпҝҪпҝҪ}	Эі#пҝҪTK-ZпҝҪпҝҪпҝҪl\пҝҪFw>пҝҪ\пҝҪt\пҝҪy\пҝҪ\пҝҪ.\пҝҪaпҝҪ+x%1зҙ„пҝҪ\пҝҪпҝҪUпҝҪ\пҝҪ*r\пҝҪ\пҝҪ\пҝҪпҝҪпҝҪ?пҝҪпҝҪ\пҝҪпҝҪпҝҪ>пҝҪiкўҘo]?C\пҝҪ|G\пҝҪ\пҝҪhпҝҪ#-AK{\пҝҪпҝҪИӨ\пҝҪ698пҝҪ\0wпҝҪ\пҝҪЮҫ\пҝҪ\rпҝҪO\пҝҪ\пҝҪV~пҝҪ\пҝҪO\пҝҪs,пҝҪпҝҪsпҝҪпҝҪ%hФ•\пҝҪ\пҝҪo_пҝҪQ\пҝҪ$пҝҪ`\пҝҪ\пҝҪ\пҝҪХһпҝҪпҝҪ]пҝҪпҝҪпҝҪЪЈпҝҪпҝҪl/=\пҝҪg\пҝҪ5пҝҪ4пҝҪ\пҝҪТ©U\пҝҪ\пҝҪ\пҝҪ\пҝҪ7\пҝҪ\пҝҪМ§пҝҪbhaW,)Гқu\пҝҪ\пҝҪn\пҝҪ\пҝҪ\пҝҪ}!пҝҪЭә$e\Z@8\rУҺE\r\пҝҪJ6)\пҝҪпҝҪпҝҪпҝҪL\пҝҪJ\пҝҪпҝҪ6;пҝҪh	v`пҝҪ{пҝҪпҝҪTO@\пҝҪnпҝҪ\0пҝҪ\пҝҪuпҝҪпҝҪпҝҪ\пҝҪЖ«пҝҪGпҝҪ_\пҝҪ5пҝҪпҝҪlЭ•пҝҪJ=6\пҝҪbK\Z\пҝҪy\пҝҪ?:\пҝҪ\пҝҪ\пҝҪ\пҝҪ#N\пҝҪ\пҝҪ$`-пҝҪ7пҝҪМҳпҝҪпҝҪпҝҪпҝҪпҝҪЬҙпҝҪCпҝҪ\пҝҪ-\rпҝҪпҝҪ\пҝҪ\"\пҝҪCcпҝҪпҝҪ\пҝҪl\пҝҪ;\пҝҪPпҝҪ\пҝҪ.пҝҪпҝҪz3Ko\пҝҪ`пҝҪXпҝҪcпҝҪp*пҝҪkjLпҝҪmX\пҝҪ[\n5\пҝҪпҝҪcпҝҪпҝҪпҝҪNпҝҪ\пҝҪ&-пҝҪ\пҝҪ]пҝҪпҝҪEпҝҪпҝҪ\пҝҪ<\пҝҪ\пҝҪAпҝҪYM87sпҝҪпҝҪW:S\пҝҪпҝҪпҝҪ\пҝҪпҝҪt\пҝҪ\rhW6ЦұA,пҝҪy*@ЪҖq\пҝҪ\'пҝҪпҝҪпҝҪRrmпҝҪ\пҝҪ\пҝҪ;(пҝҪlz\пҝҪi\пҝҪ\пҝҪ<пҝҪ\пҝҪпҝҪпҝҪпҝҪпҝҪпҝҪ9\пҝҪ5\пҝҪWW _\пҝҪH\пҝҪ\пҝҪ\пҝҪпҝҪ\пҝҪН”\пҝҪ\пҝҪzcпҝҪЭІ\r]8JпҝҪпҝҪe(\пҝҪV~z\пҝҪ\пҝҪj:пҝҪ\пҝҪ\пҝҪ(kпҝҪпҝҪ\ZFпҝҪ=пҝҪ\пҝҪ1пҝҪпҝҪTWC\пҝҪr\пҝҪmпҝҪ\ZпҝҪпҝҪsпҝҪxпҝҪt2]пҝҪu\пҝҪ\пҝҪ\пҝҪ/\пҝҪ\пҝҪ\пҝҪпҝҪ\пҝҪпҝҪG\пҝҪ\пҝҪj\пҝҪIпҝҪ\пҝҪqn+DQ\пҝҪNпҝҪ\пҝҪ}пҝҪО№|\пҝҪ\пҝҪ*пҝҪпҝҪ\пҝҪvIпҝҪH\пҝҪ\пҝҪ\пҝҪNN\пҝҪt&пҝҪs\пҝҪ\пҝҪ\пҝҪ6пҝҪVпҝҪ{пҝҪ\пҝҪ<\пҝҪ%A\пҝҪ3пҝҪ=пҝҪkпҝҪKcпҝҪmпҝҪv3Qaq$HпҝҪ\пҝҪ0\пҝҪ#_~пҝҪпҝҪМҹ\пҝҪпҝҪ#da9]\пҝҪ\пҝҪ\пҝҪR\пҝҪ\пҝҪ+WпҝҪ3ZпҝҪпҝҪпҝҪ\пҝҪ\ZCпҝҪ5пҝҪuf\пҝҪ\пҝҪz.пҝҪ\пҝҪ\пҝҪпҝҪhпҝҪпҝҪeИ—kпҝҪ`@пҝҪR3gЧӯ`пҝҪ\пҝҪпҝҪ\пҝҪW\пҝҪ\пҝҪ\пҝҪ\пҝҪ\пҝҪs3^\пҝҪпҝҪпҝҪпҝҪ%ЙҠ\пҝҪ\пҝҪ пҝҪOпҝҪQ\пҝҪZ\пҝҪ^TпҝҪпҝҪ\пҝҪ\пҝҪs\пҝҪ\пҝҪ\пҝҪ)c\пҝҪ-\'x\пҝҪnпҝҪпҝҪw]N[W\пҝҪg\пҝҪ>пҝҪпҝҪЪүпҝҪ\пҝҪ1пҝҪ\пҝҪ@x,пҝҪпҝҪ пҝҪпҝҪпҝҪ<s\пҝҪ{ЧЈO\nпҝҪпҝҪ\пҝҪ*2пҝҪ+o_;пҝҪ\пҝҪпҝҪпҝҪ\пҝҪy>\"XпҝҪe;пҝҪпҝҪ\пҝҪ\пҝҪ\пҝҪ\пҝҪпҝҪпҝҪпҝҪ\пҝҪ\пҝҪ\пҝҪ\пҝҪ\пҝҪпҝҪ\пҝҪ\пҝҪGпҝҪпҝҪv\пҝҪK\пҝҪЫҷHпҝҪ$иүҹпҝҪ\пҝҪxUпҝҪ5\пҝҪNпҝҪпҝҪIJпҝҪ\пҝҪпҝҪпҝҪi^QпҝҪпҝҪm\пҝҪ\пҝҪпҝҪпҝҪ\пҝҪ\пҝҪ\пҝҪпҝҪпҝҪ:пҝҪпҝҪ\"пҝҪ\пҝҪпҝҪпҝҪyпҝҪ\пҝҪyпҝҪпҝҪc;!пҝҪпҝҪxпҝҪЗҜ\пҝҪ8пҝҪпҝҪ\пҝҪc\пҝҪ\пҝҪvпҝҪпҝҪ\пҝҪ\пҝҪпҝҪLVпҝҪ\пҝҪW}[\пҝҪz\пҝҪ*пҝҪAпҝҪпҝҪ~|z\пҝҪ\пҝҪ\пҝҪVпҝҪ\пҝҪ\Z\пҝҪ-пҝҪ\пҝҪ9пҝҪ +\пҝҪlKтІһӣпҝҪ\пҝҪ8зұҠ\пҝҪпҝҪyZwkпҝҪ6\пҝҪ\пҝҪq\пҝҪ\пҝҪЙӯпҝҪ\пҝҪпҝҪ\0пҝҪ>\rO\rjпҝҪпҝҪ/пҝҪпҝҪ\пҝҪZ;пҝҪ)пҝҪпҝҪпҝҪ:пҝҪ\пҝҪXпҝҪ\пҝҪ\пҝҪ\пҝҪ\пҝҪ_]\ZпҝҪпҝҪ8\пҝҪПүпҝҪСЁ\пҝҪ\пҝҪjпҝҪ\пҝҪm;пҝҪmпҝҪпҝҪпҝҪpпҝҪРқпҝҪO\пҝҪпҝҪb\пҝҪ\пҝҪ=:}пҝҪпҝҪ\пҝҪGпҝҪ\Z9пҝҪИҲu]^\пҝҪ\пҝҪ6пҝҪuWпҝҪ\пҝҪ\пҝҪ\Z\пҝҪпҝҪпҝҪOпҝҪO+пҝҪ\пҝҪ\пҝҪ2пҝҪr^\пҝҪ\пҝҪ,пҝҪ\пҝҪw\'НҠIпҝҪ\пҝҪЯҜ\\пҝҪ\nпҝҪ[пҝҪ\пҝҪ}OпҝҪпҝҪ\0dпӮҡ8пҝҪпҝҪ\пҝҪ:пҝҪ+wпҝҪпҝҪ;пҝҪAHпҝҪ4пҝҪ|пҝҪпҝҪ\пҝҪпҝҪпҝҪ\пҝҪШңDпҝҪ)S[#\пҝҪпҝҪпҝҪi\пҝҪ2Эө\пҝҪ\пҝҪ{пҝҪ\пҝҪпҝҪпҝҪпҝҪпҝҪa:пҝҪпҝҪ0пҝҪmпҝҪ`!gпҝҪпҝҪпҝҪ[пҝҪ\пҝҪNT\пҝҪпҝҪпҝҪJueM\пҝҪ,пҝҪпҝҪСЈпҝҪo\n\пҝҪпҝҪпҝҪ8пҝҪPпҝҪпҝҪud0пҝҪ\пҝҪ3пҝҪ\пҝҪТҘПҷ\пҝҪ\пҝҪ|eNJ\пҝҪ\пҝҪ<\пҝҪ\пҝҪ\пҝҪ;\пҝҪBy-пҝҪ]b\пҝҪ!\пҝҪ7\r$пҝҪпҝҪr2\пҝҪF\пҝҪ\пҝҪ^пҝҪ\nT\пҝҪ\пҝҪ\пҝҪyxпҝҪ\пҝҪ\пҝҪпҝҪ\пҝҪ\пҝҪ?пҝҪ_пҝҪ\пҝҪbпҝҪ\пҝҪUХјпҝҪ\пҝҪ8.пҝҪЛқпҝҪМңпҝҪЭ«rУҖ9пҝҪkпҝҪxпҝҪ8uhпҝҪпҝҪпҝҪпҝҪJпҝҪ\пҝҪ9(пҝҪ\пҝҪпҝҪ\0пҝҪfпҝҪпҝҪ\пҝҪпҝҪпҝҪпҝҪпҝҪE\пҝҪa\пҝҪ	пҝҪ\пҝҪ=O\пҝҪ\\пҝҪ\0\\sЩЁпҝҪ\пҝҪ\пҝҪпҝҪ\0#Э§пҝҪТҠ\пҝҪ\пҝҪпҝҪЯҶпҝҪпҝҪsЗҡFпҝҪпҝҪпҝҪ\пҝҪ\пҝҪcпҝҪ6пҝҪпҝҪF099?пҝҪВ®пҝҪпҝҪ*пҝҪ\пҝҪ\пҝҪ3\пҝҪRпҝҪJпҝҪ\пҝҪKmпҝҪпҝҪ\пҝҪ^пҝҪkmnпҝҪпҝҪпҝҪпҝҪ1пҝҪпҝҪпҝҪпҝҪпҝҪ:{\n\пҝҪ)\пҝҪr\пҝҪпҝҪzпҝҪ#cпҝҪпҝҪпҝҪпҝҪ\пҝҪ.пҝҪ\пҝҪ\0pпҝҪzпҝҪпҝҪ<пҝҪMЙ‘lпҝҪпҝҪYпҝҪ^\пҝҪпҝҪпҝҪпҝҪ+)пҝҪ,kпҝҪ\пҝҪ[&\пҝҪ\пҝҪпҝҪпҝҪ\пҝҪ\пҝҪJпҝҪпҝҪпҝҪSХ‘ZпҝҪc\пҝҪ8,O\пҝҪZD\пҝҪ\пҝҪ[QпҝҪ\'Ю¬Нҹ^пҝҪпҝҪпҝҪпҝҪпҝҪ!\пҝҪfOпҝҪ485\пҝҪ-пҝҪ]\пҝҪ\пҝҪ\пҝҪGпҝҪ5ЩҶ\пҝҪK5(пҝҪ>cпҝҪ\пҝҪ\пҝҪ(пҝҪUпҝҪ\0\пҝҪЧЎ\пҝҪпҝҪ\0пҝҪoпҝҪtпҝҪпҝҪ	.|W4B\пҝҪWФқД’(пҝҪпҝҪпҝҪпҝҪ4пҝҪOпҝҪTпҝҪ\пҝҪ{\пҝҪWпҝҪпҝҪ\пҝҪ{gМ¶[пҝҪ\пҝҪ2пҝҪпҝҪZпҝҪпҝҪ\пҝҪW\пҝҪпҝҪ\"пҝҪпҝҪпҝҪ\пҝҪ\пҝҪ\rd\пҝҪ\пҝҪ>DpF>H\пҝҪ\пҝҪzRWOпҝҪпҝҪ\пҝҪ\пҝҪпҝҪпҝҪ\пҝҪ\пҝҪ~\пҝҪKЭҰпҝҪпҝҪпҝҪoПІпҝҪпҝҪ:\пҝҪ\пҝҪ\пҝҪпҝҪ\0пҝҪ\пҝҪ^пҝҪo$SпҝҪ{пҝҪ\' пҝҪ`\пҝҪ0CВһ!Вө5РҢ5)N\пҝҪЦӘkOUпҝҪпҝҪtпҝҪ\пҝҪ+пҝҪпҝҪпҝҪC\пҝҪпҝҪYпҝҪ\пҝҪt\пҝҪY4пҝҪbyXD\пҝҪo\'W9%пҝҪ\пҝҪ$dmпҝҪ\пҝҪпҝҪпҝҪv)ЧҸ$пҝҪпҝҪ>пҝҪ\пҝҪ-TOFxd~<пҝҪ= пҝҪпҝҪпҝҪ\пҝҪz\пҝҪ<пҝҪcWВҡgпҝҪпҝҪ\'кӢҰxsMпҝҪy\пҝҪ.JпҝҪzпҝҪvпҝҪJпҝҪпҝҪпҝҪ6kNпҝҪJ\пҝҪ\пҝҪGпҝҪ\пҝҪпҝҪ\0пҝҪ\пҝҪ\пҝҪm,d\пҝҪl\пҝҪ[\пҝҪvпҝҪпҝҪcпҝҪDпҝҪbпҝҪqпҝҪ\пҝҪ\'пҝҪ/^xпҝҪ`пҝҪ\пҝҪ<[пҝҪ\пҝҪ\"wпҝҪ<i/\пҝҪ\пҝҪпҝҪпҝҪпҝҪ\пҝҪ\пҝҪ\пҝҪЛӢпҝҪ\пҝҪЪҺпҝҪtпҝҪhпҝҪпҝҪпҝҪпҝҪcпҝҪJ\пҝҪпҝҪпҝҪ\пҝҪcШҠе©ҢпҝҪТ§пҝҪF\пҝҪ\пҝҪ\пҝҪ+\пҝҪV\пҝҪ\пҝҪпҝҪ?\r5пҝҪX\rKпҝҪ{пҝҪ$пҝҪ\пҝҪ\пҝҪpпҝҪпҝҪQпҝҪHx\пҝҪ\пҝҪ\пҝҪ\пҝҪGпҝҪ\пҝҪ\\пҝҪпҝҪпҝҪKпҝҪhпҝҪпҝҪпҝҪпҝҪпҝҪVex\пҝҪ\пҝҪ^9\пҝҪ=пҮҜ%пҝҪпҝҪ>fпҝҪ[\пҝҪЗ°пҝҪпҝҪпҝҪ\пҝҪBQzHХё\пҝҪhпҝҪHпҝҪпҝҪпҝҪOпҝҪ]}пҝҪUпҝҪпҝҪ\пҝҪ\пҝҪ$пҝҪRA\пҝҪ5\пҝҪ\пҝҪAпҝҪпҝҪ{/пҝҪпҝҪ(xO\пҝҪ\r\пҝҪM6пҝҪmkпҝҪпҝҪE\пҝҪHД·пҝҪ/пҝҪпҝҪпҝҪпҝҪY\пҝҪpЩ‘*sпҝҪпҝҪ\пҝҪO:ДҢ\пҝҪ%TпҝҪ$\пҝҪ\пҝҪL,`пҝҪпҝҪt\пҝҪпҝҪ$пҝҪ697\пҝҪuпҝҪпҝҪ\пҝҪsпҝҪ\пҝҪ\пҝҪ\пҝҪI\пҝҪ|GпҝҪkпҝҪРҡ?пҝҪum7\пҝҪ\пҝҪпҝҪпҝҪ\пҝҪ,\пҝҪ\пҝҪnnпҝҪ-пҝҪhпҝҪr0пҝҪHб¶©nG>;\Z\пҝҪпҝҪg\пҝҪJ\пҝҪ<пҝҪUvпҝҪ\пҝҪ\пҝҪпҝҪ\пҝҪ{пҝҪZIпҝҪ1$пҝҪЮҫпҝҪ6J\пҝҪ\пҝҪev1пҝҪTПӯ[пҝҪDпҝҪпҝҪпҝҪпҝҪпҝҪпҝҪ[\nпҝҪпҝҪКіs4P1пҝҪ\пҝҪK)пҝҪпҝҪ\пҝҪпҝҪ\пҝҪ\пҝҪШІ\пҝҪe-пҝҪ_\пҝҪпҝҪ/Тқ\пҝҪlпҝҪ]пҝҪ!jпҝҪпҝҪ\пҝҪt-\пҝҪ\пҝҪ@\пҝҪ\пҝҪiпҝҪпҝҪ\пҝҪ{\пҝҪпҝҪ\пҝҪ\пҝҪ\пҝҪ~пҝҪпҝҪ\пҝҪ\пҝҪ@пҝҪпҝҪпҝҪeпҝҪ\пҝҪ&\пҝҪ6,пҝҪ?пҝҪпҝҪпҝҪ2\пҝҪ\'5\пҝҪA^пҝҪ?\пҝҪ\пҝҪT3пҝҪпҝҪvпҝҪпҝҪcСјпҝҪ[\пҝҪ\пҝҪпҝҪпҝҪпҝҪ6hU\пҝҪe,\пҝҪdпҝҪпҝҪ\пҝҪJпҝҪпҝҪ9пҝҪпҝҪ*\пҝҪ\пҝҪ\пҝҪ\пҝҪ==пҝҪ\пҝҪ/J\пҝҪiпҝҪ:пҝҪпҝҪпҝҪ\пҝҪ,пҝҪ\\NпҝҪymпҝҪn\пҝҪ\пҝҪA<u\пҝҪZпҝҪпҝҪEпҝҪпҝҪ+пҝҪ)Ц…:-\пҝҪ\пҝҪzпҝҪпҝҪ_пҝҪ\пҝҪпҝҪuпҝҪ\пҝҪi\пҝҪ2\пҝҪ\пҝҪ\пҝҪzdkgoпҝҪпҝҪ$пҝҪfYIпҝҪ\0hпҝҪпҝҪ\пҝҪпҝҪ,W\пҝҪePпҝҪ*j2~пҝҪ\пҝҪ\пҝҪO=пҝҪ?m9УӢ\пҝҪJM\'m\'\пҝҪ~пҝҪеҘ•7D}rk\пҝҪlпҝҪhпҝҪ\пҝҪпҝҪ\пҝҪRпҝҪoc\пҝҪoпҝҪпҝҪUШ¶U\пҝҪ5D7пҝҪc\пҝҪ`\пҝҪ\пҝҪпҝҪmпҝҪ\пҝҪ|пҝҪ.~Ті\пҝҪ=\пҝҪ)В’пҝҪGпҝҪ\пҝҪпҝҪпҝҪпҝҪпҝҪ\пҝҪ\пҝҪ\пҝҪЧҺпҝҪпҝҪ)P\пҝҪ\пҝҪ\пҝҪ\пҝҪ8пҝҪ\пҝҪпҝҪ9MCsпҝҪпҝҪпҝҪyr\пҝҪWgпҝҪпҝҪ\пҝҪ\пҝҪ\пҝҪ\пҝҪ_пҝҪn\пҝҪ\пҝҪ\\NпҝҪпҝҪпҝҪпҝҪc)\пҝҪ!\пҝҪaUЦӯпҝҪ8}пҝҪпҝҪ\пҝҪ4p\пҝҪпҝҪпҝҪ\пҝҪy-Y\пҝҪ\пҝҪпҝҪ\0пҝҪE<6n66пҝҪ9O\пҝҪyGпҝҪпҝҪ?К»>пҝҪпҝҪпҝҪ\пҝҪ\пҝҪ\пҝҪu2\пҝҪ\пҝҪ5]пҝҪC\пҝҪG\пҝҪ\пҝҪпҝҪ\ZLпҝҪпҝҪc\пҝҪNпҝҪ\пҝҪ}пҝҪпҝҪH\пҝҪ\пҝҪaRпҝҪZj\пҝҪF\пҝҪ\пҝҪУ¬пҝҪ\0qQ?]\пҝҪДҫ\пҝҪ\пҝҪ]5oCrXe/mH;пҝҪпҝҪ\0CQNпҝҪпҝҪпҝҪ3пҝҪ9Т—-Ufy<пҝҪ\0	/пҝҪпҝҪпҝҪ[\пҝҪnbSпҝҪпҝҪпҝҪoZ\пҝҪ\пҝҪ\пҝҪZпҝҪпҝҪEпҝҪ@пҝҪUпҝҪпҝҪ\пҝҪ\пҝҪ[пҝҪ^TпҝҪK7RbyпҝҪпҝҪ\пҝҪ-пҝҪkпҝҪ\пҝҪпҝҪ\пҝҪ~ЭӨпҝҪпҝҪпҝҪ\пҝҪ(\пҝҪ\пҝҪB!пҝҪТ·iKХ№\пҝҪ\пҝҪ{\пҝҪ\пҝҪ\пҝҪпҝҪпҝҪiпҝҪ?пҝҪпҝҪпҝҪпҝҪЯ—\пҝҪ\пҝҪ\пҝҪ\пҝҪ~g\пҝҪ\пҝҪпҝҪZХ®пҝҪпҝҪпҝҪ\пҝҪЩүfпҝҪ6rI\пҝҪ\пҝҪ\пҝҪhпҝҪ\пҝҪпҝҪMй©ЎпҝҪ|сҚ…”wOпҝҪHcпҝҪ\пҝҪ$nпҝҪ пҝҪ\0пҝҪпҝҪпҝҪ^z\пҝҪXпҝҪ7kпҝҪпҝҪ\пҝҪZпҝҪGпҝҪпҝҪ(\пҝҪ6пҝҪvпҝҪEпҝҪ\пҝҪпҝҪпҝҪ\пҝҪM}BпҝҪ\пҝҪ\пҝҪ\0O\пҝҪ\пҝҪJUпҝҪ\пҝҪqпҝҪ\'пҝҪ;\пҝҪx3HпҝҪG\пҝҪ+\пҝҪTпҝҪ\пҝҪ&пҝҪZ\пҝҪ\пҝҪ\пҝҪ[b\пҝҪP	%пҝҪпҝҪ:d\n\пҝҪ3ue\пҝҪo*qпҝҪЭһ<;wпҝҪ\пҝҪпҝҪ\пҝҪI пҝҪ7\пҝҪК§\n2\0$пҝҪgпҝҪ\пҝҪl\пҝҪy]пҝҪPУғ]\пҝҪyпҝҪпҝҪ#\пҝҪ\"пҝҪпҝҪH\пҝҪЭңпҝҪпҝҪпҝҪМҶ\\K\пҝҪ\пҝҪ[8\пҝҪ\0Q)YпҝҪs\пҝҪ\пҝҪ\пҝҪ~\'\пҝҪпҝҪ\пҝҪпҝҪпҝҪпҝҪHwпҝҪh\пҝҪ\пҝҪ\пҝҪYпҝҪ\пҝҪD\пҝҪt[-пҝҪ\пҝҪ\пҝҪпҝҪAпҝҪпҝҪМҢOпҝҪ\пҝҪl4пҝҪпҝҪ\пҝҪ\пҝҪ\пҝҪxпҝҪ\пҝҪвЎүпҝҪ\пҝҪ_пҝҪпҝҪ\0пҝҪ{DJ!пҝҪUEпҝҪEпҝҪA\пҝҪЪә\пҝҪ\пҝҪпҝҪ9>i]\пҝҪ>IпҝҪпҝҪ\пҝҪK\пҝҪ\пҝҪwпҝҪFITпҝҪпҝҪ\пҝҪ\пҝҪ?t\пҝҪBпҝҪпҝҪпҝҪпҝҪ\пҝҪР§:t\пҝҪпҝҪ_vpпҝҪПҖпҝҪ~ xc^пҝҪпҝҪпҝҪ\пҝҪ\rпҝҪпҝҪ\пҝҪ\пҝҪпҝҪпҝҪпҝҪ0\пҝҪNпҝҪkпҝҪпҝҪпҝҪпҝҪпҝҪ\ZпҝҪпҝҪпҝҪпҝҪe\'пҝҪ\пҝҪKQ\пҝҪ-пҝҪV\пҝҪпҝҪпҝҪgпҝҪпҝҪ2\пҝҪпҝҪпҝҪпҝҪ\пҝҪ\пҝҪпҝҪ<\пҝҪпҝҪпҝҪqпҝҪпҝҪg\пҝҪ\"пҝҪпҝҪпҝҪOe6~eBпҝҪпҝҪQAпҝҪZ}пҝҪZNпҝҪke\0\rпҝҪK\08@пҝҪWЙ»пҝҪпҝҪ\пҝҪ\пҝҪ\пҝҪпҝҪlпҝҪG\пҝҪ?\пҝҪnпҝҪ\пҝҪ\пҝҪ^\"6\пҝҪ6>пҝҪпҝҪпҝҪ\пҝҪ\пҝҪ4пҝҪпҝҪпҝҪпҝҪ[	пҝҪtb\пҝҪ\пҝҪ^/\пҝҪ>\пҝҪ\пҝҪЯ¬xe\пҝҪQпҝҪпҝҪЬ»\пҝҪпҝҪпҝҪNO^I\пҝҪ\пҝҪ{\пҝҪ\пҝҪ0пҝҪU#МҸпҝҪМ•пҝҪпҝҪ4\пҝҪ<yмЈө[\пҝҪ\rпҝҪпҝҪЙ„пҝҪYYпҝҪпҝҪCqпҝҪпҝҪIz\пҝҪ]пҝҪ\пҝҪL\пҝҪ]\'пҝҪпҝҪ\пҝҪ\Z\пҝҪ\пҝҪ6пҝҪпҝҪ\пҝҪ6пҝҪV	\"\пҝҪ\пҝҪ8XпҝҪпҝҪ\пҝҪпҝҪ\пҝҪJпҝҪ\пҝҪ8Эў)9B^\пҝҪ>\пҝҪпҝҪпҝҪ>$k3\пҝҪЪҸпҝҪ|BпҝҪЕ®\пҝҪM\пҝҪпҝҪ\пҝҪ0BпҝҪпҝҪпҝҪпҝҪпҝҪпҝҪпҝҪпҝҪпҝҪLпҝҪпҝҪ\пҝҪa\пҝҪN^Тһ\пҝҪпҝҪ\\6*XпҝҪпҝҪmZ\пҝҪпҝҪпҝҪ3\пҝҪ	,\пҝҪ\пҝҪvпҝҪпҝҪ\пҝҪ\\HНҫSGJУ“OпҝҪпҝҪqпҝҪVпҝҪY\пҝҪ\пҝҪkпҝҪУјKj`пҝҪпҝҪпҝҪ\пҝҪPпҝҪUпҝҪпҝҪпҝҪG\пҝҪпҝҪ\пҝҪqORiVпҝҪE\пҝҪ~пҝҪпҝҪкһҢ\пҝҪKЯӮ7\пҝҪ_пҝҪ\пҝҪkoiпҝҪпҝҪП”\пҝҪ\пҝҪЧӨj1пҝҪs]0пҝҪ%пҝҪпҝҪОүWпҝҪ\пҝҪпҝҪlпҝҪпҝҪпҝҪ[.?\пҝҪпҝҪпҝҪ\пҝҪisпҝҪпҝҪ\пҝҪ5ЫәпҝҪпҝҪc\nпҝҪ{пҝҪIпҝҪпҝҪ\пҝҪ пҝҪ\пҝҪ\пҝҪ4\пҝҪYVR\пҝҪ\пҝҪ2пҝҪ\пҝҪ\пҝҪ&пҝҪпҝҪMrпҝҪFпҝҪ~\пҝҪпҝҪпҝҪ9пҝҪ\пҝҪ\пҝҪ8пҝҪr\пҝҪпҝҪ\пҝҪ\пҝҪ\пҝҪпҝҪVпҝҪDЦЁ\пҝҪJ\пҝҪ\пҝҪL\пҝҪ4пҝҪпҝҪ~.\пҝҪ\пҝҪ?пҝҪпҝҪпҝҪoпҝҪпҝҪ>пҝҪ\пҝҪ\пҝҪИёпҝҪпҝҪ\пҝҪ\nпҝҪпҝҪпҝҪЧҘvпҝҪ+hyN\пҝҪ\пҝҪ\пҝҪпҝҪ(x+N\пҝҪ\пҝҪпҝҪпҝҪYX\пҝҪxпҝҪ\пҝҪ\пҝҪ?\пҝҪ$пҝҪпҝҪпҝҪпҝҪ\0пҝҪпҝҪпҝҪпҝҪ\пҝҪ^\пҝҪпҝҪY4\пҝҪEr\пҝҪ\пҝҪkпҝҪ;MпҝҪпҝҪРҷ\пҝҪg9пҝҪ)пҝҪiqrЬҺпҝҪ6пҝҪ$пҝҪWпҝҪпҝҪ\пҝҪпҝҪz\пҝҪ\пҝҪ,пҝҪпҝҪ\пҝҪE~4fпҝҪ\пҝҪ\0пҝҪпҝҪ;bпҝҪпҝҪпҝҪ{\пҝҪ\пҝҪ\пҝҪ?пҝҪпҝҪпҝҪL3[пҝҪs\ZuhпҝҪпҝҪ\пҝҪA\n\пҝҪпҝҪ\пҝҪwпҝҪпҝҪ=пҝҪпҝҪxпҝҪ\пҝҪ_пҝҪпҝҪпҝҪпҝҪ%\пҝҪ-WпҝҪпҝҪпҝҪпҝҪ5Л»пҝҪMWCпҝҪ;\пҝҪJпҝҪ<пҝҪ9Y\пҝҪ#пҝҪ>пҝҪпҝҪbI\пҝҪ\пҝҪ?пҝҪ\nJrпҝҪпҝҪ\\пҝҪk\пҝҪh\пҝҪ\пҝҪпҝҪпҝҪ~пҝҪпҝҪпҝҪпҝҪ}пҝҪIпҝҪv\"q8пҝҪпҝҪ\пҝҪ#пҝҪ~1пҝҪq\\\пҝҪ\пҝҪCпҝҪ8\пҝҪпҝҪ	{)пҝҪ8\пҝҪ~^M~пҝҪ1~hпҝҪ^\пҝҪпҝҪO\пҝҪ-NИәпҝҪпҝҪCпҝҪh\пҝҪ\пҝҪ\пҝҪРҺ@\пҝҪjk\пҝҪ|пҝҪ4Мқ:пҝҪпҝҪпҝҪпҝҪ/пҝҪT\пҝҪпҝҪпҝҪGпҝҪ\пҝҪ\пҝҪпҝҪ\пҝҪ\пҝҪ\пҝҪ\пҝҪ++\пҝҪI\пҝҪ{пҝҪпҝҪ\r\пҝҪ)\пҝҪk#8*пҝҪ\пҝҪ\пҝҪпҝҪsРғ\пҝҪ0=eS\пҝҪaпҝҪпҝҪ~\пҝҪпҝҪl|\пҝҪ4aпҝҪuпҝҪm^пҝҪM\пҝҪoпҝҪ\пҝҪ\пҝҪ\пҝҪ\пҝҪ\Z\пҝҪ\пҝҪвҠІПёcпҝҪK6пҝҪO9пҝҪпҝҪ\пҝҪ\пҝҪпҝҪM4пҝҪQпҝҪ\пҝҪz{;E\0yРҫ\пҝҪA\пҝҪЦҪ&4\пҝҪ\пҝҪ=пҝҪЕҳ\пҝҪпҝҪk\пҝҪпҝҪh\пҝҪ\n\пҝҪЫҜ\пҝҪе°Һ4пҝҪBL_=JпҝҪ\пҝҪ?пҝҪ}<ymeпҝҪ\пҝҪJsпҝҪпҝҪпҝҪ\пҝҪ\пҝҪ|пҝҪ\пҝҪ\пҝҪV%пҝҪ\пҝҪ\пҝҪДҷOЛө%пҝҪ(_пҝҪrq\пҝҪjпҝҪSпҝҪпҝҪЪһпҝҪпҝҪпҝҪ+пҝҪпҝҪпҝҪЙӨпҝҪ\пҝҪ\пҝҪпҝҪпҝҪпҝҪпҝҪ\пҝҪ@\0f\пҝҪпҝҪ\пҝҪp\'\пҝҪkпҝҪ\пҝҪ]пҝҪпҝҪ\пҝҪпҝҪeE\Z5a-\пҝҪпҝҪ\пҝҪRпҝҪ\пҝҪGЪј\пҝҪsпҝҪ?J\пҝҪпҝҪпҝҪ3пҝҪ*\пҝҪеҫ‘h\пҝҪ\пҝҪHпҝҪДјдһҝOZi6\пҝҪпҝҪЕј\пҝҪsUпҝҪI-\пҝҪeпҝҪ:t\пҝҪ_пҝҪ\пҝҪ\пҝҪ~пҝҪ\пҝҪ\n+y\nпҝҪG\пҝҪ%\пҝҪ> kпҝҪsNodb\пҝҪXпҝҪ>2:\пҝҪa(EYu)M\пҝҪ`Z\пҝҪ\пҝҪ\пҝҪS,пҝҪk\пҝҪAпҝҪLпҝҪпҝҪ]\nQgпҝҪ*2[пҝҪ~*пҝҪMпҝҪпҝҪпҝҪWпҝҪ\пҝҪ\пҝҪ0{пҝҪпҝҪ8/GmпҝҪпҝҪпҝҪ\n:\пҝҪ?пҝҪ\пҝҪ\пҝҪ\пҝҪ\пҝҪ\пҝҪf]F\пҝҪ/;G_j\пҝҪ\пҝҪ\пҝҪ\пҝҪ\пҝҪCпҝҪ\0\пҝҪZпҝҪ\пҝҪ(^E.пҝҪp пҝҪr3\пҝҪ+\'5sHпҝҪ\пҝҪc\пҝҪ^пҝҪпҝҪЗҸ\пҝҪ\пҝҪ4пҝҪNпҝҪ\пҝҪ\\\пҝҪ\пҝҪ|6пҝҪпҝҪпҝҪпҝҪ=пҝҪ\пҝҪоҜЁhпҝҪЫһ\пҝҪ?4D\пҝҪhпҝҪ\пҝҪо§ғЧғпҝҪ{hb]=%пҝҪ\пҝҪ\пҝҪAO0пҝҪj:TпҝҪпҝҪ\пҝҪпҝҪпҝҪпҝҪmпҝҪпҝҪ\пҝҪDпҝҪW\пҝҪoвҝІпҝҪпҝҪ2#К·ua\пҝҪH\пҝҪ5\пҝҪЩӯ\Z\пҝҪпҝҪrPqvf\пҝҪrz\пҝҪf\пҝҪ\пҝҪ-aпҝҪпҝҪxgпҝҪ\'пҝҪ@U\пҝҪC+\пҝҪпҝҪЦһЪӢ}\nпҝҪ\пҝҪDпҝҪ\пҝҪE\пҝҪ\пҝҪпҝҪпҝҪпҝҪgLпҝҪпҝҪ\пҝҪl\пҝҪQ(\пҝҪД—[I,пҝҪ)КәпҝҪ2пҝҪпҝҪf\пҝҪ\пҝҪ\пҝҪ-\пҝҪ\пҝҪпҝҪпҝҪ\пҝҪ\пҝҪVпҝҪ:пҝҪ\пҝҪ]B\пҝҪ\пҝҪt\пҝҪ\пҝҪХӮпҝҪg\\&\ZпҝҪпҝҪ8пҝҪ#пҝҪпҝҪпҝҪпҝҪпҝҪU1E\0\0пҝҪ\пҝҪ{WR\пҝҪT{пҝҪ\\\пҝҪTcпҝҪЩўпҝҪ9VnH\пҝҪ})пҝҪпҝҪпҝҪпҝҪ\пҝҪSпҝҪ;т“ғңФ…пҝҪпҝҪпҝҪc)\пҝҪ7\пҝҪe9\пҝҪпҝҪ4пҝҪпҝҪ\Z]Y\пҝҪпҝҪcпҝҪ\пҝҪЙ©пҝҪпҝҪRпҝҪL\пҝҪ\пҝҪ\пҝҪC+u?\пҝҪEпҝҪ{(\'\пҝҪ\пҝҪ\пҝҪ\пҝҪF\n\пҝҪE\пҝҪ+пҝҪN\пҝҪпҝҪW\пҝҪпҝҪЕӯпҝҪЬ–пҝҪпҝҪq*пҝҪ#Пҫa\пҝҪпҝҪs\пҝҪМҸпҝҪw\пҝҪRJ\пҝҪ^пҝҪпҝҪпҝҪ\пҝҪh\пҝҪ\пҝҪпҝҪпҝҪпҝҪ\'iпҝҪPkL\Z\пҝҪ&H\пҝҪИҸo\пҝҪSпҝҪ+gпҝҪпҝҪVпҝҪ\пҝҪ8пҝҪIпҝҪ\пҝҪпҝҪпҝҪW\пҝҪ\пҝҪ;-oKkпҝҪпҝҪпҝҪDпҝҪ\пҝҪпҝҪFQпҝҪ\пҝҪV*2пҝҪпҝҪZ:ЯіпҝҪ9\пҝҪ\пҝҪ\nпҝҪ\пҝҪ\пҝҪ\пҝҪ\\пҝҪпҝҪпҝҪпҝҪZmпҝҪAпҝҪпҝҪ?yпҝҪпҝҪ(пҝҪ+ФЈN\пҝҪ\пҝҪпҝҪ\пҝҪEUQ\пҝҪ;5пҝҪпҝҪV\пҝҪr{пҝҪ\пҝҪ]iX\пҝҪ\пҝҪпҝҪ7ГЈ\пҝҪ\пҝҪ\пҝҪ!пҝҪпҝҪ\r+n\пҝҪ7пҝҪпҝҪпҝҪ:\пҝҪпҝҪ3Зј?q^Oc\пҝҪпҝҪc!Y\пҝҪ!пҝҪпҝҪ\пҝҪб¬»пҝҪ\пҝҪпҝҪпҝҪ\пҝҪ{;kl\пҝҪalQ\"_пҝҪqпҝҪ=kпҝҪ,пҝҪ9aпҝҪпҝҪJ\пҝҪ\пҝҪ\пҝҪ8пҝҪJпҝҪdпҝҪa)\пҝҪ5пҝҪ[\пҝҪ\пҝҪ\пҝҪ>пҝҪ<c5\пҝҪ\'\пҝҪ}C9\\\пҝҪt\пҝҪLпҝҪпҝҪjпҝҪпҝҪпҝҪпҝҪпҝҪGпҝҪпҝҪ\пҝҪ\пҝҪпҝҪ\пҝҪ^*:пҝҪпҝҪo\пҝҪ\пҝҪЭұ\пҝҪпҝҪпҝҪ	пҝҪ\пҝҪ$пҝҪ\пҝҪB0z\пҝҪ\пҝҪпҝҪпҝҪ\пҝҪVпҝҪпҝҪ\пҝҪе–“G\пҝҪ\пҝҪ{пҝҪb2*пҝҪ\пҝҪЮҘ6\пҝҪпҝҪOпҝҪпҝҪ\пҝҪ	пҝҪ\0\пҝҪ=\пҝҪ1\пҝҪ\пҝҪ\пҝҪ;&пҝҪb4W\rпҝҪc\пҝҪO\пҝҪ\пҝҪпҝҪ[;\пҝҪS\пҝҪпҝҪ\0пҝҪxпҝҪ\пҝҪ*^пҝҪ\пҝҪпҝҪпҝҪпҝҪ\пҝҪпҝҪ\пҝҪ_пҝҪ^:oпҝҪ?\пҝҪ~[vпҝҪпҝҪпҝҪпҝҪпҝҪНі4RпҝҪu?пҝҪпҝҪU\пҝҪ\пҝҪпҝҪ\'	t:\'(I\пҝҪSVO[>пҝҪ_#пҝҪпҝҪ\\пҝҪY3H3*xпҝҪпҝҪVпҢ‘NH\пҝҪOпҝҪпҝҪF\пҝҪ\пҝҪtlA\пҝҪ	\пҝҪa4пҝҪ+I#\пҝҪТ·пҝҪ\пҝҪQ#b;ktpMj9\пҝҪBu4\пҝҪBпҝҪИҝпҝҪ\'пҝҪЦ•пҝҪ\пҝҪ2пҝҪRпҝҪпҝҪпҝҪ\02\пҝҪ\пҝҪ[E\пҝҪ\пҝҪj\пҝҪпҝҪ?пҝҪпҝҪпҝҪ\пҝҪпҝҪпҝҪ\пҝҪXпҝҪпҝҪпҝҪu6w/oeb\пҝҪ,PпҝҪпҝҪпҝҪ\0пҝҪ\пҝҪ`1nпҝҪпҝҪW\пҝҪap\пҝҪTпҝҪ\пҝҪ\пҝҪ5\пҝҪ\пҝҪ\пҝҪGпҝҪ\пҝҪu_\пҝҪ1y\пҝҪ\пҝҪSпҝҪпҝҪU\пҝҪqv\'3z{\пҝҪпҝҪпҝҪ\пҝҪA]\пҝҪ9e\пҝҪ3\пҝҪпҝҪ\пҝҪ<\пҝҪT\пҝҪ\пҝҪ++vпҝҪпҝҪ\пҝҪC$пҝҪ>n	>НҢ~пҝҪпҝҪпҝҪпҝҪkNi	\пҝҪnQ\пҝҪпҝҪ?^\пҝҪ5<пҝҪgJ9\пҝҪY\пҝҪ~Q\пҝҪz{\пҝҪG\пҝҪТү\пҝҪ\пҝҪNпҝҪпҝҪпҝҪ\пҝҪx[пҝҪпҝҪ\пҝҪ\пҝҪ}sU\пҝҪ\пҝҪ\пҝҪinf2J\пҝҪ$\пҝҪ;T{\пҝҪ]ТҡпҝҪпҝҪ<hQпҝҪ&RпҝҪ+\пҝҪx9пҝҪ\пҝҪT\пҝҪ\пҝҪ\пҝҪHпҝҪ}пҝҪmbпҝҪпҝҪпҝҪпҝҪпҝҪ>пҝҪпҝҪ~t*пҝҪЛ”пҝҪпҝҪпҝҪ\'Q\пҝҪR\пҝҪ\пҝҪ\пҝҪCvпҝҪпҝҪ\пҝҪn\пҝҪv\пҝҪBF.MgпҝҪпҝҪ%\пҝҪЫҝпҝҪпҝҪ.пҝҪZпҝҪe\ZUпҝҪпҝҪпҝҪ\пҝҪ=пҝҪ\пҝҪ^M\пҝҪn\пҝҪпҝҪпҝҪ0пҝҪ\пҝҪ\пҝҪ\пҝҪпҝҪ=пҝҪпҝҪпҝҪпҝҪ\пҝҪcпҝҪпҝҪJпҝҪ\пҝҪ\пҝҪ~пҝҪпҝҪd/пҝҪ\пҝҪ8пҝҪпҝҪJпҝҪпҝҪпҝҪпҝҪпҝҪпҝҪ#?пҝҪj\пҝҪпҝҪbS{:@\'JA\пҝҪ3\пҝҪzC<пҝҪ\0Зҹ\пҝҪ?\пҝҪпҝҪ\пҝҪЕў6е·–<>пҝҪ/SЧҜJ\пҝҪ08пҝҪX4пҝҪ\0wпҝҪ{пҝҪпҝҪ\пҝҪпҝҪ/8пҝҪпҝҪ\0h\пҝҪ\пҝҪkE\пҝҪnпҝҪO7пҝҪпҝҪ^\пҝҪ\пҝҪ\пҝҪ\пҝҪ\пҝҪ_@пҝҪ8L)\пҝҪ)\пҝҪt1\пҝҪ\пҝҪM;6пҝҪ?%\пҝҪ\пҝҪXпҝҪпҝҪпҝҪ\пҝҪM\пҝҪ\r.kYkпҝҪпҝҪ\'пҝҪ?M>пҝҪпҝҪ\пҝҪiпҝҪ<qпҝҪпҝҪwпҝҪ\0\пҝҪc?\пҝҪ\\пҝҪNйӢ•\пҝҪ\"dWпҝҪЛӢ*MGN*\Z:#\"пҝҪпҝҪ\пҝҪ\пҝҪпҝҪ\пҝҪM\пҝҪ2%пҝҪ \пҝҪпҝҪ\пҝҪh\пҝҪ]пҝҪпҝҪ \пҝҪ\пҝҪ\\Q\пҝҪ9пҝҪK\пҝҪ\пҝҪlqпҝҪRпҝҪпҝҪ\пҝҪqQ$tShЗәY\пҝҪ;пҝҪ\пҝҪпҝҪпҝҪ\пҝҪ\пҝҪI+\пҝҪ}@\пҝҪ[пҝҪzпҝҪ\пҝҪGпҝҪпҝҪпҝҪпҝҪ.pWпҝҪпҝҪ\пҝҪ9пҝҪпҝҪ;\пҝҪпҝҪ]s\пҝҪпҝҪпҝҪ%пҝҪ\пҝҪ\0kпҝҪ@;пҝҪпҝҪ\пҝҪ=~пҝҪ\пҝҪa\пҝҪУ пҝҪzulпҝҪ\пҝҪ{\пҝҪЬЎ\пҝҪпҝҪC\пҝҪФҸ}пҝҪszпҝҪGпҝҪpFPпҝҪx\0g=kпҝҪXпҝҪ\пҝҪЭңпҝҪ\пҝҪ\пҝҪ\rпҝҪ68_пҝҪпҝҪ%пҝҪ\пҝҪ\пҝҪC+ZпҝҪoa\пҝҪ\пҝҪ\пҝҪ\пҝҪ\пҝҪпҝҪV\nпҝҪ\пҝҪiпҝҪ=\пҝҪ8\nxTпҝҪ\пҝҪпҝҪ\пҝҪ\пҝҪДӣW\пҝҪGпҝҪM\пҝҪпҝҪ\пҝҪ\пҝҪnciпҝҪ|пҝҪ$\пҝҪ*:пҝҪпҝҪy\пҝҪ^пҝҪ&пҝҪF\пҝҪsЛҜNпҝҪ6пҝҪ,>\пҝҪ\пҝҪ_пҝҪ>пҝҪ\пҝҪпҝҪoпҝҪФіпҝҪпҝҪ\пҝҪI\пҝҪ\пҝҪпҝҪ\0?X\пҝҪnN\пҝҪ\пҝҪT#ErD\пҝҪ\пҝҪ\пҝҪпҝҪ]#NпҝҪk8nпҝҪпҝҪF*\пҝҪЫҳ\пҝҪЫ“пҝҪЧ—пҝҪЖЁ\пҝҪУӢ\пҝҪ-пҝҪПҜ\пҝҪ2)VпҝҪ\n\пҝҪcxпҝҪmmuпҝҪg=?пҝҪ\пҝҪ\ZIпҝҪ\пҝҪdпҝҪпҝҪ\пҝҪ;пҝҪй‘ҹЦјпҝҪy\пҝҪ&1\пҝҪLпҝҪ*пҝҪпҝҪХ©\пҝҪ)\пҝҪP\пҝҪM[\пҝҪu\пҝҪ\пҝҪ4пҝҪ(\пҝҪv\пҝҪ\пҝҪ\'пҝҪ\0пҝҪv\пҝҪпҝҪyпҝҪпҝҪ\пҝҪ\пҝҪ\пҝҪK\пҝҪпҝҪL\пҝҪtпҝҪ?i)пҝҪ\пҝҪЭҡГұпҝҪC\пҝҪz\0hпҝҪ\09пҝҪ\0sпҝҪQaпҝҪпҝҪ!:\пҝҪ\пҝҪ-пҝҪwHпҝҪZ\пҝҪfпҝҪe,bH\пҝҪ5+Te<\пҝҪyЙҹ\пҝҪWfпҝҪU4|пҝҪ\пҝҪпҝҪпҝҪYпҝҪЯӘ>\пҝҪ\пҝҪ4пҝҪuпҝҪHT$пҝҪ}НЈz}+ЯұпҝҪ\r:пҝҪпҝҪпҝҪпҝҪ \08пҝҪ7N\пҝҪZ\пҝҪhпҝҪ\"#hпҝҪ|\пҝҪ-{в•Ү\пҝҪXпҝҪ\0пҝҪ\пҝҪ#2пҝҪпҝҪпҝҪпҝҪпҝҪпҝҪпҝҪW1\пҝҪпҝҪпҝҪB@пҝҪeпҝҪi0A\пҝҪпҝҪ$Vm>пҝҪ\пҝҪ-пҝҪ\пҝҪ\пҝҪ\пҝҪпҝҪ\пҝҪ4пҝҪh\пҝҪ\пҝҪ\пҝҪcSпҝҪпҝҪyb}пҝҪ\пҝҪпҝҪ\0JпҝҪIпҝҪпҝҪ\пҝҪпҝҪ=	MпҝҪAпҝҪпҝҪпҝҪ\пҝҪ71пҝҪпҝҪпҝҪпҝҪS>пҝҪпҝҪпҝҪkK5JпҝҪoinИҪw#v5пҝҪпҝҪпҝҪ4sпҝҪпҝҪпҝҪcпҝҪпҝҪ[пҝҪXпҝҪпҝҪ9пҝҪ\пҝҪfпҝҪGпҝҪ\пҝҪпҝҪ\пҝҪ;6z\пҝҪCпҝҪ1\пҝҪw*07`\пҝҪ\пҝҪZ\пҝҪпҝҪ7\пҝҪ\пҝҪg%eyX\пҝҪ\пҝҪ\пҝҪJ\пҝҪ\пҝҪ\пҝҪKпҝҪ6xКҰ=пҝҪпҝҪпҝҪn\пҝҪ\пҝҪ\пҝҪ\"пҝҪ/jzпҝҪZ|?eпҝҪ\ndi#пҝҪпҝҪ\0\пҝҪ\пҝҪ\пҝҪ\пҝҪ\пҝҪU\пҝҪпҝҪ\пҝҪ>пҝҪ\'И§пҝҪпҝҪпҝҪпҝҪVпҝҪпҝҪпҝҪg2\пҝҪ$пҝҪ;r\пҝҪ\'\'ЯҪ|Г“wпҝҪпҝҪпҝҪ)\пҝҪ)rпҝҪпҝҪпҝҪ\пҝҪ\пҝҪ\пҝҪ\пҝҪv\пҝҪпҝҪ\"n\пҝҪ\0пҝҪпҝҪiпҝҪ\пҝҪпҝҪТ°!OJb:\пҝҪ:sj\пҝҪ|7XпҝҪ{пҝҪ\пҝҪ\пҝҪ\пҝҪпҝҪ\пҝҪпҝҪ\пҝҪ\пҝҪoR\пҝҪ\пҝҪ\пҝҪ]oeпҝҪJ=d\пҝҪ>\пҝҪ=+\пҝҪ?	9xпҝҪ/\пҝҪ\пҝҪ+v6Y^\пҝҪЭЈпҝҪzпҝҪCEпҝҪпҝҪпҝҪпҝҪ}пҝҪ]пҝҪF\пҝҪLпҝҪ(aпҝҪпҝҪпҝҪ}hDпҝҪпҝҪпҝҪbyпҝҪ	JВ№\"пҝҪ\пҝҪ%пҝҪпҝҪ(пҝҪ7пҝҪ&пҝҪпҝҪ\пҝҪпҝҪA\пҝҪпҝҪ\пҝҪ^\пҝҪM\пҝҪ\пҝҪпҝҪ )TпҝҪ\пҝҪ\'пҝҪiпҝҪ\пҝҪT\пҝҪUпҝҪпҝҪoпҝҪ[\пҝҪq\пҝҪ[F(\пҝҪ\0пҝҪ\0\ZпҝҪ\пҝҪ:srwe+пҝҪw+пҝҪQ=JsпҝҪпҝҪпҝҪпҝҪпҝҪ2;\'УҠЗ•пҝҪzпҝҪ\пҝҪ\пҝҪ\пҝҪ/uпҝҪJY`пҝҪ`&)vпҝҪ^пҝҪdпҝҪ\0{w>пҝҪпҝҪзӢЈC\пҝҪoTz\пҝҪrLf-*пҝҪIF[]пҝҪ\пҝҪпҝҪ!пҝҪпҝҪRпҝҪпҝҪпҝҪE\пҝҪ\nr\пҝҪ\пҝҪпҝҪ\0\n\пҝҪ+\пҝҪпҝҪпҝҪ\r\пҝҪ}vпҝҪhaЪ©]\пҝҪ\пҝҪ\пҝҪпҝҪпҝҪ\пҝҪ\пҝҪ\пҝҪj\пҝҪ}bV\пҝҪ1пҝҪLпҝҪ\пҝҪbпҝҪ\пҝҪпҝҪ	{\ZпҝҪпҝҪJпҝҪ@>\пҝҪ!\пҝҪueпҝҪpZ пҝҪ\пҝҪ\пҝҪ8\пҝҪ?S^пҝҪIпҝҪпҝҪпҝҪ\пҝҪ{:пҝҪ\пҝҪIпҝҪ\пҝҪ~>Пұ\\=пҝҪпҝҪgТ©)F)пҝҪ{^\пҝҪ\пҝҪпҝҪпҝҪ\пҝҪv\пҝҪ\n\пҝҪ\пҝҪ\пҝҪпҝҪ\пҝҪЩҜпҝҪпҝҪпҝҪ`~\пҝҪm\пҝҪg\пҝҪ/пҝҪпҝҪ]ОІwпҝҪ\пҝҪ_пҝҪFпҝҪпҝҪ\пҝҪпҝҪпҝҪпҝҪc\пҝҪ\пҝҪ-пҝҪ\пҝҪ\пҝҪRt\пҝҪ\пҝҪ(H$`пҝҪ\пҝҪ$Cv\пҝҪ\пҝҪ\'пҝҪhKпҝҪпҝҪзӘј@\пҝҪc`пҝҪ\пҝҪ\пҝҪ\пҝҪHпҝҪпҝҪ_,пҝҪ\пҝҪ\пҝҪ|\пҝҪKСҫ,\пҝҪ{Ok#\пҝҪ\пҝҪZ4ЬҢoO\пҝҪ=kП©пҝҪпҝҪEпҝҪ\пҝҪ\пҝҪ_\пҝҪ[пҝҪЛұ\пҝҪпҝҪ:пҝҪ\пҝҪ\пҝҪOЭ—\пҝҪЯ–_\'#_\пҝҪ\пҝҪ>7\пҝҪt\пҝҪ\пҝҪIГҖ\'пҝҪпҝҪ6\пҝҪL\пҝҪ2?\Z\пҝҪRпҝҪпҝҪ;пҝҪIС«iпҝҪtgпҝҪ|:пҝҪпҝҪt9K\пҝҪЭҚпҝҪv\пҝҪ;uпҝҪЩҪпҝҪпҝҪТҙпҝҪ~\пҝҪ=*\пҝҪ\пҝҪ[пҝҪ\пҝҪ\пҝҪO\ZпҝҪleYNA(\пҝҪ^пҝҪпҝҪn\пҝҪ9пҝҪa\\пҝҪ:пҝҪФұ\пҝҪЖұ\пҝҪ8e2\пҝҪi\пҝҪ0cпҝҪпҝҪЬҖ\пҝҪ9пҝҪпҝҪ+)JQ\пҝҪzTпҝҪPпҝҪ\пҝҪ\пҝҪ\пҝҪ\пҝҪпҝҪ\пҝҪ\пҝҪ\пҝҪпҝҪ\пҝҪ\пҝҪ}\пҝҪIпҝҪbS\пҝҪ\пҝҪУүпҝҪпҝҪ\0пҝҪcпҝҪ-bпҝҪпҝҪ\пҝҪc\пҝҪY=Зҡ5пҝҪ\'k\пҝҪ\пҝҪпҝҪпҝҪtKMJ8\'пҝҪ[пҝҪДӮпҝҪ\пҝҪ9Щ”пҝҪAпҝҪпҝҪ\пҝҪcпҝҪпҝҪ\пҝҪUпҝҪa7пҝҪпҝҪФҪ#\r!XпҝҪr@\пҝҪn\пҝҪпҝҪпҝҪsпҝҪ5O$пҝҪ\пҝҪ\пҝҪE\пҝҪ4пҝҪ\пҝҪ\пҝҪIqпҝҪ\пҝҪ\пҝҪ\пҝҪQ\пҝҪg\пҝҪ\пҝҪпҝҪпҝҪ\пҝҪ5\\p\пҝҪs{\пҝҪ>пҝҪ\'\пҝҪT\пҝҪ\пҝҪ\n\пҝҪZ\пҝҪпҝҪпҝҪ<QBпҝҪ\0пҝҪ=пҝҪ\пҝҪ\пҝҪ\'\'v~\пҝҪпҝҪ%\пҝҪпҝҪ2jJ\пҝҪ4&&9\пҝҪпҝҪпҝҪГ¶iпҝҪпҝҪпҝҪпҝҪЬ—пҝҪпҝҪfNпҝҪпҝҪ_\пҝҪH^пҝҪh\пҝҪ/\пҝҪ3x_[kk1s<пҝҪ\пҝҪtпҝҪпҝҪUsпҝҪx\пҝҪТҪЬі\пҝҪ\пҝҪJпҝҪпҝҪ\пҝҪпҝҪпҝҪ\пҝҪ|1OпҝҪ\пҝҪ\пҝҪ\пҝҪjпҝҪqпҝҪпҝҪпҝҪWпҝҪпҝҪ[W\пҝҪwпҝҪпҝҪпҝҪпҝҪпҝҪпҝҪ\пҝҪ2пҝҪпҝҪ$\пҝҪ\пҝҪпҝҪiqcoЯЈпҝҪпҝҪпҝҪ\0пҝҪ~UWпҝҪпҝҪ\пҝҪCпҝҪпҝҪ4пҝҪ$tпҝҪo\пҝҪ]\пҝҪ	+\пҝҪhпҝҪ\0\пҝҪ\пҝҪ>_\пҝҪg\пҝҪпҝҪпҝҪ9\пҝҪпҝҪ\пҝҪпҝҪпҝҪпҝҪпҝҪ\пҝҪs\пҝҪ\пҝҪ\\пҝҪEV_\пҝҪzпҝҪ\пҝҪ\пҝҪ\пҝҪ\пҝҪ[\пҝҪ\пҝҪsпҝҪ)RhпҝҪпҝҪ\пҝҪпҝҪпҝҪпҝҪE{Рң*.h;пҝҪ#\пҝҪпҝҪпҝҪzпҝҪZпҝҪпҝҪx8ItiпҝҪ\пҝҪ3\пҝҪпҝҪпҝҪ\пҝҪ\пҝҪ\ZпҝҪпҝҪ\пҝҪ\пҝҪ\пҝҪTпҝҪ\пҝҪпҝҪdW|пҝҪuVC\пҝҪ\пҝҪ:0пҝҪ\пҝҪIX,5ZпҝҪпҝҪпҝҪ\пҝҪпҝҪпҝҪ\пҝҪ=\пҝҪPпҝҪпҝҪ\пҝҪв¶ҫпҝҪy\'\пҝҪЛ§Ka\пҝҪ\пҝҪ\пҝҪ7\пҝҪn4пҝҪпҝҪпҝҪ.пҝҪrbz\пҝҪ\пҝҪ^{\пҝҪЦұ\пҝҪduhпҝҪjпҝҪ?пҝҪпҝҪ\пҝҪпҝҪ\'QпҝҪh\пҝҪ+\пҝҪ\пҝҪпҝҪ\0пҝҪ\пҝҪпҝҪ\пҝҪs\пҝҪ\пҝҪKoпҝҪo\пҝҪпҝҪ-pпҝҪ3Dw\пҝҪkпҝҪпҝҪпҝҪ\пҝҪOUпҝҪпҝҪ\пҝҪ:пҝҪ[>Зі_\пҝҪХӮпҝҪпҝҪ\пҝҪMпҝҪ{\пҝҪzwпҝҪtпҝҪ}OIпҝҪпҝҪпҝҪ\пҝҪ\пҝҪw\пҝҪ<-пҝҪHпҝҪпҝҪпҝҪA\пҝҪ\пҝҪN\пҝҪ\пҝҪdпҝҪtfпҝҪ9пҝҪпҝҪпҝҪпҝҪ[]\\BcпҝҪ\пҝҪпҝҪ\0\пҝҪS\пҝҪR\пҝҪЪқ_f\пҝҪ8\пҝҪ|J\ZдЈҗsпҝҪGQ\пҝҪпҝҪ;пҝҪ\пҝҪ0пҝҪ\пҝҪ\пҝҪпҝҪпҝҪqtbпҝҪпҝҪyпҝҪ\"пҝҪпҝҪPпҝҪ\пҝҪrпҝҪ1\пҝҪ\пҝҪ>7iпҝҪ3X\пҝҪeum\\|пҝҪ(\пҝҪbпҝҪпҝҪ\0\пҝҪV1пҝҪ\пҝҪ\пҝҪ{\пҝҪr\пҝҪ\пҝҪSпҝҪпҝҪwg\пҝҪe9/3пҝҪпҝҪпҝҪa\пҝҪпҝҪпҝҪпҝҪ\пҝҪ\пҝҪ\пҝҪj\пҝҪ\пҝҪ\пҝҪ_N\пҝҪ7sпҝҪ\пҝҪ$=пҝҪ\0пҝҪtпҝҪ\0пҝҪk\пҝҪ\пҝҪVпҝҪisLпҝҪпҝҪпҝҪпҝҪпҝҪ\пҝҪTh-?7\пҝҪC\пҝҪX3\пҝҪЙҰпҝҪпҝҪЮҷ(1пҝҪ\пҝҪ@\\CЮҳ!	пҝҪпҝҪР•\пҝҪIпҝҪпҝҪпҝҪ\пҝҪRU\пҝҪW\ZOhHWпҝҪ\пҝҪ\\\пҝҪ\пҝҪ>6пҝҪ1CAпҝҪпҝҪ\пҝҪ\пҝҪ?пҝҪпҝҪ\пҝҪ\пҝҪiRwVпҝҪZMyпҝҪ\пҝҪPпҝҪ;TпҝҪ\пҝҪf\пҝҪl\пҝҪ\пҝҪ\пҝҪ~пҝҪпҝҪпҝҪkпҝҪпҝҪ&пҝҪ\Z\\\пҝҪd\пҝҪ\пҝҪ\пҝҪy>7пҝҪ\пҝҪq\пҝҪTЧҡ\пҝҪz=\пҝҪЙқ\пҝҪ\пҝҪ*;пҝҪпҝҪ\пҝҪh ~пҝҪx\пҝҪPпҝҪq\пҝҪпҝҪ\пҝҪпҝҪпҝҪпҝҪq&\пҝҪ1*ПҝOпҝҪ\пҝҪxY_пҝҪ#&пҝҪпҝҪпҝҪ\пҝҪ?пҝҪ\пҝҪ\пҝҪ;?S\пҝҪ><пҝҪ6пҝҪ2\пҝҪ+\пҝҪBпҝҪпҝҪпҝҪ\пҝҪ\пҝҪ\пҝҪrOпҝҪv=пҝҪпҝҪпҝҪ\пҝҪ\пҝҪпҝҪ\\jEE;пҝҪпҝҪ?пҝҪ*пҝҪzпҝҪпҝҪпҝҪпҝҪ\пҝҪFпҝҪпҝҪ5<пҝҪ\пҝҪSпҝҪпҝҪпҝҪпҝҪ\пҝҪecm(!\пҝҪnTпҝҪ\пҝҪ\пҝҪЮ»пҝҪ*пҝҪпҝҪkЯ©\пҝҪa\пҝҪ\пҝҪ\пҝҪпҝҪР–пҝҪпҝҪпҝҪ\0>0пҝҪпҝҪ\пҝҪпҝҪпҝҪ%\пҝҪq\пҝҪZ9\пҝҪsпҝҪ\\`пҝҪ\пҝҪпҝҪ\пҝҪпҝҪCпҝҪпҝҪ\пҝҪW\пҝҪ\пҝҪ\пҝҪ\пҝҪR~\пҝҪЙҹeпҝҪ\пҝҪi\пҝҪ\пҝҪпҝҪ\пҝҪпҝҪ\пҝҪ\пҝҪe\пҝҪпҝҪ\пҝҪD7^\пҝҪKmK\пҝҪPпҝҪd,пҝҪuпҝҪпҝҪпҝҪ8# W\пҝҪN>\пҝҪ\\пҝҪ=пҝҪпҝҪпҝҪRЦ’n=пҝҪ\0CпҝҪ\пҝҪпҝҪ*xWMпҝҪ3\пҝҪxпҝҪMпҝҪ<d3]G\пҝҪУһi\пҝҪ=Y1пҝҪbfпҝҪaNMпҝҪ3\пҝҪu\пҝҪ\пҝҪGBпҝҪG].\пҝҪPЦӣ<4yQ\пҝҪr\пҝҪ\пҝҪпҝҪеӢЈOws\пҝҪ\пҝҪpпҝҪcпҝҪ\пҝҪ\пҝҪEyпҝҪ\0_пҝҪ\пҝҪj_пҝҪO{пҝҪXh\пҝҪ\ZbпҝҪпҝҪsпҝҪ\пҝҪ}vпҝҪQпҝҪ\0пҝҪW$\пҝҪ8пҝҪпҝҪпҝҪKCпҝҪ\"пҝҪпҝҪUпҝҪM?\пҝҪ\пҝҪ\пҝҪпҝҪxпҝҪ\пҝҪ\пҝҪЙ«k\пҝҪS@\пҝҪНӯпҝҪ-пҝҪ#\пҝҪ\пҝҪпҝҪпҝҪ\пҝҪf\"пҝҪ*\пҝҪпҝҪ+^\пҝҪ\пҝҪ\пҝҪпҝҪk/\пҝҪ5%пҝҪ\пҝҪ\пҝҪfAmпҝҪkQпҝҪqпҝҪ\nпҝҪ\0\пҝҪy\пҝҪzпҝҪ\пҝҪQVпҝҪпҝҪ%8\пҝҪGR\пҝҪпҝҪпҝҪпҝҪпҝҪj3пҝҪ\пҝҪXпҝҪпҝҪЦҒ!3\пҝҪLпҝҪпҝҪ=пҝҪ\0*пҝҪ$\пҝҪ<~Ub\пҝҪпҝҪ\пҝҪ >пҝҪ$!\rXЧҮпҝҪD\пҝҪ%Х§пҝҪ\пҝҪпҝҪ\пҝҪ7p\пҝҪ>пҝҪпҝҪ*пҝҪ+A$\\5gEпҝҪпҝҪhwbuВӮI9пҝҪпҝҪпҝҪIv:lЦӨ\пҝҪпҝҪпҝҪ^пҝҪ\пҝҪ\'пҝҪu\пҝҪпҝҪ\пҝҪпҝҪ\ZN-nпҝҪпҝҪd\пҝҪ#пҝҪj\пҝҪSпҝҪ\пҝҪ)a$пҝҪпҝҪJKo \пҝҪr) пҝҪq\пҝҪz8<\пҝҪпҝҪпҝҪ=	[ЛЎ\пҝҪпҝҪ\пҝҪ\r\пҝҪAKпҝҪO\пҝҪ[Ii%\пҝҪпҝҪ\0Gu\пҝҪxжҝўпҝҪ#SпҝҪ$ИҢСғ\пҝҪOOпҝҪ~У“\пҝҪФі(\пҝҪ3\\пҝҪu\пҝҪ\пҝҪ\пҝҪ$\пҝҪ\пҝҪNE\пҝҪVпҝҪпҝҪпҝҪ%ЧӘ^kпҝҪпҝҪ\пҝҪkuпҝҪ6пҝҪ\пҝҪk\пҝҪjRпҝҪhпҝҪM]3\пҝҪu\'FjpvhпҝҪпҝҪ9пҝҪпҝҪпҝҪпҝҪ\пҝҪ-<OpпҝҪ$b7пҝҪ,}l~]пҝҪпҝҪпҝҪ3\пҝҪпҝҪпҝҪ\пҝҪпҝҪG?ЭҫпҝҪWпҝҪпҝҪ\пҝҪO\пҝҪ|>S<)~пҝҪ:[\пҝҪ\пҝҪ_\пҝҪ\пҝҪo|<пҝҪпҝҪпҝҪxпҝҪ\пҝҪZпҝҪпҝҪ:vпҝҪпҝҪпҝҪQF\пҝҪ\0\пҝҪ\пҝҪ8\пҝҪ}пҝҪ\пҝҪk\пҝҪq\пҝҪ}\\*\пҝҪR\пҝҪ\пҝҪ}\пҝҪAДё\\\пҝҪ~\пҝҪT\пҝҪ*\пҝҪ\пҝҪпҝҪ\пҝҪпҝҪ\0\пҝҪ@\пҝҪ+пҝҪar(пҝҪ;\пҝҪ\пҝҪТқпҝҪпҝҪ\пҝҪЦӘ\пҝҪ%пҝҪпҝҪABпҝҪ	пҝҪ\пҝҪJvпҝҪпҝҪпҝҪIпҝҪ*@N\пҝҪXпҝҪИҸ7\пҝҪпҝҪX\пҝҪ,O\пҝҪ\пҝҪY9ШёпҝҪ\пҝҪ#\пҝҪ,\пҝҪ%O!\nпҝҪ/пҝҪ3пҝҪzпҝҪ\пҝҪk9_stпҝҪv%пҝҪOпҝҪ{YmпҝҪпҝҪT(пҝҪF8#пҝҪIпҝҪ)\r\пҝҪ1\пҝҪ\пҝҪiпҝҪd\пҝҪjпҝҪпҝҪq\пҝҪ\пҝҪ\'O\пҝҪЦ·пҝҪ\"sV3пҝҪ5\пҝҪx\"?g\"LBI?пҝҪsпҝҪ}\пҝҪUпҝҪпҝҪ[j\пҝҪ+пҝҪSпҝҪ[MпҝҪ\пҝҪ:пҝҪпҝҪ\Z\пҝҪ;2\пҝҪ\пҝҪTпҝҪ\пҝҪ{пҝҪпҝҪ-пҝҪпҝҪQ\пҝҪgcc\пҝҪ?пҝҪ\пҝҪo)пҝҪ\пҝҪ\пҝҪ\пҝҪN\пҝҪ\пҝҪ\пҝҪ?пҝҪ\пҝҪ\пҝҪl=д®әпҝҪ3пҝҪПҷпҝҪ0{пҝҪпҝҪпҝҪ(Жј]7пҝҪQпҝҪQпҝҪпҝҪ\пҝҪ4rпҝҪBпҝҪA~\пҝҪwпҝҪ\пҝҪпҝҪпҝҪ\пҝҪ2пҝҪKbпҝҪпҝҪ-Ъ°пҝҪ_пҝҪпҝҪ\0\пҝҪ~5\пҝҪciпҝҪпҝҪ$пҝҪM~\пҝҪ\пҝҪ\пҝҪ+EпҝҪпҝҪпҝҪпҝҪ#\пҝҪ-7L\пҝҪHZ@\пҝҪ?(пҝҪпҝҪВҝ\'\пҝҪj\пҝҪaпҝҪ?пҝҪпҝҪпҝҪ\пҝҪ>\пҝҪ\пҝҪ.пҝҪЪҡo\пҝҪ\пҝҪ_пҝҪ\пҝҪ~=}пҝҪ\пҝҪO\пҝҪ!z\пҝҪпҝҪBпҝҪh\r\пҝҪcпҝҪ\пҝҪ\пҝҪ\'l\пҝҪ\пҝҪ\0\пҝҪ\пҝҪLпҝҪ\пҝҪ\пҝҪ\пҝҪT!;P\пҝҪпҝҪ#ЯҠh\пҝҪ(@IпҝҪ\пҝҪ9пҝҪ\пҝҪOUпҝҪ6v2:пҝҪ\пҝҪпҝҪGпҝҪпҝҪ\0?пҝҪiN<\пҝҪ\пҝҪb\'.UпҝҪr\пҝҪ6KhпҝҪпҝҪ\пҝҪпҝҪW\пҝҪ\пҝҪv;пҝҪпҝҪQ`пҝҪzИӨ8\nпҝҪ-\пҝҪ5B)\0пҝҪ\пҝҪSпҝҪпҝҪпҝҪ \пҝҪ-zпҝҪ\пҝҪ\пҝҪ\пҝҪ\пҝҪ\пҝҪekf\пҝҪ,&I\пҝҪKпҝҪf]пҝҪ\пҝҪ\пҝҪпҝҪпҝҪИ®пҝҪ\пҝҪпҝҪ\пҝҪs\nЬ®пҝҪпҝҪ\пҝҪ<\пҝҪпҝҪ7пҝҪFG1пҝҪ\пҝҪ`\'пҝҪ\\пҝҪJпҝҪ:XпҝҪ4\пҝҪJ|пҝҪпҝҪ\пҝҪпҝҪ\пҝҪпҝҪпҝҪпҝҪLE58\пҝҪ\пҝҪkЫҘ\пҝҪпҝҪ2smпҝҪZ\пҝҪ\ZJпҝҪпҝҪпҝҪ\пҝҪ\пҝҪ\пҝҪпҝҪпҝҪпҝҪпҝҪgпҝҪпҝҪпҝҪG~tпҝҪ\пҝҪ\пҝҪ\пҝҪ?.\пҝҪ8ZпҝҪ/KпҝҪпҝҪпҝҪ&пҝҪ\пҝҪm\пҝҪпҝҪпҝҪ\пҝҪЫЈ\пҝҪ-|?пҝҪпҝҪпҝҪ\пҝҪ_,пҝҪпҝҪ\пҝҪp\пҝҪ\пҝҪ8`xпҝҪJпҝҪпҝҪecпҝҪl\пҝҪ\пҝҪ\пҝҪ\пҝҪ/\'{X\пҝҪsFMY\пҝҪпҝҪпҝҪ\пҝҪ\пҝҪ6пҝҪmпҝҪпҝҪпҝҪ\0\пҝҪc\пҝҪ\пҝҪqпҝҪ3У§\пҝҪ\пҝҪ\пҝҪ\пҝҪpпҝҪ0пҝҪ)\пҝҪ?AпҝҪfTs\пҝҪ+пҝҪosD\Z\пҝҪ=A3пҝҪSпҝҪпҝҪ\пҝҪпҝҪпҝҪ\n\пҝҪvпҝҪ\пҝҪ	LAпҝҪпҝҪ\0пҝҪ\0Bp=jпҝҪпҝҪпҝҪпҝҪ!\пҝҪ\пҝҪMh2CRHпҝҪ\пҝҪ?пҝҪ;R\пҝҪпҝҪ\пҝҪ\'qпҝҪпҝҪ?пҝҪg\'пҝҪ\пҝҪ\пҝҪYФЁпҝҪпҝҪc\пҝҪ\пҝҪm\пҝҪH\пҝҪU\пҝҪ\0\пҝҪsпҝҪ\пҝҪ!9<`\пҝҪMпҝҪпҝҪT\пҝҪ~пҝҪпҝҪAпҝҪ`\'SN\пҝҪ\Z\пҝҪ)W\0пҝҪ \пҝҪпҝҪ6пҝҪРҡMYпҝҪпҝҪпҝҪ\пҝҪDпҝҪ.m\пҝҪL*\пҝҪ\пҝҪqпҝҪпҝҪжҪҡYпҝҪпҝҪпҝҪ\пҝҪvпҝҪпҝҪ-\\пҝҪ;пҝҪ9Y>пҝҪпҝҪпҝҪ\пҝҪ\пҝҪCq$\0\пҝҪпҝҪ^`<пҝҪпҝҪ|}xпҝҪnпҝҪcFпҝҪпҝҪпҝҪпҝҪOпҝҪ\пҝҪд“ҢпҝҪпҝҪ.пҝҪ\пҝҪ\пҝҪeпҝҪпҝҪпҝҪ\пҝҪ\пҝҪ$\пҝҪvpпҝҪBпҝҪ6\пҝҪ\пҝҪпҝҪ\пҝҪ\пҝҪ\пҝҪ\пҝҪ\пҝҪ8пҝҪ{пҝҪTпҝҪпҝҪпҝҪпҝҪ\пҝҪ\пҝҪ>3;пҝҪ&пҝҪ*пҝҪGu\пҝҪ.пҝҪ~gM\пҝҪ]Y\пҝҪ;\пҝҪMD\пҝҪRпҝҪF\nпҝҪ\пҝҪ\пҝҪ~пҝҪпҝҪk\пҝҪ\пҝҪ0U4kx\пҝҪ=пҝҪМ©\пҝҪkr\пҝҪ\пҝҪ?СһпҝҪ\пҝҪ\0G \пҝҪ\пҝҪzпҝҪ\пҝҪ{пҝҪпҝҪnпҝҪ!пҝҪUKBDпҝҪtЦ #P \пҝҪ` пҝҪпҝҪJ`пҝҪ\nb\Zy\пҝҪ\пҝҪЦҒпҝҪd\пҝҪ\пҝҪAпҝҪпҝҪ\пҝҪ\"пҝҪпҝҪ\пҝҪ\пҝҪпҝҪk*пҝҪ\пҝҪFРҚ\пҝҪe\пҝҪ\\\0\0\пҝҪ\пҝҪzпҝҪпҝҪ\'пҝҪKпҝҪ.SwvжҒҫ\пҝҪ\пҝҪ\\\пҝҪ \пҝҪ\пҝҪ\\\0РјпҝҪ3пҝҪпҝҪпҝҪOjпҝҪ1\r0J\пҝҪпҝҪ\пҝҪ\пҝҪпҝҪ`8пҝҪпҝҪy _пҝҪZпҝҪE\пҝҪ\пҝҪG\пҝҪWпҝҪпҝҪвӣ—пҝҪпҝҪ\пҝҪcпҝҪ\пҝҪ\пҝҪпҝҪP\пҝҪпҝҪZпҝҪ\пҝҪNWyЩҡV29\пҝҪsпҝҪ_jпҝҪ:пҝҪпҝҪ\пҝҪ\пҝҪ?4пҝҪпҝҪ<%KСҚпҝҪ\пҝҪ\пҝҪkhпҝҪ#пҝҪ\пҝҪ\пҝҪ!&knпҝҪ&=>пҝҪпҝҪyпҝҪ:\пҝҪ\пҝҪIGпҝҪМӘбӨ”пҝҪпҝҪcпҝҪ\пҝҪ\пҝҪ\пҝҪ=\\b1&2c~пҝҪ\0пҝҪпҝҪW\пҝҪV\пҝҪФ пҝҪ\0xпҝҪпҝҪ\пҝҪ\пҝҪh\пҝҪ\пҝҪЮҪпҝҪпҝҪ\пҝҪ\n\пҝҪH\пҝҪЙҰgТҒпҝҪG9пҝҪпҝҪпҝҪc \пҝҪ+пҝҪпҝҪM0пҝҪпҝҪ\пҝҪ\пҝҪ1\пҝҪ8пҝҪG\пҝҪ\пҝҪпҝҪ\пҝҪ$пҝҪ\пҝҪKoпҝҪ?пҝҪЫ–ЗӯpM\пҝҪ;пҝҪiYпҝҪпҝҪ\пҝҪ\пҝҪ?t\пҝҪЪҒпҝҪЗҸпҝҪuпҝҪ\пҝҪ\пҝҪEпҝҪR\пҝҪ\пҝҪпҝҪ\ZпҝҪпҝҪпҝҪ-пҝҪ\пҝҪ\0пҝҪJпҝҪ\ZEs;\пҝҪ^G}\0пҝҪ>;=A\пҝҪпҝҪb\\yt%пҝҪпҝҪпҝҪg\пҝҪ@&пҝҪ%пҝҪпҝҪ\пҝҪ\пҝҪ\пҝҪ$пҝҪ6p@пҝҪTпҝҪ\пҝҪ\пҝҪЮӮпҝҪhv=\пҝҪ\пҝҪ	s\пҝҪ ЮҺ6пҝҪ\пҝҪN-\пҝҪ\пҝҪ-\пҝҪТ’i\пҝҪ<\пҝҪ]\пҝҪf\пҝҪ\пҝҪ0Ah[\пҝҪH;пҝҪ}k\пҝҪXЕҲVzHпҝҪ\\\пҝҪ/xg\пҝҪbпҝҪ\0,пҝҪk\пҝҪ\пҝҪGПё\пҝҪa\пҝҪ\пҝҪпҝҪпҝҪ2пҝҪпҝҪпҝҪпҝҪU\пҝҪMrпҝҪпҝҪпҝҪ\пҝҪI\пҝҪ\пҝҪЩқпҝҪпҝҪпҝҪX.пҝҪ\пҝҪ_пҝҪпҝҪ^пҝҪпҝҪпҝҪпҝҪпҝҪoпҝҪ:WпҝҪK\пҝҪ\пҝҪ\пҝҪпҝҪ\пҝҪ\пҝҪnlпҝҪЪҚ}%\пҝҪ\пҝҪпҝҪ\0пҝҪt\пҝҪcпҝҪx^G\пҝҪ\r\пҝҪ)пҝҪ\пҝҪbпҝҪ\пҝҪпҝҪпҝҪ\пҝҪ>\пҝҪ пҝҪпҝҪ\пҝҪbпҝҪ\пҝҪ@\r\'\пҝҪCNпҝҪпҝҪ&пҝҪ\пҝҪNOпҝҪ\пҝҪпҝҪ?пҝҪaVVV6пҝҪпҝҪпҝҪпҝҪЦёЩё\пҝҪ;пҝҪпҝҪ<bпҝҪпҝҪP1Ю•\пҝҪ(пҝҪeпҝҪeпҝҪпҝҪ\0пҝҪ\пҝҪпҝҪ0N\пҝҪ\пҝҪЩҙ{пҝҪ>-\пҝҪj\пҝҪHпҝҪ\пҝҪzпҝҪпҝҪwFпҝҪSV{пҝҪ\пҝҪпҝҪпҝҪAVпҝҪпҝҪFFnпҝҪпҝҪmu4,y\пҝҪпҝҪqL\пҝҪN\пҝҪ3L\пҝҪ3\Z\0(1\пҝҪLn\пҝҪ\"пҝҪпҝҪ\пҝҪ\пҝҪ\пҝҪ\ZпҝҪNT\пҝҪпҝҪ\"pпҝҪHпҝҪ\пҝҪ]yпҝҪ\пҝҪ2\пҝҪУ“\пҝҪ\пҝҪ\пҝҪпҝҪпҝҪC\пҝҪ_aпҝҪ\пҝҪ*\пҝҪ\пҝҪпҝҪ\пҝҪ\пҝҪ	s/пҝҪпҝҪ\0WпҝҪ|\пҝҪX\пҝҪq\пҝҪ\пҝҪ]ihymпҝҪпҝҪFe)cvпҝҪ\01пҝҪaпҝҪпҝҪпҝҪ\0пҝҪ}пҝҪ?\пҝҪ~W1пҝҪ{\'\пҝҪпҝҪпҝҪwпҝҪпҝҪ\пҝҪ96k\пҝҪпҝҪ\0\пҝҪ\пҝҪ?}lпҝҪпҝҪ\0пҝҪ:пҝҪ9пҝҪпҝҪСҰпҝҪпҝҪ1@)\пҝҪBds\пҝҪпҝҪ\ZhlпҝҪ\пҝҪ','f71aa680-4c7c-4be0-9840-837c6ca660fa','2024-02-26 20:23:45','2024-02-26 20:23:45');
/*!40000 ALTER TABLE `avatars` ENABLE KEYS */;

--
-- Table structure for table `comments`
--

DROP TABLE IF EXISTS `comments`;
/*!40101 SET @saved_cs_client     = @@character_set_client */;
/*!50503 SET character_set_client = utf8mb4 */;
CREATE TABLE `comments` (
  `id` char(36) CHARACTER SET ascii COLLATE ascii_general_ci NOT NULL,
  `parent_id` char(36) CHARACTER SET ascii COLLATE ascii_general_ci DEFAULT NULL,
  `foreign_key` char(36) CHARACTER SET ascii COLLATE ascii_general_ci NOT NULL,
  `foreign_model` varchar(36) CHARACTER SET ascii COLLATE ascii_general_ci NOT NULL,
  `content` varchar(256) NOT NULL,
  `data` mediumtext DEFAULT NULL,
  `created` datetime NOT NULL,
  `modified` datetime NOT NULL,
  `created_by` char(36) CHARACTER SET ascii COLLATE ascii_general_ci NOT NULL,
  `modified_by` char(36) CHARACTER SET ascii COLLATE ascii_general_ci NOT NULL,
  `user_id` char(36) CHARACTER SET ascii COLLATE ascii_general_ci NOT NULL,
  PRIMARY KEY (`id`)
) ENGINE=InnoDB DEFAULT CHARSET=utf8mb4 COLLATE=utf8mb4_unicode_ci;
/*!40101 SET character_set_client = @saved_cs_client */;

--
-- Dumping data for table `comments`
--

/*!40000 ALTER TABLE `comments` DISABLE KEYS */;
/*!40000 ALTER TABLE `comments` ENABLE KEYS */;

--
-- Table structure for table `email_queue`
--

DROP TABLE IF EXISTS `email_queue`;
/*!40101 SET @saved_cs_client     = @@character_set_client */;
/*!50503 SET character_set_client = utf8mb4 */;
CREATE TABLE `email_queue` (
  `id` int(11) NOT NULL AUTO_INCREMENT,
  `email` varchar(129) NOT NULL,
  `from_name` varchar(255) DEFAULT NULL,
  `from_email` varchar(255) DEFAULT NULL,
  `subject` varchar(255) NOT NULL,
  `config` varchar(30) NOT NULL,
  `template` varchar(100) NOT NULL,
  `layout` varchar(50) NOT NULL,
  `theme` varchar(50) NOT NULL,
  `format` varchar(5) NOT NULL,
  `template_vars` longtext NOT NULL,
  `headers` text DEFAULT NULL,
  `sent` tinyint(1) NOT NULL DEFAULT 0,
  `locked` tinyint(1) NOT NULL DEFAULT 0,
  `send_tries` int(2) NOT NULL DEFAULT 0,
  `send_at` datetime DEFAULT NULL,
  `created` datetime NOT NULL,
  `modified` datetime DEFAULT NULL,
  `attachments` text DEFAULT NULL,
  `error` text DEFAULT NULL,
  PRIMARY KEY (`id`)
) ENGINE=InnoDB AUTO_INCREMENT=29 DEFAULT CHARSET=utf8mb4 COLLATE=utf8mb4_unicode_ci;
/*!40101 SET character_set_client = @saved_cs_client */;

--
-- Dumping data for table `email_queue`
--

/*!40000 ALTER TABLE `email_queue` DISABLE KEYS */;
INSERT INTO `email_queue` VALUES (1,'anbulang@163.com',NULL,NULL,'Welcome to passbolt, admuser!','default','AN/user_register_self','default','','html','{\"body\":{\"user\":{\"id\":\"509a2bc9-4038-45a8-9eb6-592dd891f7a0\",\"role_id\":\"439341d9-26d5-4ed8-b393-6fa13c674b2d\",\"username\":\"anbulang@163.com\",\"active\":false,\"deleted\":false,\"disabled\":null,\"created\":\"2024-02-18T09:44:57+00:00\",\"modified\":\"2024-02-18T09:44:57+00:00\",\"role\":{\"id\":\"439341d9-26d5-4ed8-b393-6fa13c674b2d\",\"name\":\"admin\",\"description\":\"Organization administrator\",\"created\":\"2012-07-04T13:39:25+00:00\",\"modified\":\"2012-07-04T13:39:25+00:00\"},\"profile\":{\"id\":\"f71aa680-4c7c-4be0-9840-837c6ca660fa\",\"user_id\":\"509a2bc9-4038-45a8-9eb6-592dd891f7a0\",\"first_name\":\"admuser\",\"last_name\":\"admsur\",\"created\":\"2024-02-18T09:44:57+00:00\",\"modified\":\"2024-02-18T09:44:57+00:00\",\"avatar\":{\"url\":{\"medium\":\"https:\\/\\/passbolt.local\\/img\\/avatar\\/user_medium.png\",\"small\":\"https:\\/\\/passbolt.local\\/img\\/avatar\\/user.png\"}}},\"locale\":\"en-UK\",\"last_logged_in\":null},\"token\":{\"user_id\":\"509a2bc9-4038-45a8-9eb6-592dd891f7a0\",\"token\":\"ff10e01a-0f09-4c5c-a518-ebfe706ed4b3\",\"active\":true,\"type\":\"register\",\"data\":null,\"created\":\"2024-02-18T09:44:57+00:00\",\"modified\":\"2024-02-18T09:44:57+00:00\",\"id\":\"0fed2f09-fc13-4616-b135-ddda58e4a391\"},\"fullBaseUrl\":\"https:\\/\\/passbolt.local\"},\"title\":\"Welcome to passbolt, admuser!\",\"locale\":\"en-UK\"}','{\"Auto-Submitted\":\"auto-generated\",\"Message-ID\":\"<2b1b28d019254267b464695dbdadbc23@passbolt.local>\"}',0,0,4,'2024-02-18 09:44:57','2024-02-18 09:44:57','2024-02-18 09:44:57','[]','stream_socket_client(): Unable to connect to tcp://localhost:25 (Cannot assign requested address)'),(2,'anbulang@163.com',NULL,NULL,'admuser just activated their account on passbolt','default','LU/user_setup_complete','default','','html','{\"title\":\"admuser just activated their account on passbolt\",\"body\":{\"user\":{\"id\":\"509a2bc9-4038-45a8-9eb6-592dd891f7a0\",\"role_id\":\"439341d9-26d5-4ed8-b393-6fa13c674b2d\",\"username\":\"anbulang@163.com\",\"active\":true,\"deleted\":false,\"disabled\":null,\"created\":\"2024-02-18T09:44:57+00:00\",\"modified\":\"2024-02-18T09:48:44+00:00\",\"profile\":{\"id\":\"f71aa680-4c7c-4be0-9840-837c6ca660fa\",\"user_id\":\"509a2bc9-4038-45a8-9eb6-592dd891f7a0\",\"first_name\":\"admuser\",\"last_name\":\"admsur\",\"created\":\"2024-02-18T09:44:57+00:00\",\"modified\":\"2024-02-18T09:44:57+00:00\"},\"role\":{\"id\":\"439341d9-26d5-4ed8-b393-6fa13c674b2d\",\"name\":\"admin\",\"description\":\"Organization administrator\",\"created\":\"2012-07-04T13:39:25+00:00\",\"modified\":\"2012-07-04T13:39:25+00:00\"},\"locale\":\"en-UK\",\"authentication_tokens\":[{\"id\":\"0fed2f09-fc13-4616-b135-ddda58e4a391\",\"token\":\"ff10e01a-0f09-4c5c-a518-ebfe706ed4b3\",\"user_id\":\"509a2bc9-4038-45a8-9eb6-592dd891f7a0\",\"active\":false,\"created\":\"2024-02-18T09:44:57+00:00\",\"modified\":\"2024-02-18T09:48:44+00:00\",\"type\":\"register\",\"data\":null}],\"gpgkey\":{\"user_id\":\"509a2bc9-4038-45a8-9eb6-592dd891f7a0\",\"fingerprint\":\"74251549F7A92A4019CCA15D31D59925F0F8E506\",\"bits\":3072,\"type\":\"RSA\",\"key_id\":\"31D59925F0F8E506\",\"uid\":\"admuser admsur <anbulang@163.com>\",\"armored_key\":\"-----BEGIN PGP PUBLIC KEY BLOCK-----\\n\\nxsDNBGXR0mMBDACkuPuDcO1xHOvndM6yvfBXQN0gW8btdw97uipRqplxQgGj\\n3E1hgkAe2S6S8wjPj2avN6izr6Kl6qCqgh7\\/FLr+G9sHDijdyl2aQhmPg2\\/V\\ndNUUuDACTZM5DpxWLBaF6IH\\/e9freGdWgJ6ZzIYoTt8TtbyhEnzC4+bJx6fW\\nwHWqnEQirUOSMp3Jd6hEf49T0ruPDfFpbDuWw6Waf3ircy4LYcbnFFSs2ZLE\\nYgCF17Kei3kDaT8TEclHyARuZPbrugBFSJk1B1SY7XtzUl4zmRoP4n1rGcVM\\njyJCEDBF32+l8R0tli2uR00nHJmO1zvUp4AtFsOw54qiJJR9O9mMbSCI53qL\\nw2HsaU2PJd+HuZd3MvAFm0uqYaf0ZgZiaQEhr0j8w8pRZLd4reazVlumGGoy\\ngIBU1W8laOj+X3rPjUfJpld8Z41E\\/PPDwGiP18KqqNMq\\/04bhPWNCprymgU\\/\\nhA7gw8AAiKHv+3CZiuiffkvYPq1ml34Qe7PG5\\/WEQ9kF2AUAEQEAAc0hYWRt\\ndXNlciBhZG1zdXIgPGFuYnVsYW5nQDE2My5jb20+wsEKBBABCAAdBQJl0dJj\\nBAsJBwgDFQgKBBYAAgECGQECGwMCHgEAIQkQMdWZJfD45QYWIQR0JRVJ96kq\\nQBnMoV0x1Zkl8PjlBtizC\\/91eF5eU20+ndxO+EgBiYKvjtlEX\\/u6Y2RnTOIl\\n60VRBfpTAh\\/419sd3Bj6ZRastV80PeUqQ4jqZWtfIRE4CXSvqtcyfnbV7mwz\\n+sQqN8rwdgHRt6J9wt\\/t\\/ACBVROGLz6WbFAMj3ZzkxSVse6YHOLa5Zm5pXJV\\nTKvEtP2dnxN1EB6lRmpf5gPHBgB\\/h5qZmb4uz8rrPt6bnK00whweXWuUbPaK\\n2XIuC5cmBAiy1vuqbX482cgnCyKmOZGHQm\\/3O9jwrOsNgDXhyAX5BmE+o3ZA\\n2bZ3X1oIE9YXeBDsWYkA793kA1gKo+5mJZDuIj3L1tpTBAZWn6\\/\\/VYvTz1d6\\nOhp6GurJbEOZZwFWy4Db7LupDDUN1\\/npdJUKoPn2DdhRuTho2rQXRmWdHcM6\\n4HZ0jIaWS5xujO87WRT9jX4kQLzGmqClh5suU0GfuvDpDTlG2YR\\/w7qRR10Z\\n2sK3gUER7am0kHm3pYuJrgPGJFFdGolQLKiZKFU5keZwLDlL9dy01Y3OwM0E\\nZdHSYwEMANKofFHCcIDVqmtot9C484piyaCp6tiVLOqy56pqyvVT5hLLiIxx\\nSOjwunNptGIqnVPlLFyjWcSCND3vcEsK5TYyymouVHiJ2gZU90YbtJ3mbLet\\n10IdIb4BSd+pJhK9sojbsQtvD7VgzYGh5wXReJneY5GloA\\/Xy1MNiiKzX0Q1\\nMK1mHrN8QUA5yo15ceM9YZY+z9mB0njQoGrrCzS99j2s3CzrwjdwAzodAa+U\\npnhbP4TyzoOP3kJneMRVuTGuZxqFvg5Mmkhl8NDrbWXmlSEYWuNOEd2T7QSt\\nI8c52IW2QETKuXb9VJyCZG45RoXgwdjZvEM8U8x2laIRD4CpkyiNGFSE83oR\\nk+OFh5QISYVNYULkESFHzbw48lb29lDLOwaQ3mzawnuVpHfTo1qhVi0bDhQA\\n1Pb5\\/Ts+rjulMlk3GqWWAI2y+QRMSl+xzp3\\/4n+B0aPrLBb3K6hIHY\\/rVYc6\\nIagOWz01qh0OeyqeafG0ho\\/ZFirR5SlKjOsUI7m+AwARAQABwsD2BBgBCAAJ\\nBQJl0dJjAhsMACEJEDHVmSXw+OUGFiEEdCUVSfepKkAZzKFdMdWZJfD45QZb\\nUgwApGbIc\\/3R52UjOkiDnlxT1FW99H4KeGwpYHO7mfGRi306aImhuCxF5Hoi\\nwC55vXE+2OoL9F0MuliWkRThuGCghAj+Zx\\/PBFm1Yqd7CY1YRIguqhiVczmD\\nAkD2bmALaqIB\\/FpgfmS0pOQdmAykzJR6UMohotfOS4uj1GH5CCEaNGmSU0xe\\nbhb2nspLjmLselfWxxkVPjIM2cO\\/2zaYbays\\/iHsZ4CX2PCU3wBcIi97PGmY\\n6pJ2NVJhzmKnQhUACLc+Pbw7DcIbvYNT7U9wLdgXmKRt3CoBaMPki3nABAI2\\noSM3lGAqbbJDhnkfzMiGuivzw\\/65n\\/5FXgn6QnHbKOl6hDWR39LleItnJWNJ\\nrIOSnlhhkScbmRLseKp3mDjfpFuWXVUZZbeuUYFsDNQU9UZYJ0F51ZL6YXRU\\niP8lefd5TorsC\\/nnuZkZ2lvKoyrAtpoqC7tRTmKFezh2GfI1RRrsmET\\/BP2o\\n8IF1kSQe0KUbyudo2vbTQUoPM1ai\\/OTxpvpv\\n=BBCr\\n-----END PGP PUBLIC KEY BLOCK-----\\n\",\"deleted\":false,\"key_created\":\"2024-02-18T09:48:19+00:00\",\"expires\":null,\"created\":\"2024-02-18T09:48:44+00:00\",\"modified\":\"2024-02-18T09:48:44+00:00\",\"id\":\"0453fdc0-0f55-4248-b4b7-f8136418ea1d\"},\"entities_history\":[],\"last_logged_in\":null},\"admin\":{\"id\":\"509a2bc9-4038-45a8-9eb6-592dd891f7a0\",\"role_id\":\"439341d9-26d5-4ed8-b393-6fa13c674b2d\",\"username\":\"anbulang@163.com\",\"active\":true,\"deleted\":false,\"disabled\":null,\"created\":\"2024-02-18T09:44:57+00:00\",\"modified\":\"2024-02-18T09:48:44+00:00\",\"locale\":\"en-UK\",\"role\":{\"id\":\"439341d9-26d5-4ed8-b393-6fa13c674b2d\",\"name\":\"admin\",\"description\":\"Organization administrator\",\"created\":\"2012-07-04T13:39:25+00:00\",\"modified\":\"2012-07-04T13:39:25+00:00\"},\"last_logged_in\":null},\"invitedBy\":{\"id\":\"509a2bc9-4038-45a8-9eb6-592dd891f7a0\",\"role_id\":\"439341d9-26d5-4ed8-b393-6fa13c674b2d\",\"username\":\"anbulang@163.com\",\"active\":true,\"deleted\":false,\"disabled\":null,\"created\":\"2024-02-18T09:44:57+00:00\",\"modified\":\"2024-02-18T09:48:44+00:00\",\"profile\":{\"id\":\"f71aa680-4c7c-4be0-9840-837c6ca660fa\",\"user_id\":\"509a2bc9-4038-45a8-9eb6-592dd891f7a0\",\"first_name\":\"admuser\",\"last_name\":\"admsur\",\"created\":\"2024-02-18T09:44:57+00:00\",\"modified\":\"2024-02-18T09:44:57+00:00\"},\"role\":{\"id\":\"439341d9-26d5-4ed8-b393-6fa13c674b2d\",\"name\":\"admin\",\"description\":\"Organization administrator\",\"created\":\"2012-07-04T13:39:25+00:00\",\"modified\":\"2012-07-04T13:39:25+00:00\"},\"locale\":\"en-UK\",\"authentication_tokens\":[{\"id\":\"0fed2f09-fc13-4616-b135-ddda58e4a391\",\"token\":\"ff10e01a-0f09-4c5c-a518-ebfe706ed4b3\",\"user_id\":\"509a2bc9-4038-45a8-9eb6-592dd891f7a0\",\"active\":false,\"created\":\"2024-02-18T09:44:57+00:00\",\"modified\":\"2024-02-18T09:48:44+00:00\",\"type\":\"register\",\"data\":null}],\"gpgkey\":{\"user_id\":\"509a2bc9-4038-45a8-9eb6-592dd891f7a0\",\"fingerprint\":\"74251549F7A92A4019CCA15D31D59925F0F8E506\",\"bits\":3072,\"type\":\"RSA\",\"key_id\":\"31D59925F0F8E506\",\"uid\":\"admuser admsur <anbulang@163.com>\",\"armored_key\":\"-----BEGIN PGP PUBLIC KEY BLOCK-----\\n\\nxsDNBGXR0mMBDACkuPuDcO1xHOvndM6yvfBXQN0gW8btdw97uipRqplxQgGj\\n3E1hgkAe2S6S8wjPj2avN6izr6Kl6qCqgh7\\/FLr+G9sHDijdyl2aQhmPg2\\/V\\ndNUUuDACTZM5DpxWLBaF6IH\\/e9freGdWgJ6ZzIYoTt8TtbyhEnzC4+bJx6fW\\nwHWqnEQirUOSMp3Jd6hEf49T0ruPDfFpbDuWw6Waf3ircy4LYcbnFFSs2ZLE\\nYgCF17Kei3kDaT8TEclHyARuZPbrugBFSJk1B1SY7XtzUl4zmRoP4n1rGcVM\\njyJCEDBF32+l8R0tli2uR00nHJmO1zvUp4AtFsOw54qiJJR9O9mMbSCI53qL\\nw2HsaU2PJd+HuZd3MvAFm0uqYaf0ZgZiaQEhr0j8w8pRZLd4reazVlumGGoy\\ngIBU1W8laOj+X3rPjUfJpld8Z41E\\/PPDwGiP18KqqNMq\\/04bhPWNCprymgU\\/\\nhA7gw8AAiKHv+3CZiuiffkvYPq1ml34Qe7PG5\\/WEQ9kF2AUAEQEAAc0hYWRt\\ndXNlciBhZG1zdXIgPGFuYnVsYW5nQDE2My5jb20+wsEKBBABCAAdBQJl0dJj\\nBAsJBwgDFQgKBBYAAgECGQECGwMCHgEAIQkQMdWZJfD45QYWIQR0JRVJ96kq\\nQBnMoV0x1Zkl8PjlBtizC\\/91eF5eU20+ndxO+EgBiYKvjtlEX\\/u6Y2RnTOIl\\n60VRBfpTAh\\/419sd3Bj6ZRastV80PeUqQ4jqZWtfIRE4CXSvqtcyfnbV7mwz\\n+sQqN8rwdgHRt6J9wt\\/t\\/ACBVROGLz6WbFAMj3ZzkxSVse6YHOLa5Zm5pXJV\\nTKvEtP2dnxN1EB6lRmpf5gPHBgB\\/h5qZmb4uz8rrPt6bnK00whweXWuUbPaK\\n2XIuC5cmBAiy1vuqbX482cgnCyKmOZGHQm\\/3O9jwrOsNgDXhyAX5BmE+o3ZA\\n2bZ3X1oIE9YXeBDsWYkA793kA1gKo+5mJZDuIj3L1tpTBAZWn6\\/\\/VYvTz1d6\\nOhp6GurJbEOZZwFWy4Db7LupDDUN1\\/npdJUKoPn2DdhRuTho2rQXRmWdHcM6\\n4HZ0jIaWS5xujO87WRT9jX4kQLzGmqClh5suU0GfuvDpDTlG2YR\\/w7qRR10Z\\n2sK3gUER7am0kHm3pYuJrgPGJFFdGolQLKiZKFU5keZwLDlL9dy01Y3OwM0E\\nZdHSYwEMANKofFHCcIDVqmtot9C484piyaCp6tiVLOqy56pqyvVT5hLLiIxx\\nSOjwunNptGIqnVPlLFyjWcSCND3vcEsK5TYyymouVHiJ2gZU90YbtJ3mbLet\\n10IdIb4BSd+pJhK9sojbsQtvD7VgzYGh5wXReJneY5GloA\\/Xy1MNiiKzX0Q1\\nMK1mHrN8QUA5yo15ceM9YZY+z9mB0njQoGrrCzS99j2s3CzrwjdwAzodAa+U\\npnhbP4TyzoOP3kJneMRVuTGuZxqFvg5Mmkhl8NDrbWXmlSEYWuNOEd2T7QSt\\nI8c52IW2QETKuXb9VJyCZG45RoXgwdjZvEM8U8x2laIRD4CpkyiNGFSE83oR\\nk+OFh5QISYVNYULkESFHzbw48lb29lDLOwaQ3mzawnuVpHfTo1qhVi0bDhQA\\n1Pb5\\/Ts+rjulMlk3GqWWAI2y+QRMSl+xzp3\\/4n+B0aPrLBb3K6hIHY\\/rVYc6\\nIagOWz01qh0OeyqeafG0ho\\/ZFirR5SlKjOsUI7m+AwARAQABwsD2BBgBCAAJ\\nBQJl0dJjAhsMACEJEDHVmSXw+OUGFiEEdCUVSfepKkAZzKFdMdWZJfD45QZb\\nUgwApGbIc\\/3R52UjOkiDnlxT1FW99H4KeGwpYHO7mfGRi306aImhuCxF5Hoi\\nwC55vXE+2OoL9F0MuliWkRThuGCghAj+Zx\\/PBFm1Yqd7CY1YRIguqhiVczmD\\nAkD2bmALaqIB\\/FpgfmS0pOQdmAykzJR6UMohotfOS4uj1GH5CCEaNGmSU0xe\\nbhb2nspLjmLselfWxxkVPjIM2cO\\/2zaYbays\\/iHsZ4CX2PCU3wBcIi97PGmY\\n6pJ2NVJhzmKnQhUACLc+Pbw7DcIbvYNT7U9wLdgXmKRt3CoBaMPki3nABAI2\\noSM3lGAqbbJDhnkfzMiGuivzw\\/65n\\/5FXgn6QnHbKOl6hDWR39LleItnJWNJ\\nrIOSnlhhkScbmRLseKp3mDjfpFuWXVUZZbeuUYFsDNQU9UZYJ0F51ZL6YXRU\\niP8lefd5TorsC\\/nnuZkZ2lvKoyrAtpoqC7tRTmKFezh2GfI1RRrsmET\\/BP2o\\n8IF1kSQe0KUbyudo2vbTQUoPM1ai\\/OTxpvpv\\n=BBCr\\n-----END PGP PUBLIC KEY BLOCK-----\\n\",\"deleted\":false,\"key_created\":\"2024-02-18T09:48:19+00:00\",\"expires\":null,\"created\":\"2024-02-18T09:48:44+00:00\",\"modified\":\"2024-02-18T09:48:44+00:00\",\"id\":\"0453fdc0-0f55-4248-b4b7-f8136418ea1d\"},\"entities_history\":[],\"last_logged_in\":null},\"invitedWhen\":\"just now\",\"invitedByYou\":true,\"fullBaseUrl\":\"https:\\/\\/passbolt.local\"},\"locale\":\"en-UK\"}','{\"Auto-Submitted\":\"auto-generated\",\"Message-ID\":\"<b2a82cfede99476dbead0c1f1aa3a3f8@passbolt.local>\"}',0,0,4,'2024-02-18 09:48:44','2024-02-18 09:48:44','2024-02-18 09:48:44','[]','stream_socket_client(): Unable to connect to tcp://localhost:25 (Cannot assign requested address)'),(3,'shenxiaoyi@163.com',NULL,NULL,'Welcome to passbolt, shen!','default','AN/user_register_admin','default','','html','{\"body\":{\"user\":{\"id\":\"45bb24d6-57e4-413d-9eb5-8e07a12f015c\",\"role_id\":\"44c4413a-4213-46f2-8453-29e4741c111d\",\"username\":\"shenxiaoyi@163.com\",\"active\":false,\"deleted\":false,\"disabled\":null,\"created\":\"2024-02-24T04:06:12+00:00\",\"modified\":\"2024-02-24T04:06:12+00:00\",\"role\":{\"id\":\"44c4413a-4213-46f2-8453-29e4741c111d\",\"name\":\"user\",\"description\":\"Logged in user\",\"created\":\"2012-07-04T13:39:25+00:00\",\"modified\":\"2012-07-04T13:39:25+00:00\"},\"profile\":{\"id\":\"769afd7b-ac4e-4886-b55f-d78177a4e958\",\"user_id\":\"45bb24d6-57e4-413d-9eb5-8e07a12f015c\",\"first_name\":\"shen\",\"last_name\":\"xiaoyi\",\"created\":\"2024-02-24T04:06:12+00:00\",\"modified\":\"2024-02-24T04:06:12+00:00\",\"avatar\":{\"url\":{\"medium\":\"https:\\/\\/passbolt.local\\/img\\/avatar\\/user_medium.png\",\"small\":\"https:\\/\\/passbolt.local\\/img\\/avatar\\/user.png\"}}},\"locale\":\"en-UK\",\"last_logged_in\":null},\"token\":{\"user_id\":\"45bb24d6-57e4-413d-9eb5-8e07a12f015c\",\"token\":\"c6e7f785-4df7-4646-9755-ad3300ed3fde\",\"active\":true,\"type\":\"register\",\"data\":null,\"created\":\"2024-02-24T04:06:12+00:00\",\"modified\":\"2024-02-24T04:06:12+00:00\",\"id\":\"caca170e-a5a1-4c08-a81c-6208b88a6899\"},\"admin\":{\"id\":\"509a2bc9-4038-45a8-9eb6-592dd891f7a0\",\"role_id\":\"439341d9-26d5-4ed8-b393-6fa13c674b2d\",\"username\":\"anbulang@163.com\",\"active\":true,\"deleted\":false,\"disabled\":null,\"created\":\"2024-02-18T09:44:57+00:00\",\"modified\":\"2024-02-18T09:48:44+00:00\",\"role\":{\"id\":\"439341d9-26d5-4ed8-b393-6fa13c674b2d\",\"name\":\"admin\",\"description\":\"Organization administrator\",\"created\":\"2012-07-04T13:39:25+00:00\",\"modified\":\"2012-07-04T13:39:25+00:00\"},\"profile\":{\"id\":\"f71aa680-4c7c-4be0-9840-837c6ca660fa\",\"user_id\":\"509a2bc9-4038-45a8-9eb6-592dd891f7a0\",\"first_name\":\"admuser\",\"last_name\":\"admsur\",\"created\":\"2024-02-18T09:44:57+00:00\",\"modified\":\"2024-02-18T09:44:57+00:00\",\"avatar\":{\"url\":{\"medium\":\"https:\\/\\/passbolt.local\\/img\\/avatar\\/user_medium.png\",\"small\":\"https:\\/\\/passbolt.local\\/img\\/avatar\\/user.png\"}}},\"locale\":\"en-UK\",\"last_logged_in\":null},\"fullBaseUrl\":\"https:\\/\\/passbolt.local\"},\"title\":\"Welcome to passbolt, shen!\",\"locale\":\"en-UK\"}','{\"Auto-Submitted\":\"auto-generated\",\"Message-ID\":\"<935ac73f08434d8b93626a7fff792f0b@passbolt.local>\"}',0,0,4,'2024-02-24 04:06:12','2024-02-24 04:06:12','2024-02-24 04:06:12','[]','stream_socket_client(): Unable to connect to tcp://localhost:25 (Cannot assign requested address)'),(4,'shenxiaofan@163.com',NULL,NULL,'Welcome to passbolt, shen!','default','AN/user_register_admin','default','','html','{\"body\":{\"user\":{\"id\":\"b8ecdc71-18b4-4f51-97ff-01070a5a74fa\",\"role_id\":\"44c4413a-4213-46f2-8453-29e4741c111d\",\"username\":\"shenxiaofan@163.com\",\"active\":false,\"deleted\":false,\"disabled\":null,\"created\":\"2024-02-24T04:06:58+00:00\",\"modified\":\"2024-02-24T04:06:58+00:00\",\"role\":{\"id\":\"44c4413a-4213-46f2-8453-29e4741c111d\",\"name\":\"user\",\"description\":\"Logged in user\",\"created\":\"2012-07-04T13:39:25+00:00\",\"modified\":\"2012-07-04T13:39:25+00:00\"},\"profile\":{\"id\":\"e5b25643-fb74-45ec-acdb-da7a6964a993\",\"user_id\":\"b8ecdc71-18b4-4f51-97ff-01070a5a74fa\",\"first_name\":\"shen\",\"last_name\":\"xiaofan\",\"created\":\"2024-02-24T04:06:58+00:00\",\"modified\":\"2024-02-24T04:06:58+00:00\",\"avatar\":{\"url\":{\"medium\":\"https:\\/\\/passbolt.local\\/img\\/avatar\\/user_medium.png\",\"small\":\"https:\\/\\/passbolt.local\\/img\\/avatar\\/user.png\"}}},\"locale\":\"en-UK\",\"last_logged_in\":null},\"token\":{\"user_id\":\"b8ecdc71-18b4-4f51-97ff-01070a5a74fa\",\"token\":\"d5df601d-e36c-4c2c-b244-f460212ec90c\",\"active\":true,\"type\":\"register\",\"data\":null,\"created\":\"2024-02-24T04:06:58+00:00\",\"modified\":\"2024-02-24T04:06:58+00:00\",\"id\":\"e3000604-cfda-4c97-bb46-56298d37e83a\"},\"admin\":{\"id\":\"509a2bc9-4038-45a8-9eb6-592dd891f7a0\",\"role_id\":\"439341d9-26d5-4ed8-b393-6fa13c674b2d\",\"username\":\"anbulang@163.com\",\"active\":true,\"deleted\":false,\"disabled\":null,\"created\":\"2024-02-18T09:44:57+00:00\",\"modified\":\"2024-02-18T09:48:44+00:00\",\"role\":{\"id\":\"439341d9-26d5-4ed8-b393-6fa13c674b2d\",\"name\":\"admin\",\"description\":\"Organization administrator\",\"created\":\"2012-07-04T13:39:25+00:00\",\"modified\":\"2012-07-04T13:39:25+00:00\"},\"profile\":{\"id\":\"f71aa680-4c7c-4be0-9840-837c6ca660fa\",\"user_id\":\"509a2bc9-4038-45a8-9eb6-592dd891f7a0\",\"first_name\":\"admuser\",\"last_name\":\"admsur\",\"created\":\"2024-02-18T09:44:57+00:00\",\"modified\":\"2024-02-18T09:44:57+00:00\",\"avatar\":{\"url\":{\"medium\":\"https:\\/\\/passbolt.local\\/img\\/avatar\\/user_medium.png\",\"small\":\"https:\\/\\/passbolt.local\\/img\\/avatar\\/user.png\"}}},\"locale\":\"en-UK\",\"last_logged_in\":null},\"fullBaseUrl\":\"https:\\/\\/passbolt.local\"},\"title\":\"Welcome to passbolt, shen!\",\"locale\":\"en-UK\"}','{\"Auto-Submitted\":\"auto-generated\",\"Message-ID\":\"<0721f79be27d416fbd26e68ebc304a48@passbolt.local>\"}',0,0,4,'2024-02-24 04:06:58','2024-02-24 04:06:58','2024-02-24 04:06:58','[]','stream_socket_client(): Unable to connect to tcp://localhost:25 (Cannot assign requested address)'),(5,'shenxiaofan@163.com',NULL,NULL,'Welcome to passbolt, shen!','default','AN/user_register_self','default','','html','{\"body\":{\"user\":{\"id\":\"b8ecdc71-18b4-4f51-97ff-01070a5a74fa\",\"role_id\":\"44c4413a-4213-46f2-8453-29e4741c111d\",\"username\":\"shenxiaofan@163.com\",\"active\":false,\"deleted\":false,\"disabled\":null,\"created\":\"2024-02-24T04:06:58+00:00\",\"modified\":\"2024-02-24T04:06:58+00:00\",\"role\":{\"id\":\"44c4413a-4213-46f2-8453-29e4741c111d\",\"name\":\"user\",\"description\":\"Logged in user\",\"created\":\"2012-07-04T13:39:25+00:00\",\"modified\":\"2012-07-04T13:39:25+00:00\"},\"profile\":{\"id\":\"e5b25643-fb74-45ec-acdb-da7a6964a993\",\"user_id\":\"b8ecdc71-18b4-4f51-97ff-01070a5a74fa\",\"first_name\":\"shen\",\"last_name\":\"xiaofan\",\"created\":\"2024-02-24T04:06:58+00:00\",\"modified\":\"2024-02-24T04:06:58+00:00\",\"avatar\":{\"url\":{\"medium\":\"https:\\/\\/passbolt.local\\/img\\/avatar\\/user_medium.png\",\"small\":\"https:\\/\\/passbolt.local\\/img\\/avatar\\/user.png\"}}},\"locale\":\"en-UK\",\"last_logged_in\":null},\"token\":{\"user_id\":\"b8ecdc71-18b4-4f51-97ff-01070a5a74fa\",\"token\":\"3e095368-b6c7-4066-be05-683c087ba450\",\"active\":true,\"type\":\"register\",\"data\":null,\"created\":\"2024-02-24T04:08:37+00:00\",\"modified\":\"2024-02-24T04:08:37+00:00\",\"id\":\"114e3cd5-e403-4c9a-b170-7ec2b47e0ffe\"},\"fullBaseUrl\":\"https:\\/\\/passbolt.local\"},\"title\":\"Welcome to passbolt, shen!\",\"locale\":\"en-UK\"}','{\"Auto-Submitted\":\"auto-generated\",\"Message-ID\":\"<6692f0ba56564c6a9277e8a51652ca09@passbolt.local>\"}',0,0,4,'2024-02-24 04:08:37','2024-02-24 04:08:37','2024-02-24 04:08:37','[]','stream_socket_client(): Unable to connect to tcp://localhost:25 (Cannot assign requested address)'),(6,'shenxiaofan@163.com',NULL,NULL,'Welcome to passbolt, shen!','default','AN/user_register_admin','default','','html','{\"body\":{\"user\":{\"id\":\"b8ecdc71-18b4-4f51-97ff-01070a5a74fa\",\"role_id\":\"44c4413a-4213-46f2-8453-29e4741c111d\",\"username\":\"shenxiaofan@163.com\",\"active\":false,\"deleted\":false,\"disabled\":null,\"created\":\"2024-02-24T04:06:58+00:00\",\"modified\":\"2024-02-24T04:06:58+00:00\",\"role\":{\"id\":\"44c4413a-4213-46f2-8453-29e4741c111d\",\"name\":\"user\",\"description\":\"Logged in user\",\"created\":\"2012-07-04T13:39:25+00:00\",\"modified\":\"2012-07-04T13:39:25+00:00\"},\"profile\":{\"id\":\"e5b25643-fb74-45ec-acdb-da7a6964a993\",\"user_id\":\"b8ecdc71-18b4-4f51-97ff-01070a5a74fa\",\"first_name\":\"shen\",\"last_name\":\"xiaofan\",\"created\":\"2024-02-24T04:06:58+00:00\",\"modified\":\"2024-02-24T04:06:58+00:00\",\"avatar\":{\"url\":{\"medium\":\"https:\\/\\/passbolt.local\\/img\\/avatar\\/user_medium.png\",\"small\":\"https:\\/\\/passbolt.local\\/img\\/avatar\\/user.png\"}}},\"locale\":\"en-UK\",\"last_logged_in\":null},\"token\":{\"user_id\":\"b8ecdc71-18b4-4f51-97ff-01070a5a74fa\",\"token\":\"65f18cd1-2228-4cca-b48a-887625c325fb\",\"active\":true,\"type\":\"register\",\"data\":null,\"created\":\"2024-02-24T04:14:59+00:00\",\"modified\":\"2024-02-24T04:14:59+00:00\",\"id\":\"aa54f7af-d18c-4e48-b931-c7afdee50d33\"},\"admin\":{\"id\":\"509a2bc9-4038-45a8-9eb6-592dd891f7a0\",\"role_id\":\"439341d9-26d5-4ed8-b393-6fa13c674b2d\",\"username\":\"anbulang@163.com\",\"active\":true,\"deleted\":false,\"disabled\":null,\"created\":\"2024-02-18T09:44:57+00:00\",\"modified\":\"2024-02-18T09:48:44+00:00\",\"role\":{\"id\":\"439341d9-26d5-4ed8-b393-6fa13c674b2d\",\"name\":\"admin\",\"description\":\"Organization administrator\",\"created\":\"2012-07-04T13:39:25+00:00\",\"modified\":\"2012-07-04T13:39:25+00:00\"},\"profile\":{\"id\":\"f71aa680-4c7c-4be0-9840-837c6ca660fa\",\"user_id\":\"509a2bc9-4038-45a8-9eb6-592dd891f7a0\",\"first_name\":\"admuser\",\"last_name\":\"admsur\",\"created\":\"2024-02-18T09:44:57+00:00\",\"modified\":\"2024-02-18T09:44:57+00:00\",\"avatar\":{\"url\":{\"medium\":\"https:\\/\\/passbolt.local\\/img\\/avatar\\/user_medium.png\",\"small\":\"https:\\/\\/passbolt.local\\/img\\/avatar\\/user.png\"}}},\"locale\":\"en-UK\",\"last_logged_in\":null},\"fullBaseUrl\":\"https:\\/\\/passbolt.local\"},\"title\":\"Welcome to passbolt, shen!\",\"locale\":\"en-UK\"}','{\"Auto-Submitted\":\"auto-generated\",\"Message-ID\":\"<1fe1e1214709412fa534b9ed4590b1be@passbolt.local>\"}',0,0,4,'2024-02-24 04:14:59','2024-02-24 04:14:59','2024-02-24 04:14:59','[]','stream_socket_client(): Unable to connect to tcp://localhost:25 (Cannot assign requested address)'),(7,'anbulang@163.com',NULL,NULL,'shen xiaofan has been suspended','default','AD/user_disable','default','','html','{\"body\":{\"userFullName\":\"shen xiaofan\",\"user\":{\"id\":\"b8ecdc71-18b4-4f51-97ff-01070a5a74fa\",\"role_id\":\"44c4413a-4213-46f2-8453-29e4741c111d\",\"username\":\"shenxiaofan@163.com\",\"active\":false,\"deleted\":false,\"disabled\":\"2024-02-25T12:20:10+00:00\",\"created\":\"2024-02-24T04:06:58+00:00\",\"modified\":\"2024-02-25T12:20:16+00:00\",\"groups_users\":[],\"profile\":{\"id\":\"e5b25643-fb74-45ec-acdb-da7a6964a993\",\"user_id\":\"b8ecdc71-18b4-4f51-97ff-01070a5a74fa\",\"first_name\":\"shen\",\"last_name\":\"xiaofan\",\"created\":\"2024-02-24T04:06:58+00:00\",\"modified\":\"2024-02-25T12:20:16+00:00\",\"avatar\":{\"url\":{\"medium\":\"https:\\/\\/passbolt.local\\/img\\/avatar\\/user_medium.png\",\"small\":\"https:\\/\\/passbolt.local\\/img\\/avatar\\/user.png\"}}},\"gpgkey\":null,\"role\":{\"id\":\"44c4413a-4213-46f2-8453-29e4741c111d\",\"name\":\"user\",\"description\":\"Logged in user\",\"created\":\"2012-07-04T13:39:25+00:00\",\"modified\":\"2012-07-04T13:39:25+00:00\"},\"last_logged_in\":null},\"recipient\":{\"id\":\"509a2bc9-4038-45a8-9eb6-592dd891f7a0\",\"role_id\":\"439341d9-26d5-4ed8-b393-6fa13c674b2d\",\"username\":\"anbulang@163.com\",\"active\":true,\"deleted\":false,\"disabled\":null,\"created\":\"2024-02-18T09:44:57+00:00\",\"modified\":\"2024-02-18T09:48:44+00:00\",\"profile\":{\"id\":\"f71aa680-4c7c-4be0-9840-837c6ca660fa\",\"user_id\":\"509a2bc9-4038-45a8-9eb6-592dd891f7a0\",\"first_name\":\"admuser\",\"last_name\":\"admsur\",\"created\":\"2024-02-18T09:44:57+00:00\",\"modified\":\"2024-02-18T09:44:57+00:00\",\"avatar\":{\"url\":{\"medium\":\"https:\\/\\/passbolt.local\\/img\\/avatar\\/user_medium.png\",\"small\":\"https:\\/\\/passbolt.local\\/img\\/avatar\\/user.png\"}}},\"locale\":\"en-UK\",\"role\":{\"id\":\"439341d9-26d5-4ed8-b393-6fa13c674b2d\",\"name\":\"admin\",\"description\":\"Organization administrator\",\"created\":\"2012-07-04T13:39:25+00:00\",\"modified\":\"2012-07-04T13:39:25+00:00\"},\"last_logged_in\":null},\"fullBaseUrl\":\"https:\\/\\/passbolt.local\"},\"title\":\"shen xiaofan has been suspended\",\"locale\":\"en-UK\"}','{\"Auto-Submitted\":\"auto-generated\",\"Message-ID\":\"<75479c696f634199a7c32f4c7fefa320@passbolt.local>\"}',0,0,4,'2024-02-25 12:20:16','2024-02-25 12:20:16','2024-02-25 12:20:16','[]','stream_socket_client(): Unable to connect to tcp://localhost:25 (Cannot assign requested address)'),(8,'anbulang@163.com',NULL,NULL,'shen xiaofan\'s admin role has been revoked','default','AD/admin_role_revoked','default','','html','{\"body\":{\"recipient\":{\"id\":\"509a2bc9-4038-45a8-9eb6-592dd891f7a0\",\"role_id\":\"439341d9-26d5-4ed8-b393-6fa13c674b2d\",\"username\":\"anbulang@163.com\",\"active\":true,\"deleted\":false,\"disabled\":null,\"created\":\"2024-02-18T09:44:57+00:00\",\"modified\":\"2024-02-18T09:48:44+00:00\",\"profile\":{\"id\":\"f71aa680-4c7c-4be0-9840-837c6ca660fa\",\"user_id\":\"509a2bc9-4038-45a8-9eb6-592dd891f7a0\",\"first_name\":\"admuser\",\"last_name\":\"admsur\",\"created\":\"2024-02-18T09:44:57+00:00\",\"modified\":\"2024-02-18T09:44:57+00:00\",\"avatar\":{\"url\":{\"medium\":\"https:\\/\\/passbolt.local\\/img\\/avatar\\/user_medium.png\",\"small\":\"https:\\/\\/passbolt.local\\/img\\/avatar\\/user.png\"}}},\"locale\":\"en-UK\",\"role\":{\"id\":\"439341d9-26d5-4ed8-b393-6fa13c674b2d\",\"name\":\"admin\",\"description\":\"Organization administrator\",\"created\":\"2012-07-04T13:39:25+00:00\",\"modified\":\"2012-07-04T13:39:25+00:00\"},\"last_logged_in\":null},\"operator\":{\"id\":\"509a2bc9-4038-45a8-9eb6-592dd891f7a0\",\"role_id\":\"439341d9-26d5-4ed8-b393-6fa13c674b2d\",\"username\":\"anbulang@163.com\",\"active\":true,\"deleted\":false,\"disabled\":null,\"created\":\"2024-02-18T09:44:57+00:00\",\"modified\":\"2024-02-18T09:48:44+00:00\",\"role\":{\"id\":\"439341d9-26d5-4ed8-b393-6fa13c674b2d\",\"name\":\"admin\",\"description\":\"Organization administrator\",\"created\":\"2012-07-04T13:39:25+00:00\",\"modified\":\"2012-07-04T13:39:25+00:00\"},\"profile\":{\"id\":\"f71aa680-4c7c-4be0-9840-837c6ca660fa\",\"user_id\":\"509a2bc9-4038-45a8-9eb6-592dd891f7a0\",\"first_name\":\"admuser\",\"last_name\":\"admsur\",\"created\":\"2024-02-18T09:44:57+00:00\",\"modified\":\"2024-02-18T09:44:57+00:00\",\"avatar\":{\"url\":{\"medium\":\"https:\\/\\/passbolt.local\\/img\\/avatar\\/user_medium.png\",\"small\":\"https:\\/\\/passbolt.local\\/img\\/avatar\\/user.png\"}}},\"locale\":\"en-UK\",\"last_logged_in\":null},\"user\":{\"id\":\"b8ecdc71-18b4-4f51-97ff-01070a5a74fa\",\"role_id\":\"44c4413a-4213-46f2-8453-29e4741c111d\",\"username\":\"shenxiaofan@163.com\",\"active\":false,\"deleted\":false,\"disabled\":null,\"created\":\"2024-02-24T04:06:58+00:00\",\"modified\":\"2024-02-25T12:20:21+00:00\",\"groups_users\":[],\"profile\":{\"id\":\"e5b25643-fb74-45ec-acdb-da7a6964a993\",\"user_id\":\"b8ecdc71-18b4-4f51-97ff-01070a5a74fa\",\"first_name\":\"shen\",\"last_name\":\"xiaofan\",\"created\":\"2024-02-24T04:06:58+00:00\",\"modified\":\"2024-02-25T12:20:38+00:00\",\"avatar\":{\"url\":{\"medium\":\"https:\\/\\/passbolt.local\\/img\\/avatar\\/user_medium.png\",\"small\":\"https:\\/\\/passbolt.local\\/img\\/avatar\\/user.png\"},\"profile_id\":\"e5b25643-fb74-45ec-acdb-da7a6964a993\",\"created\":\"2024-02-25T12:20:38+00:00\",\"modified\":\"2024-02-25T12:20:38+00:00\",\"id\":\"1b8d98ae-bd8f-4de3-9922-3faac2e81662\"}},\"gpgkey\":null,\"role\":{\"id\":\"439341d9-26d5-4ed8-b393-6fa13c674b2d\",\"name\":\"admin\",\"description\":\"Organization administrator\",\"created\":\"2012-07-04T13:39:25+00:00\",\"modified\":\"2012-07-04T13:39:25+00:00\"},\"last_logged_in\":null},\"ip\":\"192.168.65.1\",\"user_agent\":\"Mozilla\\/5.0 (Macintosh; Intel Mac OS X 10_15_7) AppleWebKit\\/537.36 (KHTML, like Gecko) Chrome\\/121.0.0.0 Safari\\/537.36\",\"fullBaseUrl\":\"https:\\/\\/passbolt.local\"},\"title\":\"shen xiaofan\'s admin role has been revoked\",\"locale\":\"en-UK\"}','{\"Auto-Submitted\":\"auto-generated\",\"Message-ID\":\"<c24a54fd28ae4185a776abc25d04e939@passbolt.local>\"}',0,0,4,'2024-02-25 12:20:38','2024-02-25 12:20:38','2024-02-25 12:20:38','[]','stream_socket_client(): Unable to connect to tcp://localhost:25 (Cannot assign requested address)'),(9,'anbulang@163.com',NULL,NULL,'You edited the password expiry settings','default','Passbolt/PasswordExpiry.AD/settings_updated','default','','html','{\"body\":{\"operator\":{\"id\":\"509a2bc9-4038-45a8-9eb6-592dd891f7a0\",\"role_id\":\"439341d9-26d5-4ed8-b393-6fa13c674b2d\",\"username\":\"anbulang@163.com\",\"active\":true,\"deleted\":false,\"disabled\":null,\"created\":\"2024-02-18T09:44:57+00:00\",\"modified\":\"2024-02-18T09:48:44+00:00\",\"role\":{\"id\":\"439341d9-26d5-4ed8-b393-6fa13c674b2d\",\"name\":\"admin\",\"description\":\"Organization administrator\",\"created\":\"2012-07-04T13:39:25+00:00\",\"modified\":\"2012-07-04T13:39:25+00:00\"},\"profile\":{\"id\":\"f71aa680-4c7c-4be0-9840-837c6ca660fa\",\"user_id\":\"509a2bc9-4038-45a8-9eb6-592dd891f7a0\",\"first_name\":\"admuser\",\"last_name\":\"admsur\",\"created\":\"2024-02-18T09:44:57+00:00\",\"modified\":\"2024-02-18T09:44:57+00:00\",\"avatar\":{\"url\":{\"medium\":\"https:\\/\\/passbolt.local\\/img\\/avatar\\/user_medium.png\",\"small\":\"https:\\/\\/passbolt.local\\/img\\/avatar\\/user.png\"}}},\"locale\":\"en-UK\",\"last_logged_in\":null},\"setting\":{\"property_id\":\"bad8f020-4e08-5f52-9333-91ba8101fb91\",\"value\":{\"automatic_expiry\":true,\"automatic_update\":true,\"policy_override\":false,\"default_expiry_period\":null},\"property\":\"passwordExpiry\",\"modified_by\":\"509a2bc9-4038-45a8-9eb6-592dd891f7a0\",\"created_by\":\"509a2bc9-4038-45a8-9eb6-592dd891f7a0\",\"created\":\"2024-02-25T12:25:46+00:00\",\"modified\":\"2024-02-25T12:25:46+00:00\",\"id\":\"608be24e-6243-413f-af14-5361e7762880\"},\"ip\":\"192.168.65.1\",\"user_agent\":\"Mozilla\\/5.0 (Macintosh; Intel Mac OS X 10_15_7) AppleWebKit\\/537.36 (KHTML, like Gecko) Chrome\\/121.0.0.0 Safari\\/537.36\",\"fullBaseUrl\":\"https:\\/\\/passbolt.local\"},\"title\":\"You edited the password expiry settings\",\"locale\":\"en-UK\"}','{\"Auto-Submitted\":\"auto-generated\",\"Message-ID\":\"<22a19b08834844ba8eb9d9952a7257b2@passbolt.local>\"}',0,0,4,'2024-02-25 12:25:46','2024-02-25 12:25:46','2024-02-25 12:25:46','[]','stream_socket_client(): Unable to connect to tcp://localhost:25 (Cannot assign requested address)'),(10,'shenxiaofan@163.com',NULL,NULL,'Your account recovery, shen!','default','AN/user_recover','default','','html','{\"body\":{\"user\":{\"id\":\"b8ecdc71-18b4-4f51-97ff-01070a5a74fa\",\"role_id\":\"44c4413a-4213-46f2-8453-29e4741c111d\",\"username\":\"shenxiaofan@163.com\",\"active\":true,\"deleted\":false,\"disabled\":null,\"created\":\"2024-02-24T04:06:58+00:00\",\"modified\":\"2024-02-25T12:20:38+00:00\",\"profile\":{\"id\":\"e5b25643-fb74-45ec-acdb-da7a6964a993\",\"user_id\":\"b8ecdc71-18b4-4f51-97ff-01070a5a74fa\",\"first_name\":\"shen\",\"last_name\":\"xiaofan\",\"created\":\"2024-02-24T04:06:58+00:00\",\"modified\":\"2024-02-25T12:20:38+00:00\",\"avatar\":{\"url\":{\"medium\":\"https:\\/\\/passbolt.local\\/img\\/avatar\\/user_medium.png\",\"small\":\"https:\\/\\/passbolt.local\\/img\\/avatar\\/user.png\"}}},\"role\":{\"id\":\"44c4413a-4213-46f2-8453-29e4741c111d\",\"name\":\"user\",\"description\":\"Logged in user\",\"created\":\"2012-07-04T13:39:25+00:00\",\"modified\":\"2012-07-04T13:39:25+00:00\"},\"last_logged_in\":null},\"token\":{\"user_id\":\"b8ecdc71-18b4-4f51-97ff-01070a5a74fa\",\"token\":\"e90a4968-16d1-4eba-a707-5d6063778b70\",\"active\":true,\"type\":\"recover\",\"data\":null,\"created\":\"2024-02-25T12:36:27+00:00\",\"modified\":\"2024-02-25T12:36:27+00:00\",\"id\":\"74cc3d09-224f-47b7-a1dd-0c7257e10fc4\"},\"case\":\"default\",\"fullBaseUrl\":\"https:\\/\\/passbolt.local\"},\"title\":\"Your account recovery, shen!\",\"locale\":\"en-UK\"}','{\"Auto-Submitted\":\"auto-generated\",\"Message-ID\":\"<51dbd7ba5444419daa7cb4f0d4f551fc@passbolt.local>\"}',0,0,4,'2024-02-25 12:36:27','2024-02-25 12:36:27','2024-02-25 12:36:27','[]','stream_socket_client(): Unable to connect to tcp://localhost:25 (Cannot assign requested address)'),(11,'shenxiaofan2024@163.com',NULL,NULL,'Welcome to passbolt, shen!','default','AN/user_register_admin','default','','html','{\"body\":{\"user\":{\"id\":\"3fa96e21-518b-41b5-aa72-71850cdd202c\",\"role_id\":\"44c4413a-4213-46f2-8453-29e4741c111d\",\"username\":\"shenxiaofan2024@163.com\",\"active\":false,\"deleted\":false,\"disabled\":null,\"created\":\"2024-02-25T12:44:23+00:00\",\"modified\":\"2024-02-25T12:44:23+00:00\",\"role\":{\"id\":\"44c4413a-4213-46f2-8453-29e4741c111d\",\"name\":\"user\",\"description\":\"Logged in user\",\"created\":\"2012-07-04T13:39:25+00:00\",\"modified\":\"2012-07-04T13:39:25+00:00\"},\"profile\":{\"id\":\"542ab594-3908-43de-8848-1c5c4f8fa1e7\",\"user_id\":\"3fa96e21-518b-41b5-aa72-71850cdd202c\",\"first_name\":\"shen\",\"last_name\":\"xiaofan\",\"created\":\"2024-02-25T12:44:23+00:00\",\"modified\":\"2024-02-25T12:44:23+00:00\",\"avatar\":{\"url\":{\"medium\":\"https:\\/\\/passbolt.local\\/img\\/avatar\\/user_medium.png\",\"small\":\"https:\\/\\/passbolt.local\\/img\\/avatar\\/user.png\"}}},\"locale\":\"en-UK\",\"last_logged_in\":null},\"token\":{\"user_id\":\"3fa96e21-518b-41b5-aa72-71850cdd202c\",\"token\":\"455b685b-0802-4f73-bbd7-5df48bd9bacd\",\"active\":true,\"type\":\"register\",\"data\":null,\"created\":\"2024-02-25T12:44:23+00:00\",\"modified\":\"2024-02-25T12:44:23+00:00\",\"id\":\"30dabafa-a500-420c-9142-53ea327ad281\"},\"admin\":{\"id\":\"509a2bc9-4038-45a8-9eb6-592dd891f7a0\",\"role_id\":\"439341d9-26d5-4ed8-b393-6fa13c674b2d\",\"username\":\"anbulang@163.com\",\"active\":true,\"deleted\":false,\"disabled\":null,\"created\":\"2024-02-18T09:44:57+00:00\",\"modified\":\"2024-02-18T09:48:44+00:00\",\"role\":{\"id\":\"439341d9-26d5-4ed8-b393-6fa13c674b2d\",\"name\":\"admin\",\"description\":\"Organization administrator\",\"created\":\"2012-07-04T13:39:25+00:00\",\"modified\":\"2012-07-04T13:39:25+00:00\"},\"profile\":{\"id\":\"f71aa680-4c7c-4be0-9840-837c6ca660fa\",\"user_id\":\"509a2bc9-4038-45a8-9eb6-592dd891f7a0\",\"first_name\":\"admuser\",\"last_name\":\"admsur\",\"created\":\"2024-02-18T09:44:57+00:00\",\"modified\":\"2024-02-18T09:44:57+00:00\",\"avatar\":{\"url\":{\"medium\":\"https:\\/\\/passbolt.local\\/img\\/avatar\\/user_medium.png\",\"small\":\"https:\\/\\/passbolt.local\\/img\\/avatar\\/user.png\"}}},\"locale\":\"en-UK\",\"last_logged_in\":null},\"fullBaseUrl\":\"https:\\/\\/passbolt.local\"},\"title\":\"Welcome to passbolt, shen!\",\"locale\":\"en-UK\"}','{\"Auto-Submitted\":\"auto-generated\",\"Message-ID\":\"<8296cb057b8a4ce9b6d75bc9344a2a93@passbolt.local>\"}',0,0,4,'2024-02-25 12:44:23','2024-02-25 12:44:23','2024-02-25 12:44:23','[]','stream_socket_client(): Unable to connect to tcp://localhost:25 (Cannot assign requested address)'),(12,'shenxiaofan2024@163.com',NULL,NULL,'Welcome to passbolt, shen!','default','AN/user_register_admin','default','','html','{\"body\":{\"user\":{\"id\":\"3fa96e21-518b-41b5-aa72-71850cdd202c\",\"role_id\":\"44c4413a-4213-46f2-8453-29e4741c111d\",\"username\":\"shenxiaofan2024@163.com\",\"active\":false,\"deleted\":false,\"disabled\":null,\"created\":\"2024-02-25T12:44:23+00:00\",\"modified\":\"2024-02-25T12:44:23+00:00\",\"role\":{\"id\":\"44c4413a-4213-46f2-8453-29e4741c111d\",\"name\":\"user\",\"description\":\"Logged in user\",\"created\":\"2012-07-04T13:39:25+00:00\",\"modified\":\"2012-07-04T13:39:25+00:00\"},\"profile\":{\"id\":\"542ab594-3908-43de-8848-1c5c4f8fa1e7\",\"user_id\":\"3fa96e21-518b-41b5-aa72-71850cdd202c\",\"first_name\":\"shen\",\"last_name\":\"xiaofan\",\"created\":\"2024-02-25T12:44:23+00:00\",\"modified\":\"2024-02-25T12:44:23+00:00\",\"avatar\":{\"url\":{\"medium\":\"https:\\/\\/passbolt.local\\/img\\/avatar\\/user_medium.png\",\"small\":\"https:\\/\\/passbolt.local\\/img\\/avatar\\/user.png\"}}},\"locale\":\"en-UK\",\"last_logged_in\":null},\"token\":{\"user_id\":\"3fa96e21-518b-41b5-aa72-71850cdd202c\",\"token\":\"9f50a255-aab6-4ed2-87a9-6d040a2dfb9a\",\"active\":true,\"type\":\"register\",\"data\":null,\"created\":\"2024-02-25T13:08:59+00:00\",\"modified\":\"2024-02-25T13:08:59+00:00\",\"id\":\"7868ba1c-06ca-4e17-966e-8454407e80d0\"},\"admin\":{\"id\":\"509a2bc9-4038-45a8-9eb6-592dd891f7a0\",\"role_id\":\"439341d9-26d5-4ed8-b393-6fa13c674b2d\",\"username\":\"anbulang@163.com\",\"active\":true,\"deleted\":false,\"disabled\":null,\"created\":\"2024-02-18T09:44:57+00:00\",\"modified\":\"2024-02-18T09:48:44+00:00\",\"role\":{\"id\":\"439341d9-26d5-4ed8-b393-6fa13c674b2d\",\"name\":\"admin\",\"description\":\"Organization administrator\",\"created\":\"2012-07-04T13:39:25+00:00\",\"modified\":\"2012-07-04T13:39:25+00:00\"},\"profile\":{\"id\":\"f71aa680-4c7c-4be0-9840-837c6ca660fa\",\"user_id\":\"509a2bc9-4038-45a8-9eb6-592dd891f7a0\",\"first_name\":\"admuser\",\"last_name\":\"admsur\",\"created\":\"2024-02-18T09:44:57+00:00\",\"modified\":\"2024-02-18T09:44:57+00:00\",\"avatar\":{\"url\":{\"medium\":\"https:\\/\\/passbolt.local\\/img\\/avatar\\/user_medium.png\",\"small\":\"https:\\/\\/passbolt.local\\/img\\/avatar\\/user.png\"}}},\"locale\":\"en-UK\",\"last_logged_in\":null},\"fullBaseUrl\":\"https:\\/\\/passbolt.local\"},\"title\":\"Welcome to passbolt, shen!\",\"locale\":\"en-UK\"}','{\"Auto-Submitted\":\"auto-generated\",\"Message-ID\":\"<ca5e4366ecf1403c8ce312c93a800c36@passbolt.local>\"}',1,0,0,'2024-02-25 13:08:59','2024-02-25 13:08:59','2024-02-25 13:08:59','[]',NULL),(13,'anbulang@163.com',NULL,NULL,'shen just activated their account on passbolt','default','LU/user_setup_complete','default','','html','{\"title\":\"shen just activated their account on passbolt\",\"body\":{\"user\":{\"id\":\"3fa96e21-518b-41b5-aa72-71850cdd202c\",\"role_id\":\"44c4413a-4213-46f2-8453-29e4741c111d\",\"username\":\"shenxiaofan2024@163.com\",\"active\":true,\"deleted\":false,\"disabled\":null,\"created\":\"2024-02-25T12:44:23+00:00\",\"modified\":\"2024-02-25T13:10:32+00:00\",\"profile\":{\"id\":\"542ab594-3908-43de-8848-1c5c4f8fa1e7\",\"user_id\":\"3fa96e21-518b-41b5-aa72-71850cdd202c\",\"first_name\":\"shen\",\"last_name\":\"xiaofan\",\"created\":\"2024-02-25T12:44:23+00:00\",\"modified\":\"2024-02-25T12:44:23+00:00\"},\"role\":{\"id\":\"44c4413a-4213-46f2-8453-29e4741c111d\",\"name\":\"user\",\"description\":\"Logged in user\",\"created\":\"2012-07-04T13:39:25+00:00\",\"modified\":\"2012-07-04T13:39:25+00:00\"},\"locale\":\"en-UK\",\"authentication_tokens\":[{\"id\":\"7868ba1c-06ca-4e17-966e-8454407e80d0\",\"token\":\"9f50a255-aab6-4ed2-87a9-6d040a2dfb9a\",\"user_id\":\"3fa96e21-518b-41b5-aa72-71850cdd202c\",\"active\":false,\"created\":\"2024-02-25T13:08:59+00:00\",\"modified\":\"2024-02-25T13:10:32+00:00\",\"type\":\"register\",\"data\":null}],\"gpgkey\":{\"user_id\":\"3fa96e21-518b-41b5-aa72-71850cdd202c\",\"fingerprint\":\"8F9268332DD4F1E4514D5D78FFC5BC412CE7A3BA\",\"bits\":3072,\"type\":\"RSA\",\"key_id\":\"FFC5BC412CE7A3BA\",\"uid\":\"shen xiaofan <shenxiaofan2024@163.com>\",\"armored_key\":\"-----BEGIN PGP PUBLIC KEY BLOCK-----\\n\\nxsDNBGXbPCsBDACTsrtMZSUDv2VzNuIfXqPYuPcmLzTNP4b06rVPEJIzTl6g\\nddE9z+fV69lzwW4MGY+9+3J3VYxur6k4Kr78O9gCDBTK6jB7bs9s1LhsKgrq\\ndQ3m3wNxS16jhEH4jLGqrkyN1olEyW8WdWC\\/SZxyg7E57buPZ+hV17\\/TnwGl\\nVwrmPZ35MZsiAMELB7O330tsfM03LXN5s3iIKpbW+uNvnWijeLbKsMDyi9RU\\nskSYq3LXdoW1Lfejg07sSg1w1M27Wmk1b8wSPf3oe4MmzcjVJplSZ\\/u08q5y\\nJ1e25QKyVbJ+19Vjf7DUn8ZONPtwh\\/8pWENMCbBPsLLZpEx4oCQWUrMXWUB+\\nlgdSMAA6tDlIj20YESK1OFMgLgDdyxaA6vuft8C5rCOyq47fMduyOnbQ3hNL\\ne5fxUj77BsM8+BOGCLCl56RURq63bw\\/77rDntvFH0GpdMF98Fzte9fjFapbi\\nZTqoeRx1NLqDM2llPm28k9QQEvgMcISq9WK2U\\/crEY\\/Qkd0AEQEAAc0mc2hl\\nbiB4aWFvZmFuIDxzaGVueGlhb2ZhbjIwMjRAMTYzLmNvbT7CwQoEEAEIAB0F\\nAmXbPCsECwkHCAMVCAoEFgACAQIZAQIbAwIeAQAhCRD\\/xbxBLOejuhYhBI+S\\naDMt1PHkUU1deP\\/FvEEs56O6hNsL\\/3AW2d5+Rr9SxGjs6RBUmqBqksT4a3Cg\\nO4aRvJ7bAB0G5aCBUQ1wXeiwwcAKCoW5vt7Cuj1uWKAWI51P5h8IOta9XhnD\\neBy3lP2Is+lcnZSxNsTtK4xb4KXDt8t20dSDp8kUKKxixTaQxpSTFbQbJBLW\\nMtyBOZlVLD2iimNItBwgWfocY1dXHZdBjVlaevd9WVjYdd25sdhmPgyVCtl9\\np5PK70Ofa+6va2fnOQLuADyMZa2+3XcO4tjbmt+x4AcAb9oO8sfUYB77u+PD\\nxfArta2saEL+32i4tfDa8qI3q6J3pSUM9eG5ShQx\\/g1BAnT++sZZQMvErFQi\\npBAgmXLEq66ZSl32pZjL9TlIs6YLBtZew\\/ABazPKiam6jVLKTP2XK\\/usLqTg\\nXRrpNE+de8JxIXhextg0tYQaCnMeTP8k9LPJ7FKIiWlNdySTsYBfNcwiV3ez\\nHBdkFRP2zKabnU145i2SWcktu1pVK91ebKaIKTjTIW1bwEw91bViIhCywfwn\\nTc7AzQRl2zwrAQwAu27QTk\\/\\/AFtSi51odqJ1LFSY7cUL26E\\/cLn4cJnH4K9v\\ngC01h3bITXzEq9CLJZE1XTyXiFMySOde56KW+wVu9W\\/8oPiN29nz74DesU62\\nNt7ONeaZSAyll3MOCTL487bJ6aJPF+a+CqBm15j3222Fdrol\\/fULZsRNdRfw\\nJNyrSdYoJKws\\/bKNpiWdtyrn82blYvd+JaspgpUA+oAjCWtJ+PmSIQGZwlng\\nzXKG9rNsyRbzBjgDryynolr2fzmjQbFSYqwnwBcg8blwfFr9vY5NCh4Pl5qo\\nGb0Um\\/yBA\\/9QpnJLAb15kyIr1a6yotWIVaGXvSnmqz\\/7V6rudGEzDEFLcXco\\nNj50qm3rdVsSUpIf5A4rnzGe3+STbkHoSYhEBvWwxTh\\/gDpZYwqyw2g3oL4N\\nvrbsxAU9yjsYXcMH6\\/XDKfsrQmEtRpDYn6dozW6\\/3XbcWf5DkOhixqCjtwrZ\\niyKIwAJMF2Z9Dv\\/upCtjSMbv5SC3K85AQwN1mP1MdhGC9FkhABEBAAHCwPYE\\nGAEIAAkFAmXbPCsCGwwAIQkQ\\/8W8QSzno7oWIQSPkmgzLdTx5FFNXXj\\/xbxB\\nLOejupdAC\\/sF\\/xRyV9Kv0ca3YVXszQVt3F3QLTWOg411yekCoGzcsAPfxAP4\\nD4kqUCVxNrkqYW1\\/fKMtTklaRzZ5idb6fm4sA1gmFsPimjcgm3GEeVvvyi9g\\ndHgp1NsvXQaRyoc44b+Da0iBmcyJUP6H91QVlkymM+n9qVWYGhiuv+wtRmX5\\ntCEk7L\\/6\\/IV6CjKV+TEUhqBwUok6xgWrkjaEdjib+osmsK9bnpuFKw73hQsd\\n53PQcCb4yE2iB\\/aABqiwhty7AZHcgNzddBSMlf4aV8TbxJGqJPPZQYAFTdm3\\nK2n\\/\\/wsM6qC324Jhi5Afsjlr8Y+z5JxCwciB6fPqI4rBkxC+ULrFdaoqOzd7\\nxMSaVgczBlQDwdtSH77pLgE0l2Mren7q78xEo1uH23na7yOLhRYneIghk8J3\\nevgQVyUvo5DHws2vbT+euTcQ4zlHP80peg2PKeyYqIKxZF9hZthLhLvR7nMW\\n+zhSgilkUkye78jpllkiLAiOrCdC4GnhyML7Co3p1c8=\\n=dAQp\\n-----END PGP PUBLIC KEY BLOCK-----\\n\",\"deleted\":false,\"key_created\":\"2024-02-25T13:10:03+00:00\",\"expires\":null,\"created\":\"2024-02-25T13:10:32+00:00\",\"modified\":\"2024-02-25T13:10:32+00:00\",\"id\":\"c4f73a8e-f633-422a-87d7-05d97d7f49ff\"},\"entities_history\":[{\"id\":\"86136e09-35d5-41c4-9fde-e89a323d9cad\",\"action_log_id\":\"d8363001-d5a3-4af1-9daa-1d66a96848cf\",\"foreign_model\":\"Users\",\"foreign_key\":\"3fa96e21-518b-41b5-aa72-71850cdd202c\",\"crud\":\"c\",\"created\":\"2024-02-25T12:44:23+00:00\",\"action_log\":{\"id\":\"d8363001-d5a3-4af1-9daa-1d66a96848cf\",\"user_id\":\"509a2bc9-4038-45a8-9eb6-592dd891f7a0\",\"action_id\":\"a1a15b91-72f6-5708-8d7f-6940e51d8595\",\"context\":\"POST \\/users.json\",\"status\":1,\"created\":\"2024-02-25T12:44:23+00:00\",\"user\":{\"id\":\"509a2bc9-4038-45a8-9eb6-592dd891f7a0\",\"role_id\":\"439341d9-26d5-4ed8-b393-6fa13c674b2d\",\"username\":\"anbulang@163.com\",\"active\":true,\"deleted\":false,\"disabled\":null,\"created\":\"2024-02-18T09:44:57+00:00\",\"modified\":\"2024-02-18T09:48:44+00:00\",\"profile\":{\"id\":\"f71aa680-4c7c-4be0-9840-837c6ca660fa\",\"user_id\":\"509a2bc9-4038-45a8-9eb6-592dd891f7a0\",\"first_name\":\"admuser\",\"last_name\":\"admsur\",\"created\":\"2024-02-18T09:44:57+00:00\",\"modified\":\"2024-02-18T09:44:57+00:00\"},\"last_logged_in\":null}}}],\"last_logged_in\":null},\"admin\":{\"id\":\"509a2bc9-4038-45a8-9eb6-592dd891f7a0\",\"role_id\":\"439341d9-26d5-4ed8-b393-6fa13c674b2d\",\"username\":\"anbulang@163.com\",\"active\":true,\"deleted\":false,\"disabled\":null,\"created\":\"2024-02-18T09:44:57+00:00\",\"modified\":\"2024-02-18T09:48:44+00:00\",\"locale\":\"en-UK\",\"role\":{\"id\":\"439341d9-26d5-4ed8-b393-6fa13c674b2d\",\"name\":\"admin\",\"description\":\"Organization administrator\",\"created\":\"2012-07-04T13:39:25+00:00\",\"modified\":\"2012-07-04T13:39:25+00:00\"},\"last_logged_in\":null},\"invitedBy\":{\"id\":\"509a2bc9-4038-45a8-9eb6-592dd891f7a0\",\"role_id\":\"439341d9-26d5-4ed8-b393-6fa13c674b2d\",\"username\":\"anbulang@163.com\",\"active\":true,\"deleted\":false,\"disabled\":null,\"created\":\"2024-02-18T09:44:57+00:00\",\"modified\":\"2024-02-18T09:48:44+00:00\",\"profile\":{\"id\":\"f71aa680-4c7c-4be0-9840-837c6ca660fa\",\"user_id\":\"509a2bc9-4038-45a8-9eb6-592dd891f7a0\",\"first_name\":\"admuser\",\"last_name\":\"admsur\",\"created\":\"2024-02-18T09:44:57+00:00\",\"modified\":\"2024-02-18T09:44:57+00:00\"},\"last_logged_in\":null},\"invitedWhen\":\"about a day ago\",\"invitedByYou\":true,\"fullBaseUrl\":\"https:\\/\\/passbolt.local\"},\"locale\":\"en-UK\"}','{\"Auto-Submitted\":\"auto-generated\",\"Message-ID\":\"<0eb49d83135c4596873a34b6ca6d3a28@passbolt.local>\"}',1,0,0,'2024-02-25 13:10:32','2024-02-25 13:10:32','2024-02-25 13:10:32','[]',NULL),(14,'anbulang@163.com',NULL,NULL,'Your account recovery, admuser!','default','AN/user_recover','default','','html','{\"body\":{\"user\":{\"id\":\"509a2bc9-4038-45a8-9eb6-592dd891f7a0\",\"role_id\":\"439341d9-26d5-4ed8-b393-6fa13c674b2d\",\"username\":\"anbulang@163.com\",\"active\":true,\"deleted\":false,\"disabled\":null,\"created\":\"2024-02-18T09:44:57+00:00\",\"modified\":\"2024-02-18T09:48:44+00:00\",\"profile\":{\"id\":\"f71aa680-4c7c-4be0-9840-837c6ca660fa\",\"user_id\":\"509a2bc9-4038-45a8-9eb6-592dd891f7a0\",\"first_name\":\"admuser\",\"last_name\":\"admsur\",\"created\":\"2024-02-18T09:44:57+00:00\",\"modified\":\"2024-02-18T09:44:57+00:00\",\"avatar\":{\"url\":{\"medium\":\"https:\\/\\/passbolt.local\\/img\\/avatar\\/user_medium.png\",\"small\":\"https:\\/\\/passbolt.local\\/img\\/avatar\\/user.png\"}}},\"role\":{\"id\":\"439341d9-26d5-4ed8-b393-6fa13c674b2d\",\"name\":\"admin\",\"description\":\"Organization administrator\",\"created\":\"2012-07-04T13:39:25+00:00\",\"modified\":\"2012-07-04T13:39:25+00:00\"},\"last_logged_in\":null},\"token\":{\"user_id\":\"509a2bc9-4038-45a8-9eb6-592dd891f7a0\",\"token\":\"72ccde60-9ebb-41ed-9be5-19088fa3e2df\",\"active\":true,\"type\":\"recover\",\"data\":null,\"created\":\"2024-02-25T13:11:12+00:00\",\"modified\":\"2024-02-25T13:11:12+00:00\",\"id\":\"ab77a61b-a644-4453-b98b-639150181b38\"},\"case\":\"default\",\"fullBaseUrl\":\"https:\\/\\/passbolt.local\"},\"title\":\"Your account recovery, admuser!\",\"locale\":\"en-UK\"}','{\"Auto-Submitted\":\"auto-generated\",\"Message-ID\":\"<88a3dd86ce43460a91a3a7683aced8f5@passbolt.local>\"}',1,0,0,'2024-02-25 13:11:12','2024-02-25 13:11:12','2024-02-25 13:11:12','[]',NULL),(15,'anbulang@163.com',NULL,NULL,'Your account recovery, admuser!','default','AN/user_recover','default','','html','{\"body\":{\"user\":{\"id\":\"509a2bc9-4038-45a8-9eb6-592dd891f7a0\",\"role_id\":\"439341d9-26d5-4ed8-b393-6fa13c674b2d\",\"username\":\"anbulang@163.com\",\"active\":true,\"deleted\":false,\"disabled\":null,\"created\":\"2024-02-18T09:44:57+00:00\",\"modified\":\"2024-02-18T09:48:44+00:00\",\"profile\":{\"id\":\"f71aa680-4c7c-4be0-9840-837c6ca660fa\",\"user_id\":\"509a2bc9-4038-45a8-9eb6-592dd891f7a0\",\"first_name\":\"admuser\",\"last_name\":\"admsur\",\"created\":\"2024-02-18T09:44:57+00:00\",\"modified\":\"2024-02-18T09:44:57+00:00\",\"avatar\":{\"url\":{\"medium\":\"https:\\/\\/passbolt.local\\/img\\/avatar\\/user_medium.png\",\"small\":\"https:\\/\\/passbolt.local\\/img\\/avatar\\/user.png\"}}},\"role\":{\"id\":\"439341d9-26d5-4ed8-b393-6fa13c674b2d\",\"name\":\"admin\",\"description\":\"Organization administrator\",\"created\":\"2012-07-04T13:39:25+00:00\",\"modified\":\"2012-07-04T13:39:25+00:00\"},\"last_logged_in\":null},\"token\":{\"user_id\":\"509a2bc9-4038-45a8-9eb6-592dd891f7a0\",\"token\":\"3ef55ecd-e86d-4b5a-9c24-d18349820a05\",\"active\":true,\"type\":\"recover\",\"data\":null,\"created\":\"2024-02-25T13:12:10+00:00\",\"modified\":\"2024-02-25T13:12:10+00:00\",\"id\":\"4943809b-26ae-485a-bb92-cb32f88e55ac\"},\"case\":\"default\",\"fullBaseUrl\":\"https:\\/\\/passbolt.local\"},\"title\":\"Your account recovery, admuser!\",\"locale\":\"en-UK\"}','{\"Auto-Submitted\":\"auto-generated\",\"Message-ID\":\"<09f1e9fa45a9416391c29fdca7b137e4@passbolt.local>\"}',1,0,0,'2024-02-25 13:12:10','2024-02-25 13:12:10','2024-02-25 13:12:10','[]',NULL),(16,'anbulang@163.com',NULL,NULL,'You just completed the account recovery process!','default','AN/user_recover_complete','default','','html','{\"body\":{\"user\":{\"id\":\"509a2bc9-4038-45a8-9eb6-592dd891f7a0\",\"role_id\":\"439341d9-26d5-4ed8-b393-6fa13c674b2d\",\"username\":\"anbulang@163.com\",\"active\":true,\"deleted\":false,\"disabled\":null,\"created\":\"2024-02-18T09:44:57+00:00\",\"modified\":\"2024-02-18T09:48:44+00:00\",\"profile\":{\"id\":\"f71aa680-4c7c-4be0-9840-837c6ca660fa\",\"user_id\":\"509a2bc9-4038-45a8-9eb6-592dd891f7a0\",\"first_name\":\"admuser\",\"last_name\":\"admsur\",\"created\":\"2024-02-18T09:44:57+00:00\",\"modified\":\"2024-02-18T09:44:57+00:00\",\"avatar\":{\"url\":{\"medium\":\"https:\\/\\/passbolt.local\\/img\\/avatar\\/user_medium.png\",\"small\":\"https:\\/\\/passbolt.local\\/img\\/avatar\\/user.png\"}}},\"role\":{\"id\":\"439341d9-26d5-4ed8-b393-6fa13c674b2d\",\"name\":\"admin\",\"description\":\"Organization administrator\",\"created\":\"2012-07-04T13:39:25+00:00\",\"modified\":\"2012-07-04T13:39:25+00:00\"},\"locale\":\"en-UK\",\"last_logged_in\":null},\"clientIp\":\"192.168.65.1\",\"userAgent\":\"Mozilla\\/5.0 (Macintosh; Intel Mac OS X 10_15_7) AppleWebKit\\/537.36 (KHTML, like Gecko) Chrome\\/121.0.0.0 Safari\\/537.36\",\"fullBaseUrl\":\"https:\\/\\/passbolt.local\"},\"title\":\"You just completed the account recovery process!\",\"locale\":\"en-UK\"}','{\"Auto-Submitted\":\"auto-generated\",\"Message-ID\":\"<76cbd479e3d943318c832416a05a2f41@passbolt.local>\"}',1,0,0,'2024-02-25 13:13:48','2024-02-25 13:13:48','2024-02-25 13:13:48','[]',NULL),(17,'shenxiaofan2024@163.com',NULL,NULL,'Your account recovery, shen!','default','AN/user_recover','default','','html','{\"body\":{\"user\":{\"id\":\"3fa96e21-518b-41b5-aa72-71850cdd202c\",\"role_id\":\"44c4413a-4213-46f2-8453-29e4741c111d\",\"username\":\"shenxiaofan2024@163.com\",\"active\":true,\"deleted\":false,\"disabled\":null,\"created\":\"2024-02-25T12:44:23+00:00\",\"modified\":\"2024-02-25T13:10:32+00:00\",\"profile\":{\"id\":\"542ab594-3908-43de-8848-1c5c4f8fa1e7\",\"user_id\":\"3fa96e21-518b-41b5-aa72-71850cdd202c\",\"first_name\":\"shen\",\"last_name\":\"xiaofan\",\"created\":\"2024-02-25T12:44:23+00:00\",\"modified\":\"2024-02-25T12:44:23+00:00\",\"avatar\":{\"url\":{\"medium\":\"https:\\/\\/passbolt.local\\/img\\/avatar\\/user_medium.png\",\"small\":\"https:\\/\\/passbolt.local\\/img\\/avatar\\/user.png\"}}},\"role\":{\"id\":\"44c4413a-4213-46f2-8453-29e4741c111d\",\"name\":\"user\",\"description\":\"Logged in user\",\"created\":\"2012-07-04T13:39:25+00:00\",\"modified\":\"2012-07-04T13:39:25+00:00\"},\"last_logged_in\":null},\"token\":{\"user_id\":\"3fa96e21-518b-41b5-aa72-71850cdd202c\",\"token\":\"c77d5abb-f1ad-4453-bee7-99a5808b0065\",\"active\":true,\"type\":\"recover\",\"data\":null,\"created\":\"2024-02-25T13:14:14+00:00\",\"modified\":\"2024-02-25T13:14:14+00:00\",\"id\":\"c45fdb16-5247-4b55-9def-430f6fe17745\"},\"case\":\"default\",\"fullBaseUrl\":\"https:\\/\\/passbolt.local\"},\"title\":\"Your account recovery, shen!\",\"locale\":\"en-UK\"}','{\"Auto-Submitted\":\"auto-generated\",\"Message-ID\":\"<7940676897054901a0b738932469f3b9@passbolt.local>\"}',1,0,0,'2024-02-25 13:14:14','2024-02-25 13:14:14','2024-02-25 13:14:14','[]',NULL),(18,'shenxiaofan2024@163.com',NULL,NULL,'Your account recovery, shen!','default','AN/user_recover','default','','html','{\"body\":{\"user\":{\"id\":\"3fa96e21-518b-41b5-aa72-71850cdd202c\",\"role_id\":\"44c4413a-4213-46f2-8453-29e4741c111d\",\"username\":\"shenxiaofan2024@163.com\",\"active\":true,\"deleted\":false,\"disabled\":null,\"created\":\"2024-02-25T12:44:23+00:00\",\"modified\":\"2024-02-25T13:10:32+00:00\",\"profile\":{\"id\":\"542ab594-3908-43de-8848-1c5c4f8fa1e7\",\"user_id\":\"3fa96e21-518b-41b5-aa72-71850cdd202c\",\"first_name\":\"shen\",\"last_name\":\"xiaofan\",\"created\":\"2024-02-25T12:44:23+00:00\",\"modified\":\"2024-02-25T12:44:23+00:00\",\"avatar\":{\"url\":{\"medium\":\"https:\\/\\/passbolt.local\\/img\\/avatar\\/user_medium.png\",\"small\":\"https:\\/\\/passbolt.local\\/img\\/avatar\\/user.png\"}}},\"role\":{\"id\":\"44c4413a-4213-46f2-8453-29e4741c111d\",\"name\":\"user\",\"description\":\"Logged in user\",\"created\":\"2012-07-04T13:39:25+00:00\",\"modified\":\"2012-07-04T13:39:25+00:00\"},\"last_logged_in\":null},\"token\":{\"user_id\":\"3fa96e21-518b-41b5-aa72-71850cdd202c\",\"token\":\"4eeb1303-20e5-4f0f-9781-863e8448b218\",\"active\":true,\"type\":\"recover\",\"data\":null,\"created\":\"2024-02-25T13:15:06+00:00\",\"modified\":\"2024-02-25T13:15:06+00:00\",\"id\":\"03f94a75-d789-4788-a561-df4def8c1626\"},\"case\":\"default\",\"fullBaseUrl\":\"https:\\/\\/passbolt.local\"},\"title\":\"Your account recovery, shen!\",\"locale\":\"en-UK\"}','{\"Auto-Submitted\":\"auto-generated\",\"Message-ID\":\"<7e1f4b920bc34cd48cd5570736a0753f@passbolt.local>\"}',1,0,0,'2024-02-25 13:15:06','2024-02-25 13:15:06','2024-02-25 13:15:06','[]',NULL),(19,'shenxiaofan2024@163.com',NULL,NULL,'You just completed the account recovery process!','default','AN/user_recover_complete','default','','html','{\"body\":{\"user\":{\"id\":\"3fa96e21-518b-41b5-aa72-71850cdd202c\",\"role_id\":\"44c4413a-4213-46f2-8453-29e4741c111d\",\"username\":\"shenxiaofan2024@163.com\",\"active\":true,\"deleted\":false,\"disabled\":null,\"created\":\"2024-02-25T12:44:23+00:00\",\"modified\":\"2024-02-25T13:10:32+00:00\",\"profile\":{\"id\":\"542ab594-3908-43de-8848-1c5c4f8fa1e7\",\"user_id\":\"3fa96e21-518b-41b5-aa72-71850cdd202c\",\"first_name\":\"shen\",\"last_name\":\"xiaofan\",\"created\":\"2024-02-25T12:44:23+00:00\",\"modified\":\"2024-02-25T12:44:23+00:00\",\"avatar\":{\"url\":{\"medium\":\"https:\\/\\/passbolt.local\\/img\\/avatar\\/user_medium.png\",\"small\":\"https:\\/\\/passbolt.local\\/img\\/avatar\\/user.png\"}}},\"role\":{\"id\":\"44c4413a-4213-46f2-8453-29e4741c111d\",\"name\":\"user\",\"description\":\"Logged in user\",\"created\":\"2012-07-04T13:39:25+00:00\",\"modified\":\"2012-07-04T13:39:25+00:00\"},\"locale\":\"en-UK\",\"last_logged_in\":null},\"clientIp\":\"192.168.65.1\",\"userAgent\":\"Mozilla\\/5.0 (Windows NT 10.0; Win64; x64) AppleWebKit\\/537.36 (KHTML, like Gecko) Chrome\\/122.0.0.0 Safari\\/537.36 Edg\\/122.0.0.0\",\"fullBaseUrl\":\"https:\\/\\/passbolt.local\"},\"title\":\"You just completed the account recovery process!\",\"locale\":\"en-UK\"}','{\"Auto-Submitted\":\"auto-generated\",\"Message-ID\":\"<aaf80e2cf476403e85d3bd3b16014394@passbolt.local>\"}',1,0,0,'2024-02-25 14:06:29','2024-02-25 14:06:29','2024-02-25 14:06:29','[]',NULL),(20,'anbulang@163.com',NULL,NULL,'shen just completed the account recovery process','default','AD/recover_complete','default','','html','{\"body\":{\"admin\":{\"id\":\"509a2bc9-4038-45a8-9eb6-592dd891f7a0\",\"role_id\":\"439341d9-26d5-4ed8-b393-6fa13c674b2d\",\"username\":\"anbulang@163.com\",\"active\":true,\"deleted\":false,\"disabled\":null,\"created\":\"2024-02-18T09:44:57+00:00\",\"modified\":\"2024-02-18T09:48:44+00:00\",\"locale\":\"en-UK\",\"profile\":{\"id\":\"f71aa680-4c7c-4be0-9840-837c6ca660fa\",\"user_id\":\"509a2bc9-4038-45a8-9eb6-592dd891f7a0\",\"first_name\":\"admuser\",\"last_name\":\"admsur\",\"created\":\"2024-02-18T09:44:57+00:00\",\"modified\":\"2024-02-18T09:44:57+00:00\",\"avatar\":{\"url\":{\"medium\":\"https:\\/\\/passbolt.local\\/img\\/avatar\\/user_medium.png\",\"small\":\"https:\\/\\/passbolt.local\\/img\\/avatar\\/user.png\"}}},\"role\":{\"id\":\"439341d9-26d5-4ed8-b393-6fa13c674b2d\",\"name\":\"admin\",\"description\":\"Organization administrator\",\"created\":\"2012-07-04T13:39:25+00:00\",\"modified\":\"2012-07-04T13:39:25+00:00\"},\"last_logged_in\":null},\"user\":{\"id\":\"3fa96e21-518b-41b5-aa72-71850cdd202c\",\"role_id\":\"44c4413a-4213-46f2-8453-29e4741c111d\",\"username\":\"shenxiaofan2024@163.com\",\"active\":true,\"deleted\":false,\"disabled\":null,\"created\":\"2024-02-25T12:44:23+00:00\",\"modified\":\"2024-02-25T13:10:32+00:00\",\"profile\":{\"id\":\"542ab594-3908-43de-8848-1c5c4f8fa1e7\",\"user_id\":\"3fa96e21-518b-41b5-aa72-71850cdd202c\",\"first_name\":\"shen\",\"last_name\":\"xiaofan\",\"created\":\"2024-02-25T12:44:23+00:00\",\"modified\":\"2024-02-25T12:44:23+00:00\",\"avatar\":{\"url\":{\"medium\":\"https:\\/\\/passbolt.local\\/img\\/avatar\\/user_medium.png\",\"small\":\"https:\\/\\/passbolt.local\\/img\\/avatar\\/user.png\"}}},\"role\":{\"id\":\"44c4413a-4213-46f2-8453-29e4741c111d\",\"name\":\"user\",\"description\":\"Logged in user\",\"created\":\"2012-07-04T13:39:25+00:00\",\"modified\":\"2012-07-04T13:39:25+00:00\"},\"locale\":\"en-UK\",\"last_logged_in\":null},\"clientIp\":\"192.168.65.1\",\"userAgent\":\"Mozilla\\/5.0 (Windows NT 10.0; Win64; x64) AppleWebKit\\/537.36 (KHTML, like Gecko) Chrome\\/122.0.0.0 Safari\\/537.36 Edg\\/122.0.0.0\",\"fullBaseUrl\":\"https:\\/\\/passbolt.local\"},\"title\":\"shen just completed the account recovery process\",\"locale\":\"en-UK\"}','{\"Auto-Submitted\":\"auto-generated\",\"Message-ID\":\"<e811e5cfc1cd4bfa903f0489267f79b1@passbolt.local>\"}',1,0,0,'2024-02-25 14:06:29','2024-02-25 14:06:29','2024-02-25 14:06:29','[]',NULL),(21,'shenxiaofan2024@163.com',NULL,NULL,'admuser shared the password http://10.1.10.34:8021','default','LU/resource_share','default','','html','{\"body\":{\"owner\":{\"id\":\"509a2bc9-4038-45a8-9eb6-592dd891f7a0\",\"role_id\":\"439341d9-26d5-4ed8-b393-6fa13c674b2d\",\"username\":\"anbulang@163.com\",\"active\":true,\"deleted\":false,\"disabled\":null,\"created\":\"2024-02-18T09:44:57+00:00\",\"modified\":\"2024-02-18T09:48:44+00:00\",\"role\":{\"id\":\"439341d9-26d5-4ed8-b393-6fa13c674b2d\",\"name\":\"admin\",\"description\":\"Organization administrator\",\"created\":\"2012-07-04T13:39:25+00:00\",\"modified\":\"2012-07-04T13:39:25+00:00\"},\"profile\":{\"id\":\"f71aa680-4c7c-4be0-9840-837c6ca660fa\",\"user_id\":\"509a2bc9-4038-45a8-9eb6-592dd891f7a0\",\"first_name\":\"admuser\",\"last_name\":\"admsur\",\"created\":\"2024-02-18T09:44:57+00:00\",\"modified\":\"2024-02-18T09:44:57+00:00\",\"avatar\":{\"url\":{\"medium\":\"https:\\/\\/passbolt.local\\/img\\/avatar\\/user_medium.png\",\"small\":\"https:\\/\\/passbolt.local\\/img\\/avatar\\/user.png\"}}},\"locale\":\"en-UK\",\"last_logged_in\":null},\"resource\":{\"id\":\"dceda507-db49-4260-9d24-d878cb6f49cf\",\"name\":\"http:\\/\\/10.1.10.34:8021\",\"username\":\"admin\",\"uri\":\"http:\\/\\/10.1.10.34:8021\\/harbor\\/sign-in\",\"description\":\"\",\"deleted\":false,\"expired\":null,\"created\":\"2024-02-25T12:15:51+00:00\",\"modified\":\"2024-02-25T12:15:51+00:00\",\"created_by\":\"509a2bc9-4038-45a8-9eb6-592dd891f7a0\",\"modified_by\":\"509a2bc9-4038-45a8-9eb6-592dd891f7a0\",\"resource_type_id\":\"a28a04cd-6f53-518a-967c-9963bf9cec51\"},\"secret\":\"-----BEGIN PGP MESSAGE-----\\n\\nwcDMA5F+M3SR6c6rAQv+NodDDlhHc7I5Uc\\/Q3yFyAHTE+Uwkigac4vz5Ay24\\nt8Qn3VEi3DYta+3\\/EgZLrPGjcNLuvLfzYA6ZEZ+5jX1Ctp3ThAeBpywPmh7w\\nOxdo78neuRoznHLoC2UV7INZM6b1m+02J\\/PQaTnlB7HQeArw\\/gs2YCRAyM7O\\nHL20YL3SJfUl\\/n5C\\/6W9gFKCphba\\/HSlLOD0yhX+DImAaPJqkXeQnOdq2n9K\\nPe4Maxu5xJPjvrijI5Oxj1EDEXebyOvwgZk9WsX1ranoJdlGOdhcx4Noy4sZ\\n9VpMfniNhOd2XL1qEo7DmRL42TZo7S17VFgJS69\\/+PsSQMgu18118MGJ00c7\\njhcWaz3S9qIoJph26ZVYgtkwbQvT9NAw3fGVOQIjrLP3lOqO\\/nWpDTgPBmpd\\nPTnzJL8uthdobbls7R6wtuOt+PI8N4XDB2Cp3+0s\\/QWxY\\/kg7sNMmHEdJF3L\\nsn6oyxiADmUHO8kWJhPnqck+jpkzy4fO060\\/A2g2Dq2BhsMNkHhW0sFiAeVj\\n1Q2bkJxHbSrE\\/uKdG3RQu5k3FwB\\/v5VxuMrFqqDFPiZilnDd4BvZulLPXnSN\\nxmcBd2kRPXNbNBUI4mmHBg4+skWsW6kLUlsTUIigdsgXwpQmwJZurNXK6HOf\\n2T\\/umwdQQHrv\\/LbGgIl\\/83DypINLvcIoUdYA8sjmU0Stc9OYIkIK3Rtcmhhf\\nbEjPuwewsUNv4BchT57Ta0dlxG5j\\/H2yP7H\\/B3HpIqyYL2Y6kPDJQwmo5ncd\\nvVgpm1I3uhsodvVGjbseo9G43Kz91ytxxj0VEFXht8iMZOTMJLXZYUmKR5US\\n3DM7MWx5737x2TZXBvhb\\/GrQfpz86vpJcOgVYa39G2KlIQCBnE3yNW8AXMxB\\ntw7iEEW\\/biG5ZOVt9D0mzZNwIH0t2md5gAalO9gXu4qnz3GVrUfHDyg7dkrH\\npMGSozAywBxN3QgvHNZHzxsQiP21nKi9LNJpOMYvklrWPFbI0nCGo6ICD94E\\nOmjvRDDDU4q7+13JB+AKt0t0W873aWDwn4S3HRM\\/8oxVBztVCk7L9hiPOmow\\n1fSkUwx4A8EUZK6NTkcyJ9V5jWFsPv1v6VUGLjd77FNk7y+gD+zBTZtyocdC\\nDUFgLJIVisLDtZrX4k9r5k\\/jbgJXmiemBIRI5J+ygoiusoyAgsJPb2xK61Vt\\n634I8BNvSRJhcD9eCGA1ZXbK98BedERNuH0+0GpT7kKpx4R44xO4Hh0M+fWR\\nicKb\\n=Nvb6\\n-----END PGP MESSAGE-----\\n\",\"showUsername\":false,\"showUri\":false,\"showDescription\":false,\"showSecret\":false,\"fullBaseUrl\":\"https:\\/\\/passbolt.local\"},\"title\":\"admuser shared the password http:\\/\\/10.1.10.34:8021\",\"locale\":\"en-UK\"}','{\"Auto-Submitted\":\"auto-generated\",\"Message-ID\":\"<890c69f661bf4191a709be703fc211c3@passbolt.local>\"}',1,0,0,'2024-02-25 14:25:12','2024-02-25 14:25:12','2024-02-25 14:25:12','[]',NULL),(22,'shenxiaofan2024@163.com',NULL,NULL,'admuser shared the password http://10.128.20.110:8080','default','LU/resource_share','default','','html','{\"body\":{\"owner\":{\"id\":\"509a2bc9-4038-45a8-9eb6-592dd891f7a0\",\"role_id\":\"439341d9-26d5-4ed8-b393-6fa13c674b2d\",\"username\":\"anbulang@163.com\",\"active\":true,\"deleted\":false,\"disabled\":null,\"created\":\"2024-02-18T09:44:57+00:00\",\"modified\":\"2024-02-18T09:48:44+00:00\",\"role\":{\"id\":\"439341d9-26d5-4ed8-b393-6fa13c674b2d\",\"name\":\"admin\",\"description\":\"Organization administrator\",\"created\":\"2012-07-04T13:39:25+00:00\",\"modified\":\"2012-07-04T13:39:25+00:00\"},\"profile\":{\"id\":\"f71aa680-4c7c-4be0-9840-837c6ca660fa\",\"user_id\":\"509a2bc9-4038-45a8-9eb6-592dd891f7a0\",\"first_name\":\"admuser\",\"last_name\":\"admsur\",\"created\":\"2024-02-18T09:44:57+00:00\",\"modified\":\"2024-02-18T09:44:57+00:00\",\"avatar\":{\"url\":{\"medium\":\"https:\\/\\/passbolt.local\\/img\\/avatar\\/user_medium.png\",\"small\":\"https:\\/\\/passbolt.local\\/img\\/avatar\\/user.png\"}}},\"locale\":\"en-UK\",\"last_logged_in\":null},\"resource\":{\"id\":\"6a6b70c6-53e4-41c0-a767-6a68952b1d87\",\"name\":\"http:\\/\\/10.128.20.110:8080\",\"username\":\"ydtest-shand-2\",\"uri\":\"http:\\/\\/10.128.20.110:8080\\/artifactory\\/webapp\\/\",\"description\":\"\",\"deleted\":false,\"expired\":null,\"created\":\"2024-02-25T12:15:51+00:00\",\"modified\":\"2024-02-25T12:15:51+00:00\",\"created_by\":\"509a2bc9-4038-45a8-9eb6-592dd891f7a0\",\"modified_by\":\"509a2bc9-4038-45a8-9eb6-592dd891f7a0\",\"resource_type_id\":\"a28a04cd-6f53-518a-967c-9963bf9cec51\"},\"secret\":\"-----BEGIN PGP MESSAGE-----\\n\\nwcDMA5F+M3SR6c6rAQv\\/Uc+Ttcv8vSvTbVpeIp8hrWJAwJ9PVPX6NMzIqmLb\\nawoKstYAUZCnaiR7qTu8bzxbo7y2574GWNQBo9GiSVXdrokFEK5xlwvuh0pw\\nQdKI7sNy4KpwoGw+UQQNQH0I4An7Jzsgwy26+1uJPy+pb8pxXM2cx3NmbKT0\\n0qPOMXts1wEI2QeV4UxpGzFDL\\/S0JM\\/7iE9ebqGG2ZWAIJ8++dwNR8Cxn7DS\\n0+ol7nehPzfqxXNSgy+M+l87dFVe003QNDjd5QmNwDBmw266bTjVDLcHGl+G\\nCTrm54CtV3jn5MWlZC39pQy4EVNpnrgCynuSUmR8a5dUIscjd53PHLYoi23L\\nFzQdc5Q\\/dIDIwTUwo0oFwRjVTOwgt4UvxL8fq+MFXHWela3n42ZNvI1FazE3\\n2gdkCgeyHgS\\/0nbv4vnZGcE2sMX6mYec8VLc5MtJ9CR2bAQsjATRq6bxQZsl\\nMeIbECSfIEjhWP5Zf4FNR9VGx4CJ0O9Nlrj6IPYvq860jKDYAIqF0sFkAYmr\\nBGXtyyuzSjmsmaxRgNfV0XvcrWNqGi1+NpYt\\/z3tewqVbecrETpdb7HgsA58\\nREchGE5z5G+voFF8mOZiiM7vkib5bFEAwsj\\/luIXZ6vr3qwIgu9tfWBJZuZB\\n4dpaA\\/UwtC9DVypUAlUF2m9GCXeBZ8ixjuk49SN6W1N+9vsuX2IpfQFApBfr\\n8p3+plLR9OkX07Hq6gd86SbGSX\\/IVKTkY+M4nGbZ9AiwDAZp83cQGHuZk2Y+\\nYRUv70nBAtTVgR76TZWT2h3vzzuUm6k+QncW8q5pS7QgCAN7diT\\/oVEbz+V8\\nWxAtaqQb+8kR3Hcxg\\/uu5LHnD3DO6R1KK+cg+3zYEBv1iI6hijjkeIkZpDuM\\nDK7P8nHCn0fyTS50zFv2Hu2KedAD56HC8A16OTKzvxCAdw376d1RFd30uR4\\/\\nth+wUhPRNnm7FueV0KpcBvDLXp7SZ3ZaT+gd6ipKLa0c1aL\\/4oQxgrV9aPGt\\nWFDgDhOz2oZVxeKRN\\/6Nre\\/ns4ghPVAusH4wDbO86vDO5zaKb5AxZxmwDlxt\\ny7lM\\/J0RUCQNIxHSqlnZPsxtVQqM7IERrCyNSv\\/U5335lHl0N5VNuogHpMcU\\nij5NiananL3mwN+HBjc9MYIh\\/uPgL2Z8Y87U6twtmJ7X2k4d5ayxbEfBTkGj\\nG4xFDzi2XB7pQSDNfJMuykASmxeQjN8f\\/hhlO3ZtO5fBG9ItvS8I5AgLrq4p\\nTEkgpk0=\\n=mSwa\\n-----END PGP MESSAGE-----\\n\",\"showUsername\":false,\"showUri\":false,\"showDescription\":false,\"showSecret\":false,\"fullBaseUrl\":\"https:\\/\\/passbolt.local\"},\"title\":\"admuser shared the password http:\\/\\/10.128.20.110:8080\",\"locale\":\"en-UK\"}','{\"Auto-Submitted\":\"auto-generated\",\"Message-ID\":\"<3aa084b1b07f468390a6f6ec0533d370@passbolt.local>\"}',1,0,0,'2024-02-25 14:25:12','2024-02-25 14:25:12','2024-02-25 14:25:12','[]',NULL),(23,'shenxiaofan2024@163.com',NULL,NULL,'admuser shared the password mix-ceph-dashboard','default','LU/resource_share','default','','html','{\"body\":{\"owner\":{\"id\":\"509a2bc9-4038-45a8-9eb6-592dd891f7a0\",\"role_id\":\"439341d9-26d5-4ed8-b393-6fa13c674b2d\",\"username\":\"anbulang@163.com\",\"active\":true,\"deleted\":false,\"disabled\":null,\"created\":\"2024-02-18T09:44:57+00:00\",\"modified\":\"2024-02-18T09:48:44+00:00\",\"role\":{\"id\":\"439341d9-26d5-4ed8-b393-6fa13c674b2d\",\"name\":\"admin\",\"description\":\"Organization administrator\",\"created\":\"2012-07-04T13:39:25+00:00\",\"modified\":\"2012-07-04T13:39:25+00:00\"},\"profile\":{\"id\":\"f71aa680-4c7c-4be0-9840-837c6ca660fa\",\"user_id\":\"509a2bc9-4038-45a8-9eb6-592dd891f7a0\",\"first_name\":\"admuser\",\"last_name\":\"admsur\",\"created\":\"2024-02-18T09:44:57+00:00\",\"modified\":\"2024-02-18T09:44:57+00:00\",\"avatar\":{\"url\":{\"medium\":\"https:\\/\\/passbolt.local\\/img\\/avatar\\/user_medium.png\",\"small\":\"https:\\/\\/passbolt.local\\/img\\/avatar\\/user.png\"}}},\"locale\":\"en-UK\",\"last_logged_in\":null},\"resource\":{\"id\":\"44663664-70a9-4c3e-be23-c6da509ab377\",\"name\":\"mix-ceph-dashboard\",\"username\":\"admin\",\"uri\":\"https:\\/\\/137.0.222.46:8443\\/#\\/login\",\"description\":null,\"deleted\":false,\"expired\":null,\"created\":\"2024-02-20T02:59:24+00:00\",\"modified\":\"2024-02-20T02:59:24+00:00\",\"created_by\":\"509a2bc9-4038-45a8-9eb6-592dd891f7a0\",\"modified_by\":\"509a2bc9-4038-45a8-9eb6-592dd891f7a0\",\"resource_type_id\":\"a28a04cd-6f53-518a-967c-9963bf9cec51\"},\"secret\":\"-----BEGIN PGP MESSAGE-----\\n\\nwcDMA5F+M3SR6c6rAQv+ODqZ+Ip8IguYlju2peD9ZrNFVF68I9NWo0dDsFdx\\n16IAc6okSKm\\/\\/p4q2XoJ9Hcx3xV1o4AHCNO5wNhRE0BxQmKg\\/LvEtWVFJHl4\\nGv\\/g1q2AMnhnykM1Ghwe2wC+1v4Z\\/Qj7bvUbT1QH+47h58mnlyVyb+ot2wuW\\ntLxuuggOHlaIA6wjHMoNHF37dMz4AU6l7JNZp3yjjFuHEwYj4G2gj15qeHUd\\nOVGIdy2zabEnoI2Yfkso60dUu+G+8ilSoVHSe1JozWAxm9m2QedK6ytq1J4l\\n9O2ysQuZ3OHsi4aMa0KXGeMOqUkMTdHGKuUJZ+nwo3Hc3V92xzH67vj2ZfGg\\naKA9OMkvi8SFjZmSTlDwVzNco3nH7bSflwjx55mbrwK9v5Iq0e6XbVOr5Pie\\nTkIWP6+nzhyubP0FqIpCR7j9FTc1ipaYx63E6u5Zap9AKj\\/LkOlfuKa4zvF\\/\\ntA1boqBdYu96xVCVWLS4yHddlremXQrG6\\/mqO2R9JWFSTtEBHsoa0sGDAXlw\\nQP05gRyhaDfSdL25Jd+3GzUaXzukcQF8Top5ZRXiji5ULiR1\\/iW7zKk6x11E\\nIh2CPKQwMKUNpT0EKw+ilCXbCIXwI9JVGX2bWkK3ZN8SLMCSB2j\\/kEd6f12o\\nnp5IDYR+46YKo5RsrUnvEaqXWdacQsQ+bcVasAr1zQF8TBDnn9Iup9gbJ97a\\nv9xx2tKAyfH3QPCTTYbeSWbkOSrh2XSg\\/lGukjHN3A9Jaf8qq49V+MGLehLD\\nEaieBaVROCe0kNwFllpQpFi7wc8logzDw1cNB3VbK4WBW+Sq5x8By09qZAEW\\nw7PKm1iP\\/oP1OeZLJZt+gnqe++LfQjcR3PUryVuuzJ+3wy2yKaUt1xQVVeur\\nfqsrdIm3niHnkCiopW56Kyjwb3ObJUx2308i96JOd2a9r2pywSSePTiErQti\\nNminikraVJiYBVuLMGUIVZzAeDrb7PI7S5WLOJdF18GeQkPvM9Dku9qwb9\\/H\\nD+cEtTlUR4BIu6Gor+WO1AYjQcEZwWiRPLfCCgcDn7YrfcnWVO\\/4M+Nvp\\/c3\\nitaqpPv5cB3riy2nbDCJrMMAB8NObDYmUU3kDwwBnysF8HZuek9CytfEsj5Z\\nux0EhnvQmGR+qrC3zHgB06zvaVHpdq7iEl\\/njIwEjoBPD7n+snriTS8QP9Fi\\n+\\/sTPJXLNsO6Kb\\/91d2JzCDOCjLkwEYcmeI3\\/710THJUxkGV0um+HglFBC3V\\nXC5nXK9TCRrym4r2V\\/Ws3R63SdAEEIl+l8VJqwSnn0XjOFd0\\n=0tzp\\n-----END PGP MESSAGE-----\\n\",\"showUsername\":false,\"showUri\":false,\"showDescription\":false,\"showSecret\":false,\"fullBaseUrl\":\"https:\\/\\/passbolt.local\"},\"title\":\"admuser shared the password mix-ceph-dashboard\",\"locale\":\"en-UK\"}','{\"Auto-Submitted\":\"auto-generated\",\"Message-ID\":\"<e89313daed88428993b22be1eb4cbac3@passbolt.local>\"}',1,0,0,'2024-02-25 14:25:12','2024-02-25 14:25:12','2024-02-25 14:25:12','[]',NULL),(24,'shenxiaofan2024@163.com',NULL,NULL,'admuser added you to the group дә‘з»ҙжҠӨ-PaaS','default','LU/group_user_add','default','','html','{\"body\":{\"isAdmin\":false,\"admin\":{\"id\":\"509a2bc9-4038-45a8-9eb6-592dd891f7a0\",\"role_id\":\"439341d9-26d5-4ed8-b393-6fa13c674b2d\",\"username\":\"anbulang@163.com\",\"active\":true,\"deleted\":false,\"disabled\":null,\"created\":\"2024-02-18T09:44:57+00:00\",\"modified\":\"2024-02-18T09:48:44+00:00\",\"role\":{\"id\":\"439341d9-26d5-4ed8-b393-6fa13c674b2d\",\"name\":\"admin\",\"description\":\"Organization administrator\",\"created\":\"2012-07-04T13:39:25+00:00\",\"modified\":\"2012-07-04T13:39:25+00:00\"},\"profile\":{\"id\":\"f71aa680-4c7c-4be0-9840-837c6ca660fa\",\"user_id\":\"509a2bc9-4038-45a8-9eb6-592dd891f7a0\",\"first_name\":\"admuser\",\"last_name\":\"admsur\",\"created\":\"2024-02-18T09:44:57+00:00\",\"modified\":\"2024-02-18T09:44:57+00:00\",\"avatar\":{\"url\":{\"medium\":\"https:\\/\\/passbolt.local\\/img\\/avatar\\/user_medium.png\",\"small\":\"https:\\/\\/passbolt.local\\/img\\/avatar\\/user.png\"}}},\"locale\":\"en-UK\",\"last_logged_in\":null},\"group\":{\"id\":\"696127bd-8252-4d38-b5f3-5a9c8efe97fa\",\"name\":\"\\u4e91\\u7ef4\\u62a4-PaaS\",\"deleted\":false,\"created\":\"2024-02-25T12:19:51+00:00\",\"modified\":\"2024-02-25T12:19:51+00:00\",\"created_by\":\"509a2bc9-4038-45a8-9eb6-592dd891f7a0\",\"modified_by\":\"509a2bc9-4038-45a8-9eb6-592dd891f7a0\"},\"fullBaseUrl\":\"https:\\/\\/passbolt.local\"},\"title\":\"admuser added you to the group \\u4e91\\u7ef4\\u62a4-PaaS\",\"locale\":\"en-UK\"}','{\"Auto-Submitted\":\"auto-generated\",\"Message-ID\":\"<78dcebd9bad34ad3b36927f4a68b7cc4@passbolt.local>\"}',1,0,0,'2024-02-25 14:25:56','2024-02-25 14:25:56','2024-02-25 14:25:56','[]',NULL),(25,'anbulang@163.com',NULL,NULL,'Your account recovery, admuser!','default','AN/user_recover','default','','html','{\"body\":{\"user\":{\"id\":\"509a2bc9-4038-45a8-9eb6-592dd891f7a0\",\"role_id\":\"439341d9-26d5-4ed8-b393-6fa13c674b2d\",\"username\":\"anbulang@163.com\",\"active\":true,\"deleted\":false,\"disabled\":null,\"created\":\"2024-02-18T09:44:57+00:00\",\"modified\":\"2024-02-18T09:48:44+00:00\",\"profile\":{\"id\":\"f71aa680-4c7c-4be0-9840-837c6ca660fa\",\"user_id\":\"509a2bc9-4038-45a8-9eb6-592dd891f7a0\",\"first_name\":\"admuser\",\"last_name\":\"admsur\",\"created\":\"2024-02-18T09:44:57+00:00\",\"modified\":\"2024-02-18T09:44:57+00:00\",\"avatar\":{\"url\":{\"medium\":\"https:\\/\\/passbolt.local\\/img\\/avatar\\/user_medium.png\",\"small\":\"https:\\/\\/passbolt.local\\/img\\/avatar\\/user.png\"}}},\"role\":{\"id\":\"439341d9-26d5-4ed8-b393-6fa13c674b2d\",\"name\":\"admin\",\"description\":\"Organization administrator\",\"created\":\"2012-07-04T13:39:25+00:00\",\"modified\":\"2012-07-04T13:39:25+00:00\"},\"last_logged_in\":null},\"token\":{\"user_id\":\"509a2bc9-4038-45a8-9eb6-592dd891f7a0\",\"token\":\"3515c1d5-93ab-4534-95fb-fe0bbce2dde4\",\"active\":true,\"type\":\"recover\",\"data\":null,\"created\":\"2024-02-26T20:15:33+00:00\",\"modified\":\"2024-02-26T20:15:33+00:00\",\"id\":\"2892295a-cf1e-4d14-a36e-6dbc72462a94\"},\"case\":\"default\",\"fullBaseUrl\":\"https:\\/\\/passbolt.local\"},\"title\":\"Your account recovery, admuser!\",\"locale\":\"en-UK\"}','{\"Auto-Submitted\":\"auto-generated\",\"Message-ID\":\"<c1dbda92f7e44e31abceb4055b19d203@passbolt.local>\"}',1,0,0,'2024-02-26 20:15:33','2024-02-26 20:15:33','2024-02-26 20:15:33','[]',NULL),(26,'anbulang@163.com',NULL,NULL,'Your account recovery, admuser!','default','AN/user_recover','default','','html','{\"body\":{\"user\":{\"id\":\"509a2bc9-4038-45a8-9eb6-592dd891f7a0\",\"role_id\":\"439341d9-26d5-4ed8-b393-6fa13c674b2d\",\"username\":\"anbulang@163.com\",\"active\":true,\"deleted\":false,\"disabled\":null,\"created\":\"2024-02-18T09:44:57+00:00\",\"modified\":\"2024-02-18T09:48:44+00:00\",\"profile\":{\"id\":\"f71aa680-4c7c-4be0-9840-837c6ca660fa\",\"user_id\":\"509a2bc9-4038-45a8-9eb6-592dd891f7a0\",\"first_name\":\"admuser\",\"last_name\":\"admsur\",\"created\":\"2024-02-18T09:44:57+00:00\",\"modified\":\"2024-02-18T09:44:57+00:00\",\"avatar\":{\"url\":{\"medium\":\"https:\\/\\/passbolt.local\\/img\\/avatar\\/user_medium.png\",\"small\":\"https:\\/\\/passbolt.local\\/img\\/avatar\\/user.png\"}}},\"role\":{\"id\":\"439341d9-26d5-4ed8-b393-6fa13c674b2d\",\"name\":\"admin\",\"description\":\"Organization administrator\",\"created\":\"2012-07-04T13:39:25+00:00\",\"modified\":\"2012-07-04T13:39:25+00:00\"},\"last_logged_in\":null},\"token\":{\"user_id\":\"509a2bc9-4038-45a8-9eb6-592dd891f7a0\",\"token\":\"084fb882-b5f6-4bc0-bba0-5426d9a62fdf\",\"active\":true,\"type\":\"recover\",\"data\":null,\"created\":\"2024-02-26T20:15:45+00:00\",\"modified\":\"2024-02-26T20:15:45+00:00\",\"id\":\"df989c65-ee4b-4820-9505-d0c4f3b68091\"},\"case\":\"default\",\"fullBaseUrl\":\"https:\\/\\/passbolt.local\"},\"title\":\"Your account recovery, admuser!\",\"locale\":\"en-UK\"}','{\"Auto-Submitted\":\"auto-generated\",\"Message-ID\":\"<34be44d61c9343e4a3fa2567da167cdc@passbolt.local>\"}',1,0,0,'2024-02-26 20:15:45','2024-02-26 20:15:45','2024-02-26 20:15:45','[]',NULL),(27,'anbulang@163.com',NULL,NULL,'You just completed the account recovery process!','default','AN/user_recover_complete','default','','html','{\"body\":{\"user\":{\"id\":\"509a2bc9-4038-45a8-9eb6-592dd891f7a0\",\"role_id\":\"439341d9-26d5-4ed8-b393-6fa13c674b2d\",\"username\":\"anbulang@163.com\",\"active\":true,\"deleted\":false,\"disabled\":null,\"created\":\"2024-02-18T09:44:57+00:00\",\"modified\":\"2024-02-18T09:48:44+00:00\",\"profile\":{\"id\":\"f71aa680-4c7c-4be0-9840-837c6ca660fa\",\"user_id\":\"509a2bc9-4038-45a8-9eb6-592dd891f7a0\",\"first_name\":\"admuser\",\"last_name\":\"admsur\",\"created\":\"2024-02-18T09:44:57+00:00\",\"modified\":\"2024-02-18T09:44:57+00:00\",\"avatar\":{\"url\":{\"medium\":\"https:\\/\\/passbolt.local\\/img\\/avatar\\/user_medium.png\",\"small\":\"https:\\/\\/passbolt.local\\/img\\/avatar\\/user.png\"}}},\"role\":{\"id\":\"439341d9-26d5-4ed8-b393-6fa13c674b2d\",\"name\":\"admin\",\"description\":\"Organization administrator\",\"created\":\"2012-07-04T13:39:25+00:00\",\"modified\":\"2012-07-04T13:39:25+00:00\"},\"locale\":\"en-UK\",\"last_logged_in\":null},\"clientIp\":\"192.168.65.1\",\"userAgent\":\"Mozilla\\/5.0 (Macintosh; Intel Mac OS X 10_15_7) AppleWebKit\\/537.36 (KHTML, like Gecko) Chrome\\/121.0.0.0 Safari\\/537.36\",\"fullBaseUrl\":\"https:\\/\\/passbolt.local\"},\"title\":\"You just completed the account recovery process!\",\"locale\":\"en-UK\"}','{\"Auto-Submitted\":\"auto-generated\",\"Message-ID\":\"<806fcdeb60264927803745b58a327741@passbolt.local>\"}',1,0,0,'2024-02-26 20:17:53','2024-02-26 20:17:53','2024-02-26 20:17:53','[]',NULL),(28,'anbulang@163.com',NULL,NULL,'Your account recovery, admuser!','default','AN/user_recover','default','','html','{\"body\":{\"user\":{\"id\":\"509a2bc9-4038-45a8-9eb6-592dd891f7a0\",\"role_id\":\"439341d9-26d5-4ed8-b393-6fa13c674b2d\",\"username\":\"anbulang@163.com\",\"active\":true,\"deleted\":false,\"disabled\":null,\"created\":\"2024-02-18T09:44:57+00:00\",\"modified\":\"2024-02-26T20:23:45+00:00\",\"profile\":{\"id\":\"f71aa680-4c7c-4be0-9840-837c6ca660fa\",\"user_id\":\"509a2bc9-4038-45a8-9eb6-592dd891f7a0\",\"first_name\":\"admuser\",\"last_name\":\"admsur\",\"created\":\"2024-02-18T09:44:57+00:00\",\"modified\":\"2024-02-26T20:23:45+00:00\",\"avatar\":{\"id\":\"49a9e95d-c7d4-4d5c-8444-a3b1713d5414\",\"profile_id\":\"f71aa680-4c7c-4be0-9840-837c6ca660fa\",\"created\":\"2024-02-26T20:23:45+00:00\",\"modified\":\"2024-02-26T20:23:45+00:00\",\"url\":{\"medium\":\"https:\\/\\/passbolt.local\\/avatars\\/view\\/49a9e95d-c7d4-4d5c-8444-a3b1713d5414\\/medium.jpg\",\"small\":\"https:\\/\\/passbolt.local\\/avatars\\/view\\/49a9e95d-c7d4-4d5c-8444-a3b1713d5414\\/small.jpg\"}}},\"role\":{\"id\":\"439341d9-26d5-4ed8-b393-6fa13c674b2d\",\"name\":\"admin\",\"description\":\"Organization administrator\",\"created\":\"2012-07-04T13:39:25+00:00\",\"modified\":\"2012-07-04T13:39:25+00:00\"},\"last_logged_in\":null},\"token\":{\"user_id\":\"509a2bc9-4038-45a8-9eb6-592dd891f7a0\",\"token\":\"127474ef-09fa-4dc9-aa47-ab50d422febd\",\"active\":true,\"type\":\"recover\",\"data\":null,\"created\":\"2025-07-01T05:48:13+00:00\",\"modified\":\"2025-07-01T05:48:13+00:00\",\"id\":\"6db05cf5-25c3-4ba1-a96c-7b729baec508\"},\"case\":\"lost-passphrase\",\"fullBaseUrl\":\"https:\\/\\/passbolt.local\"},\"title\":\"Your account recovery, admuser!\",\"fullBaseUrl\":\"https:\\/\\/passbolt.local\",\"locale\":\"en-UK\"}','{\"Auto-Submitted\":\"auto-generated\",\"Message-ID\":\"<17dda20c569542a4a3db9bf504e934a7@passbolt.local>\"}',1,0,0,'2025-07-01 05:48:13','2025-07-01 05:48:13','2025-07-01 05:48:13','[]',NULL);
/*!40000 ALTER TABLE `email_queue` ENABLE KEYS */;

--
-- Table structure for table `entities_history`
--

DROP TABLE IF EXISTS `entities_history`;
/*!40101 SET @saved_cs_client     = @@character_set_client */;
/*!50503 SET character_set_client = utf8mb4 */;
CREATE TABLE `entities_history` (
  `id` char(36) CHARACTER SET ascii COLLATE ascii_general_ci NOT NULL,
  `action_log_id` char(36) CHARACTER SET ascii COLLATE ascii_general_ci NOT NULL,
  `foreign_model` varchar(36) CHARACTER SET ascii COLLATE ascii_general_ci NOT NULL,
  `foreign_key` char(36) CHARACTER SET ascii COLLATE ascii_general_ci NOT NULL,
  `crud` char(1) CHARACTER SET ascii COLLATE ascii_general_ci NOT NULL,
  `created` datetime NOT NULL,
  PRIMARY KEY (`id`),
  KEY `id` (`id`),
  KEY `action_log_id` (`action_log_id`,`foreign_model`,`foreign_key`,`crud`),
  KEY `foreign_key` (`foreign_key`)
) ENGINE=InnoDB DEFAULT CHARSET=utf8mb4 COLLATE=utf8mb4_unicode_ci;
/*!40101 SET character_set_client = @saved_cs_client */;

--
-- Dumping data for table `entities_history`
--

/*!40000 ALTER TABLE `entities_history` DISABLE KEYS */;
INSERT INTO `entities_history` VALUES ('0567aae7-0ee9-47bc-8159-6443159f9adc','e4852ee0-120d-4945-9e76-118a3978730a','SecretAccesses','c21f76df-1a85-4671-8cbd-7c69c6589f14','c','2024-02-25 12:16:39'),('0899307d-1b7a-4e99-8ccf-138931ea4e91','42380f29-6797-4182-8252-ea4a38695b47','PermissionsHistory','3f1d5cc8-0830-41ad-a8ea-1b72fdb72292','c','2024-02-25 14:25:12'),('0b73e9c9-436f-4092-9f3e-354895c11b80','776a6a50-bb64-4f18-9db4-bfc86b15b828','FoldersHistory','69fc4f7a-ba58-4497-99f6-08d9e76769a6','c','2024-02-20 01:42:39'),('17c5eb5b-99f3-48a0-92e6-fd3c309dac44','362d6da1-0fa3-4721-9673-510a073f16c4','Users','45bb24d6-57e4-413d-9eb5-8e07a12f015c','c','2024-02-24 04:06:12'),('1998a6d8-80d1-4e04-b4f9-6ddaa8da7875','98c9e4d3-020f-4fd4-a950-da1bec8b3391','SecretAccesses','c5659748-6d30-43d4-87bd-eefa11872d26','c','2024-02-25 12:18:34'),('1a5015a8-3e42-44a7-8143-829505f2e797','3a24fa27-3513-40ca-918e-07e60fbe1ea4','SecretAccesses','270b1010-273d-4886-a822-0a19013ced19','c','2024-02-25 14:24:56'),('20d36491-3770-4728-bb63-926d48c066c0','bd6d0587-1792-4d75-9ca7-f8e01b18aaf1','Resources','44663664-70a9-4c3e-be23-c6da509ab377','c','2024-02-20 02:59:24'),('22471a91-0737-424b-9c41-f3cbe37ad902','cff9339b-7fac-4305-815d-64e7ce34be80','FoldersHistory','17b1e395-586c-402d-82db-316332b25c75','c','2024-02-20 01:19:36'),('22696c86-539d-499b-a689-60f2c2f31147','3afeedec-ee99-42cb-a77e-bf7c37c26a58','PermissionsHistory','714762df-5e83-4b6a-ae00-9b4a68c2aaf6','c','2024-02-25 14:25:12'),('29087500-626d-4bfb-bc47-c2a37cfda368','9f6284c8-4f77-4ae0-8a7e-301031c62185','FoldersHistory','98ddfab5-401c-4810-bd97-20c3bb30e2f0','c','2024-02-20 01:42:25'),('29ad7438-be64-4b33-9303-1eb3f6005194','0323de94-c92b-42fc-9018-6cad8596c75c','FoldersHistory','57686444-c506-4865-b46c-db9ba8541747','c','2024-02-25 12:15:51'),('2a71d8d7-5928-4edc-acb7-1d4fcb5f2d2c','6eb8dc3b-6729-43ae-9da0-e78b8191e032','SecretAccesses','f60e048a-9a07-4182-95c6-62bc6e87b994','c','2024-02-25 12:16:54'),('2b805894-7c0f-4aab-a2e3-240c36cb89b4','b93cda93-76c4-4d4f-9fd8-ee92f45cc3ba','SecretAccesses','697a0bc1-412e-49de-8ab8-d65ca1f05585','c','2024-02-26 20:30:08'),('35d71dfc-b2b7-46f4-b578-5f974285a572','140244e8-5823-4c88-8825-895092a9b014','FoldersRelationsHistory','3c7a38b6-ec30-4037-be8b-a5735090c053','c','2024-02-20 01:43:14'),('3b321aa4-1173-4cd9-aa9d-f76e77af0fb0','ef56aecd-e9e4-437e-949c-a60bd437b6ec','Users','b8ecdc71-18b4-4f51-97ff-01070a5a74fa','u','2024-02-25 12:20:21'),('3c6d7adc-957a-44ba-bd4d-3308e6a56858','98c9e4d3-020f-4fd4-a950-da1bec8b3391','SecretAccesses','dbc132e1-8940-4021-ba26-4cbab304a09b','c','2024-02-25 12:18:34'),('3ddcc133-a48b-4637-a8d5-34807c59fbe0','647a9132-6e4f-4607-a69a-0f95d51b9441','SecretAccesses','072cc561-f782-4d64-820c-f7a6d2a6b34a','c','2024-02-26 20:29:57'),('413f3a95-95cb-4173-9dcb-9e80e8594df0','370177e1-5fe1-43d4-b57b-79d3f2d68114','SecretAccesses','cf43f0db-df2d-463e-b556-0612388cc693','c','2024-02-26 20:39:06'),('438d7233-d7ca-403a-be90-76f09e105bb2','0323de94-c92b-42fc-9018-6cad8596c75c','FoldersRelationsHistory','1582f844-7d52-4843-857f-6f5d1bcc5937','c','2024-02-25 12:15:51'),('449112cc-be98-48e8-a80a-4bac11dc3b55','4157b5ae-a326-423d-8c76-6288f9d84b32','Resources','6a6b70c6-53e4-41c0-a767-6a68952b1d87','c','2024-02-25 12:15:51'),('579cb0e8-4b39-48dd-aa22-fd288a84938a','3afeedec-ee99-42cb-a77e-bf7c37c26a58','SecretsHistory','a1fc7dc9-44a9-48a5-b197-cac48f7f0915','c','2024-02-25 14:25:12'),('5b9412f8-83e4-48c0-a773-3e8e9764b4f2','98790404-9a18-4d8b-9f34-d4a36881c1e9','FoldersHistory','2fd4a3b1-5697-40c2-aa17-a5b34fa36052','c','2024-02-20 02:57:36'),('5b9aaec9-4f72-49cf-b438-e11cbd9ced19','16e7ee91-1bcf-44a1-ab89-59b500e5ad6d','Users','b8ecdc71-18b4-4f51-97ff-01070a5a74fa','d','2024-02-25 12:44:00'),('5c0fdcc0-d965-4f67-a00d-6cb60c375fa3','3a24fa27-3513-40ca-918e-07e60fbe1ea4','SecretAccesses','6d79a29c-f9e4-4605-833a-1fd3224988e7','c','2024-02-25 14:24:57'),('5c4b851c-1202-4473-9d09-0cf2d7378c9e','9f6284c8-4f77-4ae0-8a7e-301031c62185','FoldersRelationsHistory','6238b7e9-81d5-4844-8e37-65f8e70be4e9','c','2024-02-20 01:42:25'),('641db379-42b7-4c42-9770-1906dc37dd6d','d64189a3-de5e-4cae-8864-5dac97311d21','Users','509a2bc9-4038-45a8-9eb6-592dd891f7a0','u','2024-02-26 20:23:45'),('6637f4b9-de61-4fb0-93ca-084e3366f916','776a6a50-bb64-4f18-9db4-bfc86b15b828','FoldersRelationsHistory','51b94ba4-2222-4012-896c-8e9d9c008d65','c','2024-02-20 01:42:39'),('73f18857-4114-419e-9c8f-650598cf7f91','f303336b-a194-4d7e-94d2-89e116e04f5c','Resources','a7096389-1980-4acd-a89a-6c84d6bad4a9','c','2024-02-25 12:15:51'),('755d38ce-3ac0-4cce-9f09-e347593d920c','5d75ad11-e446-47f8-b65e-692307c41bc9','Resources','eb5958f0-e772-4887-a024-48e7b1a7ee8e','c','2024-02-25 12:15:51'),('75c65703-5b4d-4149-92e8-72964999b711','54c1a8bb-27ff-4d7c-b35a-a543bd17235b','FoldersRelationsHistory','20d854f6-d367-4c06-8735-ef6f77387d80','c','2024-02-20 03:00:17'),('760f8a6d-711a-45ec-910b-bc4eb7db375b','e5d1cddf-390f-4f7e-9e34-608af53406cb','Resources','9ef3a2ca-513d-467e-a03c-57285d8de631','c','2024-02-25 12:15:51'),('818b3f35-1276-4360-94b2-a0f85841d290','d4896df6-a7f8-40b3-aa6e-195fdb9c79c9','Users','b8ecdc71-18b4-4f51-97ff-01070a5a74fa','u','2024-02-25 12:20:38'),('81f57c38-7797-4abb-afac-2e0af357d3fa','98790404-9a18-4d8b-9f34-d4a36881c1e9','FoldersRelationsHistory','24f1ab66-1740-487b-978c-0de7a30da188','c','2024-02-20 02:57:36'),('86136e09-35d5-41c4-9fde-e89a323d9cad','d8363001-d5a3-4af1-9daa-1d66a96848cf','Users','3fa96e21-518b-41b5-aa72-71850cdd202c','c','2024-02-25 12:44:23'),('8cf045a5-5d7f-4f52-9a97-3f74168621f3','42380f29-6797-4182-8252-ea4a38695b47','SecretsHistory','52a93f04-4635-4dd0-b51f-44f94d4d45e6','c','2024-02-25 14:25:12'),('90d6addf-97b9-47e6-855c-ac7819e3e831','7d73b100-7559-4805-9ba0-8804e37855b1','SecretAccesses','6c9e5288-92ca-4006-96f1-62e7e5a93f99','c','2024-02-25 12:17:47'),('9707f850-75ea-4025-a573-9df1116b704d','93faf51b-57aa-40e7-b146-a71d96b49f27','Resources','d80dedb9-9cf7-4668-b67d-8b0d78f6a39b','c','2024-02-25 12:15:51'),('9f90c885-dd27-4716-806d-c0ff14d9ff4d','370177e1-5fe1-43d4-b57b-79d3f2d68114','SecretAccesses','c4b203e1-b8bd-422e-8ed2-0853e4c9eb2b','c','2024-02-26 20:39:06'),('a3eef631-c2eb-4303-ba24-95c252914c38','7d73b100-7559-4805-9ba0-8804e37855b1','SecretAccesses','1e879948-60b5-4e66-b062-bbea15761d8d','c','2024-02-25 12:17:47'),('b22a20a4-5543-4eef-967a-e367dfbf4ab6','72d88378-191a-44a4-903d-5c8695c44757','SecretAccesses','85a095c6-6196-4350-bf73-b507ac008285','c','2024-02-26 20:38:51'),('b2d6b0a7-4e86-4b7f-8df6-3988bc5ac215','cff9339b-7fac-4305-815d-64e7ce34be80','FoldersRelationsHistory','ebb3def2-468f-4ac9-ab50-74a9b3b799bf','c','2024-02-20 01:19:36'),('b31880a2-a366-4995-b2d1-3cbf0cad4839','54c1a8bb-27ff-4d7c-b35a-a543bd17235b','FoldersHistory','c3b76aa1-3f75-4a7f-868d-8339d1f8ae65','c','2024-02-20 03:00:17'),('c65c6066-5d2c-4abe-85ab-6fbada1e1d78','5da6d1aa-cf11-4f20-a293-ca750866affb','Users','b8ecdc71-18b4-4f51-97ff-01070a5a74fa','u','2024-02-25 12:20:16'),('c8e5b966-ad2a-44bf-ba6b-84426818c3c0','a8c16a2c-15a9-43c0-8103-9e23a1e32e28','FoldersHistory','5c2fdfa5-2d94-4cd2-a9b5-487a63bb888e','c','2024-02-20 02:21:37'),('cda98bb1-81ae-4a2f-bd1e-9b2ba7063ee5','fab39827-d8c9-427b-a27d-37fff91013fb','PermissionsHistory','67729777-d067-4ed3-97bb-cd6732f5f5d7','c','2024-02-25 14:25:12'),('d80fedd8-d15f-448a-82e9-306edc809aaf','32db6c82-8e22-4255-978d-11c54da2abee','Resources','5f7dd9ab-d464-41bf-9c52-efc995f1ef5e','c','2024-02-20 03:01:05'),('d8f43521-edcc-4cdc-b4b9-8934e9bf91bc','90af912e-08e5-475f-88bf-0034632ee903','Users','b8ecdc71-18b4-4f51-97ff-01070a5a74fa','c','2024-02-24 04:06:58'),('e0177329-329e-4aac-a045-44959c7c45d0','2314478d-079b-499c-8ab8-625d5712566a','Resources','d5522a8b-2ad6-4a18-a0ee-c05131102477','c','2024-02-25 12:15:51'),('e17ad4fd-4c85-4fb2-85bc-5e1800365bf8','ae0f3ee2-71d8-462b-a980-5b8eda4a2397','Resources','dceda507-db49-4260-9d24-d878cb6f49cf','c','2024-02-25 12:15:51'),('e25dd306-5f2e-43c1-aada-caeff86ade40','1ecf75f0-e0ef-42a1-97b8-65ce0ee963a5','SecretAccesses','fb817133-ca3b-4b9f-ad87-ec2406422e82','c','2024-02-25 14:30:52'),('e28a9691-d715-4b29-95a0-696076e8c2ae','2a681430-71d8-4370-ac12-471389476df4','Resources','815ac074-e47e-4d11-a5e4-efef28b8ecae','c','2024-02-25 12:15:51'),('e3b031d3-6b2f-48c4-affc-929c3a92fc9e','3a24fa27-3513-40ca-918e-07e60fbe1ea4','SecretAccesses','3e04ec74-e153-4699-b8fd-36b64507e604','c','2024-02-25 14:24:57'),('e54a3b06-fb29-4f98-8eea-3086ecadd6b4','140244e8-5823-4c88-8825-895092a9b014','FoldersHistory','facd0395-f9ef-463e-aec3-79baf03db098','c','2024-02-20 01:43:14'),('e64e08e2-535d-4cc2-9238-ada96d89c8e1','a8c16a2c-15a9-43c0-8103-9e23a1e32e28','FoldersRelationsHistory','c532462e-b95c-46f3-b186-08431f16a5e9','c','2024-02-20 02:21:37'),('f505cde5-8c36-4fd3-9440-d2ed259ae48a','fab39827-d8c9-427b-a27d-37fff91013fb','SecretsHistory','69a1c64b-fa01-4618-b5c1-d52abcecacd2','c','2024-02-25 14:25:12'),('fcfd9187-2c4f-4824-8afc-af5937a74243','fbc35f72-5d6b-4389-8c49-9c8fe02d8762','Resources','36307ef9-0497-4028-aaf8-41688b640627','c','2024-02-25 12:15:51');
/*!40000 ALTER TABLE `entities_history` ENABLE KEYS */;

--
-- Table structure for table `favorites`
--

DROP TABLE IF EXISTS `favorites`;
/*!40101 SET @saved_cs_client     = @@character_set_client */;
/*!50503 SET character_set_client = utf8mb4 */;
CREATE TABLE `favorites` (
  `id` char(36) CHARACTER SET ascii COLLATE ascii_general_ci NOT NULL,
  `user_id` char(36) CHARACTER SET ascii COLLATE ascii_general_ci DEFAULT NULL,
  `foreign_key` char(36) CHARACTER SET ascii COLLATE ascii_general_ci NOT NULL,
  `foreign_model` varchar(36) CHARACTER SET ascii COLLATE ascii_general_ci NOT NULL,
  `created` datetime NOT NULL,
  `modified` datetime DEFAULT NULL,
  PRIMARY KEY (`id`),
  KEY `foreign_key` (`foreign_key`,`user_id`)
) ENGINE=InnoDB DEFAULT CHARSET=utf8mb4 COLLATE=utf8mb4_unicode_ci;
/*!40101 SET character_set_client = @saved_cs_client */;

--
-- Dumping data for table `favorites`
--

/*!40000 ALTER TABLE `favorites` DISABLE KEYS */;
INSERT INTO `favorites` VALUES ('8c7e6714-6d09-4e5c-8366-a0bc28f4cf18','509a2bc9-4038-45a8-9eb6-592dd891f7a0','5f7dd9ab-d464-41bf-9c52-efc995f1ef5e','Resource','2024-02-24 04:17:25','2024-02-24 04:17:25');
/*!40000 ALTER TABLE `favorites` ENABLE KEYS */;

--
-- Table structure for table `folders`
--

DROP TABLE IF EXISTS `folders`;
/*!40101 SET @saved_cs_client     = @@character_set_client */;
/*!50503 SET character_set_client = utf8mb4 */;
CREATE TABLE `folders` (
  `id` char(36) CHARACTER SET ascii COLLATE ascii_general_ci NOT NULL,
  `name` varchar(256) DEFAULT NULL,
  `metadata` mediumtext DEFAULT NULL,
  `metadata_key_id` char(36) CHARACTER SET ascii COLLATE ascii_general_ci DEFAULT NULL,
  `metadata_key_type` varchar(100) DEFAULT NULL,
  `created` datetime NOT NULL,
  `modified` datetime NOT NULL,
  `created_by` char(36) CHARACTER SET ascii COLLATE ascii_general_ci NOT NULL,
  `modified_by` char(36) CHARACTER SET ascii COLLATE ascii_general_ci NOT NULL,
  PRIMARY KEY (`id`),
  KEY `name` (`name`)
) ENGINE=InnoDB DEFAULT CHARSET=utf8mb4 COLLATE=utf8mb4_unicode_ci;
/*!40101 SET character_set_client = @saved_cs_client */;

--
-- Dumping data for table `folders`
--

/*!40000 ALTER TABLE `folders` DISABLE KEYS */;
INSERT INTO `folders` VALUES ('155edcf1-8bad-4b2e-a775-a02e4275572b','дә‘з»ҙжҠӨ-PaaS',NULL,NULL,NULL,'2024-02-20 01:19:36','2024-02-20 01:19:36','509a2bc9-4038-45a8-9eb6-592dd891f7a0','509a2bc9-4038-45a8-9eb6-592dd891f7a0'),('218efbe4-5dee-4697-85f0-0085da447395','еҜ№иұЎе…ізі»еһӢж•°жҚ®еә“(TelePG)',NULL,NULL,NULL,'2024-02-20 02:21:37','2024-02-20 02:21:37','509a2bc9-4038-45a8-9eb6-592dd891f7a0','509a2bc9-4038-45a8-9eb6-592dd891f7a0'),('2a7151e8-64a4-4422-8b34-ce38e80ecf77','еҲҶеёғејҸеҜ№иұЎеӯҳеӮЁ(Ceph)',NULL,NULL,NULL,'2024-02-20 02:57:36','2024-02-20 02:57:36','509a2bc9-4038-45a8-9eb6-592dd891f7a0','509a2bc9-4038-45a8-9eb6-592dd891f7a0'),('2caad2f7-1ae2-424d-bf6a-aa5ca0f38096','SD_P002',NULL,NULL,NULL,'2024-02-20 01:42:39','2024-02-20 01:42:39','509a2bc9-4038-45a8-9eb6-592dd891f7a0','509a2bc9-4038-45a8-9eb6-592dd891f7a0'),('32643b5f-73a7-406b-86d6-5eb5c1bd013d','еӨҮд»Ҫз®ЎзҗҶе№іеҸ°',NULL,NULL,NULL,'2024-02-20 03:00:17','2024-02-20 03:00:17','509a2bc9-4038-45a8-9eb6-592dd891f7a0','509a2bc9-4038-45a8-9eb6-592dd891f7a0'),('621e5811-cf1a-4384-b307-746a0112700b','MIXдә‘е№іеҸ°',NULL,NULL,NULL,'2024-02-20 01:43:14','2024-02-20 01:43:14','509a2bc9-4038-45a8-9eb6-592dd891f7a0','509a2bc9-4038-45a8-9eb6-592dd891f7a0'),('b515b708-a4a5-4b9e-99ef-6c39e5410ae1','SD_P001',NULL,NULL,NULL,'2024-02-20 01:42:25','2024-02-20 01:42:25','509a2bc9-4038-45a8-9eb6-592dd891f7a0','509a2bc9-4038-45a8-9eb6-592dd891f7a0'),('c0be64eb-4d8e-43a3-b447-0cfe683c21a5','import-20240225121551',NULL,NULL,NULL,'2024-02-25 12:15:51','2024-02-25 12:15:51','509a2bc9-4038-45a8-9eb6-592dd891f7a0','509a2bc9-4038-45a8-9eb6-592dd891f7a0');
/*!40000 ALTER TABLE `folders` ENABLE KEYS */;

--
-- Table structure for table `folders_history`
--

DROP TABLE IF EXISTS `folders_history`;
/*!40101 SET @saved_cs_client     = @@character_set_client */;
/*!50503 SET character_set_client = utf8mb4 */;
CREATE TABLE `folders_history` (
  `id` char(36) CHARACTER SET ascii COLLATE ascii_general_ci NOT NULL,
  `folder_id` char(36) CHARACTER SET ascii COLLATE ascii_general_ci NOT NULL,
  `name` varchar(256) NOT NULL,
  PRIMARY KEY (`id`)
) ENGINE=InnoDB DEFAULT CHARSET=utf8mb4 COLLATE=utf8mb4_unicode_ci;
/*!40101 SET character_set_client = @saved_cs_client */;

--
-- Dumping data for table `folders_history`
--

/*!40000 ALTER TABLE `folders_history` DISABLE KEYS */;
INSERT INTO `folders_history` VALUES ('17b1e395-586c-402d-82db-316332b25c75','155edcf1-8bad-4b2e-a775-a02e4275572b','дә‘з»ҙжҠӨ-PaaS'),('2fd4a3b1-5697-40c2-aa17-a5b34fa36052','2a7151e8-64a4-4422-8b34-ce38e80ecf77','еҲҶеёғејҸеҜ№иұЎеӯҳеӮЁ(Ceph)'),('57686444-c506-4865-b46c-db9ba8541747','c0be64eb-4d8e-43a3-b447-0cfe683c21a5','import-20240225121551'),('5c2fdfa5-2d94-4cd2-a9b5-487a63bb888e','218efbe4-5dee-4697-85f0-0085da447395','еҜ№иұЎе…ізі»еһӢж•°жҚ®еә“(TelePG)'),('69fc4f7a-ba58-4497-99f6-08d9e76769a6','2caad2f7-1ae2-424d-bf6a-aa5ca0f38096','SD_P002'),('98ddfab5-401c-4810-bd97-20c3bb30e2f0','b515b708-a4a5-4b9e-99ef-6c39e5410ae1','SD_P001'),('c3b76aa1-3f75-4a7f-868d-8339d1f8ae65','32643b5f-73a7-406b-86d6-5eb5c1bd013d','еӨҮд»Ҫз®ЎзҗҶе№іеҸ°'),('facd0395-f9ef-463e-aec3-79baf03db098','621e5811-cf1a-4384-b307-746a0112700b','MIXдә‘е№іеҸ°');
/*!40000 ALTER TABLE `folders_history` ENABLE KEYS */;

--
-- Table structure for table `folders_relations`
--

DROP TABLE IF EXISTS `folders_relations`;
/*!40101 SET @saved_cs_client     = @@character_set_client */;
/*!50503 SET character_set_client = utf8mb4 */;
CREATE TABLE `folders_relations` (
  `id` char(36) CHARACTER SET ascii COLLATE ascii_general_ci NOT NULL,
  `foreign_model` varchar(30) CHARACTER SET ascii COLLATE ascii_general_ci NOT NULL,
  `foreign_id` char(36) CHARACTER SET ascii COLLATE ascii_general_ci NOT NULL,
  `user_id` char(36) CHARACTER SET ascii COLLATE ascii_general_ci NOT NULL,
  `folder_parent_id` char(36) CHARACTER SET ascii COLLATE ascii_general_ci DEFAULT NULL,
  `created` datetime NOT NULL,
  `modified` datetime NOT NULL,
  PRIMARY KEY (`id`),
  KEY `folder_parent_id` (`folder_parent_id`),
  KEY `foreign_model_2` (`foreign_model`,`foreign_id`,`user_id`),
  KEY `user_id_2` (`user_id`,`foreign_id`),
  KEY `foreign_id` (`foreign_id`,`folder_parent_id`,`created`),
  KEY `foreign_model` (`foreign_model`,`folder_parent_id`,`user_id`),
  KEY `foreign_model_3` (`foreign_model`,`folder_parent_id`,`foreign_id`,`user_id`)
) ENGINE=InnoDB DEFAULT CHARSET=utf8mb4 COLLATE=utf8mb4_unicode_ci;
/*!40101 SET character_set_client = @saved_cs_client */;

--
-- Dumping data for table `folders_relations`
--

/*!40000 ALTER TABLE `folders_relations` DISABLE KEYS */;
INSERT INTO `folders_relations` VALUES ('1582f844-7d52-4843-857f-6f5d1bcc5937','Folder','c0be64eb-4d8e-43a3-b447-0cfe683c21a5','509a2bc9-4038-45a8-9eb6-592dd891f7a0',NULL,'2024-02-25 12:15:51','2024-02-25 12:15:51'),('1707c564-201d-45d0-a240-f3f2bc223845','Resource','dceda507-db49-4260-9d24-d878cb6f49cf','509a2bc9-4038-45a8-9eb6-592dd891f7a0','c0be64eb-4d8e-43a3-b447-0cfe683c21a5','2024-02-25 12:15:51','2024-02-25 12:15:51'),('20d854f6-d367-4c06-8735-ef6f77387d80','Folder','32643b5f-73a7-406b-86d6-5eb5c1bd013d','509a2bc9-4038-45a8-9eb6-592dd891f7a0','621e5811-cf1a-4384-b307-746a0112700b','2024-02-20 03:00:17','2024-02-20 03:00:17'),('24f1ab66-1740-487b-978c-0de7a30da188','Folder','2a7151e8-64a4-4422-8b34-ce38e80ecf77','509a2bc9-4038-45a8-9eb6-592dd891f7a0','621e5811-cf1a-4384-b307-746a0112700b','2024-02-20 02:57:36','2024-02-20 02:57:36'),('3858b88d-edd6-4c4d-a18a-14a3096015a4','Resource','dceda507-db49-4260-9d24-d878cb6f49cf','3fa96e21-518b-41b5-aa72-71850cdd202c',NULL,'2024-02-25 14:25:12','2024-02-25 14:25:12'),('3c7a38b6-ec30-4037-be8b-a5735090c053','Folder','621e5811-cf1a-4384-b307-746a0112700b','509a2bc9-4038-45a8-9eb6-592dd891f7a0','b515b708-a4a5-4b9e-99ef-6c39e5410ae1','2024-02-20 01:43:14','2024-02-20 01:43:14'),('46832e03-88a0-4d61-8801-48151dedfb4b','Resource','44663664-70a9-4c3e-be23-c6da509ab377','3fa96e21-518b-41b5-aa72-71850cdd202c',NULL,'2024-02-25 14:25:12','2024-02-25 14:25:12'),('51b94ba4-2222-4012-896c-8e9d9c008d65','Folder','2caad2f7-1ae2-424d-bf6a-aa5ca0f38096','509a2bc9-4038-45a8-9eb6-592dd891f7a0','155edcf1-8bad-4b2e-a775-a02e4275572b','2024-02-20 01:42:39','2024-02-20 01:42:39'),('5bfd8909-57dd-4cb6-90c6-ca29cfb414f6','Resource','d80dedb9-9cf7-4668-b67d-8b0d78f6a39b','509a2bc9-4038-45a8-9eb6-592dd891f7a0','c0be64eb-4d8e-43a3-b447-0cfe683c21a5','2024-02-25 12:15:51','2024-02-25 12:15:51'),('5c7fa254-a09a-4622-aaff-bc081534ba44','Resource','6a6b70c6-53e4-41c0-a767-6a68952b1d87','509a2bc9-4038-45a8-9eb6-592dd891f7a0','c0be64eb-4d8e-43a3-b447-0cfe683c21a5','2024-02-25 12:15:51','2024-02-25 12:15:51'),('6238b7e9-81d5-4844-8e37-65f8e70be4e9','Folder','b515b708-a4a5-4b9e-99ef-6c39e5410ae1','509a2bc9-4038-45a8-9eb6-592dd891f7a0','155edcf1-8bad-4b2e-a775-a02e4275572b','2024-02-20 01:42:25','2024-02-20 01:42:25'),('79e97b73-84f4-4517-98b2-0c406cc0e5a8','Resource','9ef3a2ca-513d-467e-a03c-57285d8de631','509a2bc9-4038-45a8-9eb6-592dd891f7a0','c0be64eb-4d8e-43a3-b447-0cfe683c21a5','2024-02-25 12:15:51','2024-02-25 12:15:51'),('7b9430b1-b2ed-4b63-a6cc-08674d6eb443','Resource','5f7dd9ab-d464-41bf-9c52-efc995f1ef5e','509a2bc9-4038-45a8-9eb6-592dd891f7a0','32643b5f-73a7-406b-86d6-5eb5c1bd013d','2024-02-20 03:01:05','2024-02-20 03:01:05'),('7d3b9104-d7c9-48a2-b8c1-1dc339614f8f','Resource','36307ef9-0497-4028-aaf8-41688b640627','509a2bc9-4038-45a8-9eb6-592dd891f7a0','c0be64eb-4d8e-43a3-b447-0cfe683c21a5','2024-02-25 12:15:51','2024-02-25 12:15:51'),('7f99ffb6-710e-4591-8944-450499780f16','Resource','6a6b70c6-53e4-41c0-a767-6a68952b1d87','3fa96e21-518b-41b5-aa72-71850cdd202c',NULL,'2024-02-25 14:25:12','2024-02-25 14:25:12'),('b0f01a61-2b45-4139-b6bb-410691b5f725','Resource','815ac074-e47e-4d11-a5e4-efef28b8ecae','509a2bc9-4038-45a8-9eb6-592dd891f7a0','c0be64eb-4d8e-43a3-b447-0cfe683c21a5','2024-02-25 12:15:51','2024-02-25 12:15:51'),('c41a0765-4f74-4213-8bcf-6af5a0cc843c','Resource','a7096389-1980-4acd-a89a-6c84d6bad4a9','509a2bc9-4038-45a8-9eb6-592dd891f7a0','c0be64eb-4d8e-43a3-b447-0cfe683c21a5','2024-02-25 12:15:51','2024-02-25 12:15:51'),('c4f77952-34ed-4f96-81ed-a208d3b633b2','Resource','eb5958f0-e772-4887-a024-48e7b1a7ee8e','509a2bc9-4038-45a8-9eb6-592dd891f7a0','2caad2f7-1ae2-424d-bf6a-aa5ca0f38096','2024-02-25 12:15:51','2024-02-25 12:15:51'),('c532462e-b95c-46f3-b186-08431f16a5e9','Folder','218efbe4-5dee-4697-85f0-0085da447395','509a2bc9-4038-45a8-9eb6-592dd891f7a0','621e5811-cf1a-4384-b307-746a0112700b','2024-02-20 02:21:37','2024-02-20 02:21:37'),('e7e00d12-f615-41bc-a6b3-caa8423cb6e3','Resource','d5522a8b-2ad6-4a18-a0ee-c05131102477','509a2bc9-4038-45a8-9eb6-592dd891f7a0','2caad2f7-1ae2-424d-bf6a-aa5ca0f38096','2024-02-25 12:15:51','2024-02-25 12:15:51'),('ebb3def2-468f-4ac9-ab50-74a9b3b799bf','Folder','155edcf1-8bad-4b2e-a775-a02e4275572b','509a2bc9-4038-45a8-9eb6-592dd891f7a0',NULL,'2024-02-20 01:19:36','2024-02-20 01:19:36'),('ff0bf38b-eadb-4d5b-843b-0af8b5e55fc2','Resource','44663664-70a9-4c3e-be23-c6da509ab377','509a2bc9-4038-45a8-9eb6-592dd891f7a0','2a7151e8-64a4-4422-8b34-ce38e80ecf77','2024-02-20 02:59:24','2024-02-20 02:59:24');
/*!40000 ALTER TABLE `folders_relations` ENABLE KEYS */;

--
-- Table structure for table `folders_relations_history`
--

DROP TABLE IF EXISTS `folders_relations_history`;
/*!40101 SET @saved_cs_client     = @@character_set_client */;
/*!50503 SET character_set_client = utf8mb4 */;
CREATE TABLE `folders_relations_history` (
  `id` char(36) CHARACTER SET ascii COLLATE ascii_general_ci NOT NULL,
  `foreign_model` varchar(30) CHARACTER SET ascii COLLATE ascii_general_ci NOT NULL,
  `foreign_id` char(36) CHARACTER SET ascii COLLATE ascii_general_ci NOT NULL,
  `user_id` char(36) CHARACTER SET ascii COLLATE ascii_general_ci NOT NULL,
  `folder_parent_id` char(36) CHARACTER SET ascii COLLATE ascii_general_ci DEFAULT NULL,
  PRIMARY KEY (`id`)
) ENGINE=InnoDB DEFAULT CHARSET=utf8mb4 COLLATE=utf8mb4_unicode_ci;
/*!40101 SET character_set_client = @saved_cs_client */;

--
-- Dumping data for table `folders_relations_history`
--

/*!40000 ALTER TABLE `folders_relations_history` DISABLE KEYS */;
INSERT INTO `folders_relations_history` VALUES ('1582f844-7d52-4843-857f-6f5d1bcc5937','Folder','c0be64eb-4d8e-43a3-b447-0cfe683c21a5','509a2bc9-4038-45a8-9eb6-592dd891f7a0',NULL),('20d854f6-d367-4c06-8735-ef6f77387d80','Folder','32643b5f-73a7-406b-86d6-5eb5c1bd013d','509a2bc9-4038-45a8-9eb6-592dd891f7a0','621e5811-cf1a-4384-b307-746a0112700b'),('24f1ab66-1740-487b-978c-0de7a30da188','Folder','2a7151e8-64a4-4422-8b34-ce38e80ecf77','509a2bc9-4038-45a8-9eb6-592dd891f7a0','621e5811-cf1a-4384-b307-746a0112700b'),('3c7a38b6-ec30-4037-be8b-a5735090c053','Folder','621e5811-cf1a-4384-b307-746a0112700b','509a2bc9-4038-45a8-9eb6-592dd891f7a0','b515b708-a4a5-4b9e-99ef-6c39e5410ae1'),('51b94ba4-2222-4012-896c-8e9d9c008d65','Folder','2caad2f7-1ae2-424d-bf6a-aa5ca0f38096','509a2bc9-4038-45a8-9eb6-592dd891f7a0','155edcf1-8bad-4b2e-a775-a02e4275572b'),('6238b7e9-81d5-4844-8e37-65f8e70be4e9','Folder','b515b708-a4a5-4b9e-99ef-6c39e5410ae1','509a2bc9-4038-45a8-9eb6-592dd891f7a0','155edcf1-8bad-4b2e-a775-a02e4275572b'),('c532462e-b95c-46f3-b186-08431f16a5e9','Folder','218efbe4-5dee-4697-85f0-0085da447395','509a2bc9-4038-45a8-9eb6-592dd891f7a0','621e5811-cf1a-4384-b307-746a0112700b'),('ebb3def2-468f-4ac9-ab50-74a9b3b799bf','Folder','155edcf1-8bad-4b2e-a775-a02e4275572b','509a2bc9-4038-45a8-9eb6-592dd891f7a0',NULL);
/*!40000 ALTER TABLE `folders_relations_history` ENABLE KEYS */;

--
-- Table structure for table `gpgkeys`
--

DROP TABLE IF EXISTS `gpgkeys`;
/*!40101 SET @saved_cs_client     = @@character_set_client */;
/*!50503 SET character_set_client = utf8mb4 */;
CREATE TABLE `gpgkeys` (
  `id` char(36) CHARACTER SET ascii COLLATE ascii_general_ci NOT NULL,
  `user_id` char(36) CHARACTER SET ascii COLLATE ascii_general_ci NOT NULL,
  `armored_key` text NOT NULL,
  `bits` int(11) DEFAULT 2048,
  `uid` varchar(769) NOT NULL,
  `key_id` varchar(16) NOT NULL,
  `fingerprint` varchar(51) NOT NULL,
  `type` varchar(16) DEFAULT NULL,
  `expires` datetime DEFAULT NULL,
  `key_created` datetime DEFAULT NULL,
  `deleted` tinyint(1) NOT NULL DEFAULT 0,
  `created` datetime NOT NULL,
  `modified` datetime NOT NULL,
  PRIMARY KEY (`id`),
  KEY `fingerprint` (`fingerprint`),
  KEY `user_id` (`user_id`)
) ENGINE=InnoDB DEFAULT CHARSET=utf8mb4 COLLATE=utf8mb4_unicode_ci;
/*!40101 SET character_set_client = @saved_cs_client */;

--
-- Dumping data for table `gpgkeys`
--

/*!40000 ALTER TABLE `gpgkeys` DISABLE KEYS */;
INSERT INTO `gpgkeys` VALUES ('0453fdc0-0f55-4248-b4b7-f8136418ea1d','509a2bc9-4038-45a8-9eb6-592dd891f7a0','-----BEGIN PGP PUBLIC KEY BLOCK-----\n\nxsDNBGXR0mMBDACkuPuDcO1xHOvndM6yvfBXQN0gW8btdw97uipRqplxQgGj\n3E1hgkAe2S6S8wjPj2avN6izr6Kl6qCqgh7/FLr+G9sHDijdyl2aQhmPg2/V\ndNUUuDACTZM5DpxWLBaF6IH/e9freGdWgJ6ZzIYoTt8TtbyhEnzC4+bJx6fW\nwHWqnEQirUOSMp3Jd6hEf49T0ruPDfFpbDuWw6Waf3ircy4LYcbnFFSs2ZLE\nYgCF17Kei3kDaT8TEclHyARuZPbrugBFSJk1B1SY7XtzUl4zmRoP4n1rGcVM\njyJCEDBF32+l8R0tli2uR00nHJmO1zvUp4AtFsOw54qiJJR9O9mMbSCI53qL\nw2HsaU2PJd+HuZd3MvAFm0uqYaf0ZgZiaQEhr0j8w8pRZLd4reazVlumGGoy\ngIBU1W8laOj+X3rPjUfJpld8Z41E/PPDwGiP18KqqNMq/04bhPWNCprymgU/\nhA7gw8AAiKHv+3CZiuiffkvYPq1ml34Qe7PG5/WEQ9kF2AUAEQEAAc0hYWRt\ndXNlciBhZG1zdXIgPGFuYnVsYW5nQDE2My5jb20+wsEKBBABCAAdBQJl0dJj\nBAsJBwgDFQgKBBYAAgECGQECGwMCHgEAIQkQMdWZJfD45QYWIQR0JRVJ96kq\nQBnMoV0x1Zkl8PjlBtizC/91eF5eU20+ndxO+EgBiYKvjtlEX/u6Y2RnTOIl\n60VRBfpTAh/419sd3Bj6ZRastV80PeUqQ4jqZWtfIRE4CXSvqtcyfnbV7mwz\n+sQqN8rwdgHRt6J9wt/t/ACBVROGLz6WbFAMj3ZzkxSVse6YHOLa5Zm5pXJV\nTKvEtP2dnxN1EB6lRmpf5gPHBgB/h5qZmb4uz8rrPt6bnK00whweXWuUbPaK\n2XIuC5cmBAiy1vuqbX482cgnCyKmOZGHQm/3O9jwrOsNgDXhyAX5BmE+o3ZA\n2bZ3X1oIE9YXeBDsWYkA793kA1gKo+5mJZDuIj3L1tpTBAZWn6//VYvTz1d6\nOhp6GurJbEOZZwFWy4Db7LupDDUN1/npdJUKoPn2DdhRuTho2rQXRmWdHcM6\n4HZ0jIaWS5xujO87WRT9jX4kQLzGmqClh5suU0GfuvDpDTlG2YR/w7qRR10Z\n2sK3gUER7am0kHm3pYuJrgPGJFFdGolQLKiZKFU5keZwLDlL9dy01Y3OwM0E\nZdHSYwEMANKofFHCcIDVqmtot9C484piyaCp6tiVLOqy56pqyvVT5hLLiIxx\nSOjwunNptGIqnVPlLFyjWcSCND3vcEsK5TYyymouVHiJ2gZU90YbtJ3mbLet\n10IdIb4BSd+pJhK9sojbsQtvD7VgzYGh5wXReJneY5GloA/Xy1MNiiKzX0Q1\nMK1mHrN8QUA5yo15ceM9YZY+z9mB0njQoGrrCzS99j2s3CzrwjdwAzodAa+U\npnhbP4TyzoOP3kJneMRVuTGuZxqFvg5Mmkhl8NDrbWXmlSEYWuNOEd2T7QSt\nI8c52IW2QETKuXb9VJyCZG45RoXgwdjZvEM8U8x2laIRD4CpkyiNGFSE83oR\nk+OFh5QISYVNYULkESFHzbw48lb29lDLOwaQ3mzawnuVpHfTo1qhVi0bDhQA\n1Pb5/Ts+rjulMlk3GqWWAI2y+QRMSl+xzp3/4n+B0aPrLBb3K6hIHY/rVYc6\nIagOWz01qh0OeyqeafG0ho/ZFirR5SlKjOsUI7m+AwARAQABwsD2BBgBCAAJ\nBQJl0dJjAhsMACEJEDHVmSXw+OUGFiEEdCUVSfepKkAZzKFdMdWZJfD45QZb\nUgwApGbIc/3R52UjOkiDnlxT1FW99H4KeGwpYHO7mfGRi306aImhuCxF5Hoi\nwC55vXE+2OoL9F0MuliWkRThuGCghAj+Zx/PBFm1Yqd7CY1YRIguqhiVczmD\nAkD2bmALaqIB/FpgfmS0pOQdmAykzJR6UMohotfOS4uj1GH5CCEaNGmSU0xe\nbhb2nspLjmLselfWxxkVPjIM2cO/2zaYbays/iHsZ4CX2PCU3wBcIi97PGmY\n6pJ2NVJhzmKnQhUACLc+Pbw7DcIbvYNT7U9wLdgXmKRt3CoBaMPki3nABAI2\noSM3lGAqbbJDhnkfzMiGuivzw/65n/5FXgn6QnHbKOl6hDWR39LleItnJWNJ\nrIOSnlhhkScbmRLseKp3mDjfpFuWXVUZZbeuUYFsDNQU9UZYJ0F51ZL6YXRU\niP8lefd5TorsC/nnuZkZ2lvKoyrAtpoqC7tRTmKFezh2GfI1RRrsmET/BP2o\n8IF1kSQe0KUbyudo2vbTQUoPM1ai/OTxpvpv\n=BBCr\n-----END PGP PUBLIC KEY BLOCK-----\n',3072,'admuser admsur <anbulang@163.com>','31D59925F0F8E506','74251549F7A92A4019CCA15D31D59925F0F8E506','RSA',NULL,'2024-02-18 09:48:19',0,'2024-02-18 09:48:44','2024-02-18 09:48:44'),('c4f73a8e-f633-422a-87d7-05d97d7f49ff','3fa96e21-518b-41b5-aa72-71850cdd202c','-----BEGIN PGP PUBLIC KEY BLOCK-----\n\nxsDNBGXbPCsBDACTsrtMZSUDv2VzNuIfXqPYuPcmLzTNP4b06rVPEJIzTl6g\nddE9z+fV69lzwW4MGY+9+3J3VYxur6k4Kr78O9gCDBTK6jB7bs9s1LhsKgrq\ndQ3m3wNxS16jhEH4jLGqrkyN1olEyW8WdWC/SZxyg7E57buPZ+hV17/TnwGl\nVwrmPZ35MZsiAMELB7O330tsfM03LXN5s3iIKpbW+uNvnWijeLbKsMDyi9RU\nskSYq3LXdoW1Lfejg07sSg1w1M27Wmk1b8wSPf3oe4MmzcjVJplSZ/u08q5y\nJ1e25QKyVbJ+19Vjf7DUn8ZONPtwh/8pWENMCbBPsLLZpEx4oCQWUrMXWUB+\nlgdSMAA6tDlIj20YESK1OFMgLgDdyxaA6vuft8C5rCOyq47fMduyOnbQ3hNL\ne5fxUj77BsM8+BOGCLCl56RURq63bw/77rDntvFH0GpdMF98Fzte9fjFapbi\nZTqoeRx1NLqDM2llPm28k9QQEvgMcISq9WK2U/crEY/Qkd0AEQEAAc0mc2hl\nbiB4aWFvZmFuIDxzaGVueGlhb2ZhbjIwMjRAMTYzLmNvbT7CwQoEEAEIAB0F\nAmXbPCsECwkHCAMVCAoEFgACAQIZAQIbAwIeAQAhCRD/xbxBLOejuhYhBI+S\naDMt1PHkUU1deP/FvEEs56O6hNsL/3AW2d5+Rr9SxGjs6RBUmqBqksT4a3Cg\nO4aRvJ7bAB0G5aCBUQ1wXeiwwcAKCoW5vt7Cuj1uWKAWI51P5h8IOta9XhnD\neBy3lP2Is+lcnZSxNsTtK4xb4KXDt8t20dSDp8kUKKxixTaQxpSTFbQbJBLW\nMtyBOZlVLD2iimNItBwgWfocY1dXHZdBjVlaevd9WVjYdd25sdhmPgyVCtl9\np5PK70Ofa+6va2fnOQLuADyMZa2+3XcO4tjbmt+x4AcAb9oO8sfUYB77u+PD\nxfArta2saEL+32i4tfDa8qI3q6J3pSUM9eG5ShQx/g1BAnT++sZZQMvErFQi\npBAgmXLEq66ZSl32pZjL9TlIs6YLBtZew/ABazPKiam6jVLKTP2XK/usLqTg\nXRrpNE+de8JxIXhextg0tYQaCnMeTP8k9LPJ7FKIiWlNdySTsYBfNcwiV3ez\nHBdkFRP2zKabnU145i2SWcktu1pVK91ebKaIKTjTIW1bwEw91bViIhCywfwn\nTc7AzQRl2zwrAQwAu27QTk//AFtSi51odqJ1LFSY7cUL26E/cLn4cJnH4K9v\ngC01h3bITXzEq9CLJZE1XTyXiFMySOde56KW+wVu9W/8oPiN29nz74DesU62\nNt7ONeaZSAyll3MOCTL487bJ6aJPF+a+CqBm15j3222Fdrol/fULZsRNdRfw\nJNyrSdYoJKws/bKNpiWdtyrn82blYvd+JaspgpUA+oAjCWtJ+PmSIQGZwlng\nzXKG9rNsyRbzBjgDryynolr2fzmjQbFSYqwnwBcg8blwfFr9vY5NCh4Pl5qo\nGb0Um/yBA/9QpnJLAb15kyIr1a6yotWIVaGXvSnmqz/7V6rudGEzDEFLcXco\nNj50qm3rdVsSUpIf5A4rnzGe3+STbkHoSYhEBvWwxTh/gDpZYwqyw2g3oL4N\nvrbsxAU9yjsYXcMH6/XDKfsrQmEtRpDYn6dozW6/3XbcWf5DkOhixqCjtwrZ\niyKIwAJMF2Z9Dv/upCtjSMbv5SC3K85AQwN1mP1MdhGC9FkhABEBAAHCwPYE\nGAEIAAkFAmXbPCsCGwwAIQkQ/8W8QSzno7oWIQSPkmgzLdTx5FFNXXj/xbxB\nLOejupdAC/sF/xRyV9Kv0ca3YVXszQVt3F3QLTWOg411yekCoGzcsAPfxAP4\nD4kqUCVxNrkqYW1/fKMtTklaRzZ5idb6fm4sA1gmFsPimjcgm3GEeVvvyi9g\ndHgp1NsvXQaRyoc44b+Da0iBmcyJUP6H91QVlkymM+n9qVWYGhiuv+wtRmX5\ntCEk7L/6/IV6CjKV+TEUhqBwUok6xgWrkjaEdjib+osmsK9bnpuFKw73hQsd\n53PQcCb4yE2iB/aABqiwhty7AZHcgNzddBSMlf4aV8TbxJGqJPPZQYAFTdm3\nK2n//wsM6qC324Jhi5Afsjlr8Y+z5JxCwciB6fPqI4rBkxC+ULrFdaoqOzd7\nxMSaVgczBlQDwdtSH77pLgE0l2Mren7q78xEo1uH23na7yOLhRYneIghk8J3\nevgQVyUvo5DHws2vbT+euTcQ4zlHP80peg2PKeyYqIKxZF9hZthLhLvR7nMW\n+zhSgilkUkye78jpllkiLAiOrCdC4GnhyML7Co3p1c8=\n=dAQp\n-----END PGP PUBLIC KEY BLOCK-----\n',3072,'shen xiaofan <shenxiaofan2024@163.com>','FFC5BC412CE7A3BA','8F9268332DD4F1E4514D5D78FFC5BC412CE7A3BA','RSA',NULL,'2024-02-25 13:10:03',0,'2024-02-25 13:10:32','2024-02-25 13:10:32');
/*!40000 ALTER TABLE `gpgkeys` ENABLE KEYS */;

--
-- Table structure for table `groups`
--

DROP TABLE IF EXISTS `groups`;
/*!40101 SET @saved_cs_client     = @@character_set_client */;
/*!50503 SET character_set_client = utf8mb4 */;
CREATE TABLE `groups` (
  `id` char(36) CHARACTER SET ascii COLLATE ascii_general_ci NOT NULL,
  `name` varchar(255) DEFAULT NULL,
  `deleted` tinyint(1) NOT NULL DEFAULT 0,
  `created` datetime NOT NULL,
  `modified` datetime NOT NULL,
  `created_by` char(36) CHARACTER SET ascii COLLATE ascii_general_ci NOT NULL,
  `modified_by` char(36) CHARACTER SET ascii COLLATE ascii_general_ci NOT NULL,
  PRIMARY KEY (`id`),
  KEY `deleted` (`deleted`)
) ENGINE=InnoDB DEFAULT CHARSET=utf8mb4 COLLATE=utf8mb4_unicode_ci;
/*!40101 SET character_set_client = @saved_cs_client */;

--
-- Dumping data for table `groups`
--

/*!40000 ALTER TABLE `groups` DISABLE KEYS */;
INSERT INTO `groups` VALUES ('696127bd-8252-4d38-b5f3-5a9c8efe97fa','дә‘з»ҙжҠӨ-PaaS',0,'2024-02-25 12:19:51','2024-02-25 12:19:51','509a2bc9-4038-45a8-9eb6-592dd891f7a0','509a2bc9-4038-45a8-9eb6-592dd891f7a0');
/*!40000 ALTER TABLE `groups` ENABLE KEYS */;

--
-- Table structure for table `groups_users`
--

DROP TABLE IF EXISTS `groups_users`;
/*!40101 SET @saved_cs_client     = @@character_set_client */;
/*!50503 SET character_set_client = utf8mb4 */;
CREATE TABLE `groups_users` (
  `id` char(36) CHARACTER SET ascii COLLATE ascii_general_ci NOT NULL,
  `group_id` char(36) CHARACTER SET ascii COLLATE ascii_general_ci DEFAULT NULL,
  `user_id` char(36) CHARACTER SET ascii COLLATE ascii_general_ci DEFAULT NULL,
  `is_admin` tinyint(1) NOT NULL DEFAULT 0,
  `created` datetime NOT NULL,
  PRIMARY KEY (`id`),
  KEY `user_id` (`user_id`,`group_id`),
  KEY `group_id` (`group_id`),
  KEY `user_id_2` (`user_id`)
) ENGINE=InnoDB DEFAULT CHARSET=utf8mb4 COLLATE=utf8mb4_unicode_ci;
/*!40101 SET character_set_client = @saved_cs_client */;

--
-- Dumping data for table `groups_users`
--

/*!40000 ALTER TABLE `groups_users` DISABLE KEYS */;
INSERT INTO `groups_users` VALUES ('1c81861b-dd1a-4780-bdcb-ef23444b80ed','696127bd-8252-4d38-b5f3-5a9c8efe97fa','3fa96e21-518b-41b5-aa72-71850cdd202c',0,'2024-02-25 14:25:56'),('ad1ef749-cf7d-4736-977d-fb43f3a45874','696127bd-8252-4d38-b5f3-5a9c8efe97fa','509a2bc9-4038-45a8-9eb6-592dd891f7a0',1,'2024-02-25 12:19:51');
/*!40000 ALTER TABLE `groups_users` ENABLE KEYS */;

--
-- Table structure for table `metadata_keys`
--

DROP TABLE IF EXISTS `metadata_keys`;
/*!40101 SET @saved_cs_client     = @@character_set_client */;
/*!50503 SET character_set_client = utf8mb4 */;
CREATE TABLE `metadata_keys` (
  `id` char(36) CHARACTER SET ascii COLLATE ascii_general_ci NOT NULL,
  `fingerprint` varchar(51) NOT NULL,
  `armored_key` text NOT NULL,
  `created` datetime NOT NULL,
  `modified` datetime NOT NULL,
  `expired` datetime DEFAULT NULL,
  `deleted` datetime DEFAULT NULL,
  `created_by` char(36) CHARACTER SET ascii COLLATE ascii_general_ci DEFAULT NULL,
  `modified_by` char(36) CHARACTER SET ascii COLLATE ascii_general_ci DEFAULT NULL,
  PRIMARY KEY (`id`),
  KEY `created_by` (`created_by`),
  KEY `modified_by` (`modified_by`)
) ENGINE=InnoDB DEFAULT CHARSET=utf8mb4 COLLATE=utf8mb4_unicode_ci;
/*!40101 SET character_set_client = @saved_cs_client */;

--
-- Dumping data for table `metadata_keys`
--

/*!40000 ALTER TABLE `metadata_keys` DISABLE KEYS */;
/*!40000 ALTER TABLE `metadata_keys` ENABLE KEYS */;

--
-- Table structure for table `metadata_private_keys`
--

DROP TABLE IF EXISTS `metadata_private_keys`;
/*!40101 SET @saved_cs_client     = @@character_set_client */;
/*!50503 SET character_set_client = utf8mb4 */;
CREATE TABLE `metadata_private_keys` (
  `id` char(36) CHARACTER SET ascii COLLATE ascii_general_ci NOT NULL,
  `metadata_key_id` char(36) CHARACTER SET ascii COLLATE ascii_general_ci NOT NULL,
  `user_id` char(36) CHARACTER SET ascii COLLATE ascii_general_ci DEFAULT NULL,
  `data` mediumtext NOT NULL,
  `created` datetime NOT NULL,
  `modified` datetime NOT NULL,
  `created_by` char(36) CHARACTER SET ascii COLLATE ascii_general_ci DEFAULT NULL,
  `modified_by` char(36) CHARACTER SET ascii COLLATE ascii_general_ci DEFAULT NULL,
  PRIMARY KEY (`id`),
  KEY `created_by` (`created_by`),
  KEY `modified_by` (`modified_by`),
  KEY `metadata_key_id` (`metadata_key_id`),
  KEY `user_id` (`user_id`)
) ENGINE=InnoDB DEFAULT CHARSET=utf8mb4 COLLATE=utf8mb4_unicode_ci;
/*!40101 SET character_set_client = @saved_cs_client */;

--
-- Dumping data for table `metadata_private_keys`
--

/*!40000 ALTER TABLE `metadata_private_keys` DISABLE KEYS */;
/*!40000 ALTER TABLE `metadata_private_keys` ENABLE KEYS */;

--
-- Table structure for table `metadata_session_keys`
--

DROP TABLE IF EXISTS `metadata_session_keys`;
/*!40101 SET @saved_cs_client     = @@character_set_client */;
/*!50503 SET character_set_client = utf8mb4 */;
CREATE TABLE `metadata_session_keys` (
  `id` char(36) CHARACTER SET ascii COLLATE ascii_general_ci NOT NULL,
  `user_id` char(36) CHARACTER SET ascii COLLATE ascii_general_ci NOT NULL,
  `data` mediumtext NOT NULL,
  `created` datetime NOT NULL,
  `modified` datetime NOT NULL,
  PRIMARY KEY (`id`),
  KEY `user_id` (`user_id`)
) ENGINE=InnoDB DEFAULT CHARSET=utf8mb4 COLLATE=utf8mb4_unicode_ci;
/*!40101 SET character_set_client = @saved_cs_client */;

--
-- Dumping data for table `metadata_session_keys`
--

/*!40000 ALTER TABLE `metadata_session_keys` DISABLE KEYS */;
/*!40000 ALTER TABLE `metadata_session_keys` ENABLE KEYS */;

--
-- Table structure for table `tags` (Passbolt EE Tags вҖ” canonical EE schema,
-- not present in the CE reference. v5.1 metadata/metadata_key_id/
-- metadata_key_type are ADDITIVE NULLABLE; no `deleted` column вҖ” hard delete).
--

DROP TABLE IF EXISTS `tags`;
/*!40101 SET @saved_cs_client     = @@character_set_client */;
/*!50503 SET character_set_client = utf8mb4 */;
CREATE TABLE `tags` (
  `id` char(36) CHARACTER SET ascii COLLATE ascii_general_ci NOT NULL,
  `slug` varchar(128) NOT NULL,
  `is_shared` tinyint(1) NOT NULL DEFAULT 0,
  `metadata` mediumtext DEFAULT NULL,
  `metadata_key_id` char(36) CHARACTER SET ascii COLLATE ascii_general_ci DEFAULT NULL,
  `metadata_key_type` varchar(100) DEFAULT NULL,
  `created` datetime NOT NULL,
  `modified` datetime NOT NULL,
  PRIMARY KEY (`id`),
  KEY `slug` (`slug`)
) ENGINE=InnoDB DEFAULT CHARSET=utf8mb4 COLLATE=utf8mb4_unicode_ci;
/*!40101 SET character_set_client = @saved_cs_client */;

--
-- Dumping data for table `tags`
--

/*!40000 ALTER TABLE `tags` DISABLE KEYS */;
/*!40000 ALTER TABLE `tags` ENABLE KEYS */;

--
-- Table structure for table `resources_tags` (Passbolt EE Tags join table.
-- user_id NULL = shared-tag association; no FK constraints, indexes only).
--

DROP TABLE IF EXISTS `resources_tags`;
/*!40101 SET @saved_cs_client     = @@character_set_client */;
/*!50503 SET character_set_client = utf8mb4 */;
CREATE TABLE `resources_tags` (
  `id` char(36) CHARACTER SET ascii COLLATE ascii_general_ci NOT NULL,
  `resource_id` char(36) CHARACTER SET ascii COLLATE ascii_general_ci NOT NULL,
  `tag_id` char(36) CHARACTER SET ascii COLLATE ascii_general_ci NOT NULL,
  `user_id` char(36) CHARACTER SET ascii COLLATE ascii_general_ci DEFAULT NULL,
  `created` datetime NOT NULL,
  `modified` datetime NOT NULL,
  PRIMARY KEY (`id`),
  KEY `resource_id` (`resource_id`),
  KEY `tag_id` (`tag_id`),
  KEY `user_id` (`user_id`)
) ENGINE=InnoDB DEFAULT CHARSET=utf8mb4 COLLATE=utf8mb4_unicode_ci;
/*!40101 SET character_set_client = @saved_cs_client */;

--
-- Dumping data for table `resources_tags`
--

/*!40000 ALTER TABLE `resources_tags` DISABLE KEYS */;
/*!40000 ALTER TABLE `resources_tags` ENABLE KEYS */;

--
-- Table structure for table `organization_settings`
--

DROP TABLE IF EXISTS `organization_settings`;
/*!40101 SET @saved_cs_client     = @@character_set_client */;
/*!50503 SET character_set_client = utf8mb4 */;
CREATE TABLE `organization_settings` (
  `id` char(36) CHARACTER SET ascii COLLATE ascii_general_ci NOT NULL,
  `property_id` char(36) CHARACTER SET ascii COLLATE ascii_general_ci NOT NULL,
  `property` varchar(256) NOT NULL,
  `value` text NOT NULL,
  `created` datetime NOT NULL,
  `modified` datetime NOT NULL,
  `created_by` char(36) CHARACTER SET ascii COLLATE ascii_general_ci NOT NULL,
  `modified_by` char(36) CHARACTER SET ascii COLLATE ascii_general_ci NOT NULL,
  PRIMARY KEY (`id`),
  KEY `property_id` (`property_id`)
) ENGINE=InnoDB DEFAULT CHARSET=utf8mb4 COLLATE=utf8mb4_unicode_ci;
/*!40101 SET character_set_client = @saved_cs_client */;

--
-- Dumping data for table `organization_settings`
--

/*!40000 ALTER TABLE `organization_settings` DISABLE KEYS */;
INSERT INTO `organization_settings` VALUES ('608be24e-6243-413f-af14-5361e7762880','bad8f020-4e08-5f52-9333-91ba8101fb91','passwordExpiry','{\"automatic_expiry\":true,\"automatic_update\":true,\"policy_override\":false,\"default_expiry_period\":null}','2024-02-25 12:25:46','2024-02-25 12:25:46','509a2bc9-4038-45a8-9eb6-592dd891f7a0','509a2bc9-4038-45a8-9eb6-592dd891f7a0'),('cf434e15-afca-4516-b142-0c62c39c9a0e','7b636b27-e5e8-5508-99c8-cf6630ede4d7','smtp','-----BEGIN PGP MESSAGE-----\n\nhQGMAwDtv/j1YdrWAQv/T8mmcvNLL03kNcuUDOk5r1ILfKQnlUv76O5vDC15R7e6\nwj9FXVewCCbLwWc6E5LrWA5omn2WdzVbnRoY5upQP792u1DU6xmxDRzsNNF7E7a8\nfUJSx4D6mHZq2hYlP95FjCjDt9IqBkCKCt7Eevz1dKug2kX42BaOLEFMlo2s2EaX\n8nqitGqUUyelMJYd+p33SDuGFVGydmbgNtSHJicMARymqsMUfDwUZM+qgUpy3Yhc\nZfDnBviCaL9FfUMS7D/eA9W01wzP+ffqyC2FYdr5KMG2DXd1byBdEV6MuF9/Lv9Y\nY8/scdR+umpphBdIdKdOEZc5L/QJ2DhRlhCUb2IYZ2mZEA2jk5FdwftLr+4GfK7D\nGZLUKGCVuwa3uP2Co+wviMgX6olCTq3nL3JZUtttIyG8EMSoPftqpSQHQTTTJugG\ndTECLB56uTdA4zGL4nq/IMZ5f4ln5RGTN5yxO4Wh9u5DvCtGpmo6Pp44/TJ6HUp4\n7bLVn2G51Y0lJS7cJEMV0sABAYDFb2mLC8lk907cjNh4Jjixv4TSYrMEgaVknYBR\nZggyQ/NLv5tnZoSOEz1LhzwqmF5/53d6qPL6Fst+5233bnUcjy4fXGTh4RUl7Wo0\nmKUYvfFtE3uPIK6wQb8Lu0yWnsIbswy9D+o6MqMQROVPmMGnrlrhvVKS4vc9XzeL\nDD4E5+sX7FYMtxLjwGYc2mtx4jWc4lIfWvoP6hhmRK8m+2UeHPVTLRwFA0WMbEP/\ndKs94MmdJbD3PsdzcWmezuil6A==\n=aeaS\n-----END PGP MESSAGE-----\n','2024-02-25 13:02:39','2024-02-25 13:03:39','509a2bc9-4038-45a8-9eb6-592dd891f7a0','509a2bc9-4038-45a8-9eb6-592dd891f7a0'),('e60534a7-bfb0-4470-9856-55ea97214366','95347d0d-0cd1-5e97-9299-1d95ffef8965','mfa','{\"providers\":[\"totp\"],\"yubikey\":[],\"duo\":[]}','2024-02-26 20:46:31','2024-02-26 20:46:31','509a2bc9-4038-45a8-9eb6-592dd891f7a0','509a2bc9-4038-45a8-9eb6-592dd891f7a0');
/*!40000 ALTER TABLE `organization_settings` ENABLE KEYS */;

--
-- Table structure for table `permissions`
--

DROP TABLE IF EXISTS `permissions`;
/*!40101 SET @saved_cs_client     = @@character_set_client */;
/*!50503 SET character_set_client = utf8mb4 */;
CREATE TABLE `permissions` (
  `id` char(36) CHARACTER SET ascii COLLATE ascii_general_ci NOT NULL,
  `aco` varchar(30) CHARACTER SET ascii COLLATE ascii_general_ci NOT NULL,
  `aco_foreign_key` char(36) CHARACTER SET ascii COLLATE ascii_general_ci NOT NULL,
  `aro` varchar(30) CHARACTER SET ascii COLLATE ascii_general_ci NOT NULL,
  `aro_foreign_key` char(36) CHARACTER SET ascii COLLATE ascii_general_ci DEFAULT NULL,
  `type` int(11) NOT NULL,
  `created` datetime NOT NULL,
  `modified` datetime NOT NULL,
  PRIMARY KEY (`id`),
  KEY `aco_foreign_key` (`aco_foreign_key`),
  KEY `aro_foreign_key` (`aro_foreign_key`),
  KEY `aco_foreign_key_2` (`aco_foreign_key`,`aro_foreign_key`,`aco`,`type`)
) ENGINE=InnoDB DEFAULT CHARSET=utf8mb4 COLLATE=utf8mb4_unicode_ci;
/*!40101 SET character_set_client = @saved_cs_client */;

--
-- Dumping data for table `permissions`
--

/*!40000 ALTER TABLE `permissions` DISABLE KEYS */;
INSERT INTO `permissions` VALUES ('01fcd576-5a73-4f4e-b6f5-b032eae32b2b','Folder','32643b5f-73a7-406b-86d6-5eb5c1bd013d','User','509a2bc9-4038-45a8-9eb6-592dd891f7a0',15,'2024-02-20 03:00:17','2024-02-20 03:00:17'),('0ac6b83f-6833-43a3-b081-9449a16d715f','Resource','a7096389-1980-4acd-a89a-6c84d6bad4a9','User','509a2bc9-4038-45a8-9eb6-592dd891f7a0',15,'2024-02-25 12:15:51','2024-02-25 12:15:51'),('27f968c3-c856-438a-a772-606b7d51b2b0','Resource','dceda507-db49-4260-9d24-d878cb6f49cf','User','509a2bc9-4038-45a8-9eb6-592dd891f7a0',15,'2024-02-25 12:15:51','2024-02-25 12:15:51'),('333c60ae-760e-4703-8d89-cac50004f063','Resource','36307ef9-0497-4028-aaf8-41688b640627','User','509a2bc9-4038-45a8-9eb6-592dd891f7a0',15,'2024-02-25 12:15:51','2024-02-25 12:15:51'),('3f1d5cc8-0830-41ad-a8ea-1b72fdb72292','Resource','44663664-70a9-4c3e-be23-c6da509ab377','User','3fa96e21-518b-41b5-aa72-71850cdd202c',1,'2024-02-25 14:25:12','2024-02-25 14:25:12'),('44e9bd99-e966-4d35-bf95-76d21a70a777','Folder','218efbe4-5dee-4697-85f0-0085da447395','User','509a2bc9-4038-45a8-9eb6-592dd891f7a0',15,'2024-02-20 02:21:37','2024-02-20 02:21:37'),('51393d77-05f6-4907-b25d-2c3b9cf709b8','Resource','d5522a8b-2ad6-4a18-a0ee-c05131102477','User','509a2bc9-4038-45a8-9eb6-592dd891f7a0',15,'2024-02-25 12:15:51','2024-02-25 12:15:51'),('5878e4de-6f75-4d06-8a52-1555324c53c8','Resource','d80dedb9-9cf7-4668-b67d-8b0d78f6a39b','User','509a2bc9-4038-45a8-9eb6-592dd891f7a0',15,'2024-02-25 12:15:51','2024-02-25 12:15:51'),('62748f5d-db04-4186-a1dd-c663b5f9de7e','Resource','815ac074-e47e-4d11-a5e4-efef28b8ecae','User','509a2bc9-4038-45a8-9eb6-592dd891f7a0',15,'2024-02-25 12:15:51','2024-02-25 12:15:51'),('67729777-d067-4ed3-97bb-cd6732f5f5d7','Resource','dceda507-db49-4260-9d24-d878cb6f49cf','User','3fa96e21-518b-41b5-aa72-71850cdd202c',1,'2024-02-25 14:25:12','2024-02-25 14:25:12'),('714762df-5e83-4b6a-ae00-9b4a68c2aaf6','Resource','6a6b70c6-53e4-41c0-a767-6a68952b1d87','User','3fa96e21-518b-41b5-aa72-71850cdd202c',1,'2024-02-25 14:25:12','2024-02-25 14:25:12'),('72f1c221-aeed-4b51-a0e2-f0f588a4d766','Folder','2caad2f7-1ae2-424d-bf6a-aa5ca0f38096','User','509a2bc9-4038-45a8-9eb6-592dd891f7a0',15,'2024-02-20 01:42:39','2024-02-20 01:42:39'),('75c6de79-10c7-4f9a-baa8-d8de9f7afa4f','Folder','2a7151e8-64a4-4422-8b34-ce38e80ecf77','User','509a2bc9-4038-45a8-9eb6-592dd891f7a0',15,'2024-02-20 02:57:36','2024-02-20 02:57:36'),('99bc01ba-c5f1-4f6d-a2bc-a46ad68ed216','Folder','b515b708-a4a5-4b9e-99ef-6c39e5410ae1','User','509a2bc9-4038-45a8-9eb6-592dd891f7a0',15,'2024-02-20 01:42:25','2024-02-20 01:42:25'),('9e370a6b-8ce3-4311-ad15-b8666b4b3356','Resource','9ef3a2ca-513d-467e-a03c-57285d8de631','User','509a2bc9-4038-45a8-9eb6-592dd891f7a0',15,'2024-02-25 12:15:51','2024-02-25 12:15:51'),('9f9c1234-9ba0-4f1d-b080-f3728360e11b','Resource','5f7dd9ab-d464-41bf-9c52-efc995f1ef5e','User','509a2bc9-4038-45a8-9eb6-592dd891f7a0',15,'2024-02-20 03:01:05','2024-02-20 03:01:05'),('aaeaacdb-0cc8-4f52-97a5-b9c07cd73e32','Folder','621e5811-cf1a-4384-b307-746a0112700b','User','509a2bc9-4038-45a8-9eb6-592dd891f7a0',15,'2024-02-20 01:43:14','2024-02-20 01:43:14'),('b2611c41-5434-4666-882d-3c385c334604','Folder','155edcf1-8bad-4b2e-a775-a02e4275572b','User','509a2bc9-4038-45a8-9eb6-592dd891f7a0',15,'2024-02-20 01:19:36','2024-02-20 01:19:36'),('b3c460de-76cb-41bb-8aeb-b9fc9ff39ea5','Resource','6a6b70c6-53e4-41c0-a767-6a68952b1d87','User','509a2bc9-4038-45a8-9eb6-592dd891f7a0',15,'2024-02-25 12:15:51','2024-02-25 12:15:51'),('c3d78aba-1e15-485d-8b91-b0c0c7d835a3','Resource','eb5958f0-e772-4887-a024-48e7b1a7ee8e','User','509a2bc9-4038-45a8-9eb6-592dd891f7a0',15,'2024-02-25 12:15:51','2024-02-25 12:15:51'),('f1d3e755-c634-4cdd-bc2d-c9991876f012','Folder','c0be64eb-4d8e-43a3-b447-0cfe683c21a5','User','509a2bc9-4038-45a8-9eb6-592dd891f7a0',15,'2024-02-25 12:15:51','2024-02-25 12:15:51'),('f81c4ceb-8874-4d92-a87c-77e652a690a0','Resource','44663664-70a9-4c3e-be23-c6da509ab377','User','509a2bc9-4038-45a8-9eb6-592dd891f7a0',15,'2024-02-20 02:59:24','2024-02-20 02:59:24');
/*!40000 ALTER TABLE `permissions` ENABLE KEYS */;

--
-- Table structure for table `permissions_history`
--

DROP TABLE IF EXISTS `permissions_history`;
/*!40101 SET @saved_cs_client     = @@character_set_client */;
/*!50503 SET character_set_client = utf8mb4 */;
CREATE TABLE `permissions_history` (
  `id` char(36) CHARACTER SET ascii COLLATE ascii_general_ci NOT NULL,
  `aco` varchar(30) CHARACTER SET ascii COLLATE ascii_general_ci NOT NULL,
  `aco_foreign_key` char(36) CHARACTER SET ascii COLLATE ascii_general_ci NOT NULL,
  `aro` varchar(30) CHARACTER SET ascii COLLATE ascii_general_ci NOT NULL,
  `aro_foreign_key` char(36) CHARACTER SET ascii COLLATE ascii_general_ci NOT NULL,
  `type` int(11) NOT NULL,
  PRIMARY KEY (`id`),
  KEY `aco_foreign_key` (`aco_foreign_key`),
  KEY `aro_foreign_key` (`aro_foreign_key`),
  KEY `aco` (`aco`,`aro`),
  KEY `type` (`type`)
) ENGINE=InnoDB DEFAULT CHARSET=utf8mb4 COLLATE=utf8mb4_unicode_ci;
/*!40101 SET character_set_client = @saved_cs_client */;

--
-- Dumping data for table `permissions_history`
--

/*!40000 ALTER TABLE `permissions_history` DISABLE KEYS */;
INSERT INTO `permissions_history` VALUES ('3f1d5cc8-0830-41ad-a8ea-1b72fdb72292','Resource','44663664-70a9-4c3e-be23-c6da509ab377','User','3fa96e21-518b-41b5-aa72-71850cdd202c',1),('67729777-d067-4ed3-97bb-cd6732f5f5d7','Resource','dceda507-db49-4260-9d24-d878cb6f49cf','User','3fa96e21-518b-41b5-aa72-71850cdd202c',1),('714762df-5e83-4b6a-ae00-9b4a68c2aaf6','Resource','6a6b70c6-53e4-41c0-a767-6a68952b1d87','User','3fa96e21-518b-41b5-aa72-71850cdd202c',1);
/*!40000 ALTER TABLE `permissions_history` ENABLE KEYS */;

--
-- Table structure for table `phinxlog`
--

DROP TABLE IF EXISTS `phinxlog`;
/*!40101 SET @saved_cs_client     = @@character_set_client */;
/*!50503 SET character_set_client = utf8mb4 */;
CREATE TABLE `phinxlog` (
  `version` bigint(20) NOT NULL,
  `migration_name` varchar(100) DEFAULT NULL,
  `start_time` timestamp NULL DEFAULT NULL,
  `end_time` timestamp NULL DEFAULT NULL,
  `breakpoint` tinyint(1) NOT NULL DEFAULT 0,
  PRIMARY KEY (`version`)
) ENGINE=InnoDB DEFAULT CHARSET=utf8mb4 COLLATE=utf8mb4_unicode_ci;
/*!40101 SET character_set_client = @saved_cs_client */;

--
-- Dumping data for table `phinxlog`
--

/*!40000 ALTER TABLE `phinxlog` DISABLE KEYS */;
INSERT INTO `phinxlog` VALUES (20170830064410,'V162InitialMigration','2024-02-18 08:18:40','2024-02-18 08:18:40',0),(20170830065037,'V200ActiveMustBeBoolean','2024-02-18 08:18:40','2024-02-18 08:18:40',0),(20170830065038,'V200DropUnusedProfileFields','2024-02-18 08:18:40','2024-02-18 08:18:40',0),(20170830065039,'V200IncreaseEmailSize','2024-02-18 08:18:40','2024-02-18 08:18:40',0),(20170830065040,'V200DropUnusedCreatedBy','2024-02-18 08:18:40','2024-02-18 08:18:40',0),(20170830065041,'V200MigrateUUID','2024-02-18 08:18:40','2024-02-18 08:18:41',0),(20170830065042,'V200MigrateKeyField','2024-02-18 08:18:41','2024-02-18 08:18:41',0),(20171002061834,'V200DropUnusedResourceFields','2024-02-18 08:18:41','2024-02-18 08:18:41',0),(20171006141922,'V200AddFavoriteModifiedField','2024-02-18 08:18:41','2024-02-18 08:18:41',0),(20171009093000,'V200DropUnusedPermissionTypesTable','2024-02-18 08:18:41','2024-02-18 08:18:41',0),(20171009093001,'V200MigrateEmailsTable','2024-02-18 08:18:41','2024-02-18 08:18:41',0),(20171009093002,'V200MigrateFileStorageTable','2024-02-18 08:18:41','2024-02-18 08:18:41',0),(20171025154754,'V200AddCommentsUserIdField','2024-02-18 08:18:41','2024-02-18 08:18:41',0),(20180102065042,'V200MigrateForeignIdField','2024-02-18 08:18:41','2024-02-18 08:18:41',0),(20180102180000,'V200DropUnusedTables','2024-02-18 08:18:41','2024-02-18 08:18:41',0),(20180102221500,'V200AddMissingTablesIndexes','2024-02-18 08:18:41','2024-02-18 08:18:41',0),(20180413171600,'V202ForceColumnsCharset','2024-02-18 08:18:41','2024-02-18 08:18:41',0),(20180503135810,'V210InstallAccountSettingsPlugin','2024-02-18 08:18:41','2024-02-18 08:18:41',0),(20180930151500,'V240AddAuthenticationTokenType','2024-02-18 08:18:41','2024-02-18 08:18:41',0),(20181002171600,'V240ExtendAccountSettingsPlugin','2024-02-18 08:18:41','2024-02-18 08:18:41',0),(20181024124300,'V250ChangeMfaAccountSettingsDataFormat','2024-02-18 08:18:41','2024-02-18 08:18:41',0),(20181210170000,'V270AddMissingIndexes','2024-02-18 08:18:41','2024-02-18 08:18:41',0),(20190106170300,'V280AdditionalEmailMigration','2024-02-18 08:18:41','2024-02-18 08:18:41',0),(20190106170301,'V280AdditionalFileStorageMigration','2024-02-18 08:18:41','2024-02-18 08:18:41',0),(20190106170302,'V280FileDirectoryPathsMigrations','2024-02-18 08:18:41','2024-02-18 08:18:41',0),(20190112124290,'V270AddActionsTable','2024-02-18 08:18:41','2024-02-18 08:18:41',0),(20190112124300,'V270AddActionLogsTable','2024-02-18 08:18:41','2024-02-18 08:18:41',0),(20190121111100,'V270AddEntitiesHistoryTable','2024-02-18 08:18:41','2024-02-18 08:18:41',0),(20190121121100,'V270AddPermissionsHistoryTable','2024-02-18 08:18:41','2024-02-18 08:18:41',0),(20190211124300,'V270AddSecretsHistoryTable','2024-02-18 08:18:41','2024-02-18 08:18:41',0),(20190221124300,'V270AddSecretAccessesTable','2024-02-18 08:18:41','2024-02-18 08:18:41',0),(20190512115400,'V2100AddOrganizationSettingsTable','2024-02-18 08:18:41','2024-02-18 08:18:41',0),(20190623143400,'V2110ExtendKeyIdSizeField','2024-02-18 08:18:41','2024-02-18 08:18:41',0),(20190923103000,'V2120UpdateEmailQueue','2024-02-18 08:18:41','2024-02-18 08:18:41',0),(20191119092944,'V2130AddFoldersTable','2024-02-18 08:18:41','2024-02-18 08:18:41',0),(20191119092945,'V2130AddFoldersHistoryTable','2024-02-18 08:18:41','2024-02-18 08:18:41',0),(20191119160000,'V2120DropUnusedTables','2024-02-18 08:18:41','2024-02-18 08:18:41',0),(20191216092944,'V2130AddFoldersRelationsTable','2024-02-18 08:18:41','2024-02-18 08:18:41',0),(20191216092945,'V2130AddFoldersRelationsHistoryTable','2024-02-18 08:18:41','2024-02-18 08:18:41',0),(20200108135000,'V2130DropLegacyAnonymousUser','2024-02-18 08:18:41','2024-02-18 08:18:41',0),(20200205135000,'V2130AddResourcesFoldersRelations','2024-02-18 08:18:41','2024-02-18 08:18:41',0),(20200319135000,'V2130SoftDeleteGpgKeysForSoftDeletedUsers','2024-02-18 08:18:41','2024-02-18 08:18:41',0),(20200501182000,'V2130ReconcileLoginHistory','2024-02-18 08:18:41','2024-02-18 08:18:41',0),(20200609192000,'V2130AddMissingFoldersIndexes','2024-02-18 08:18:41','2024-02-18 08:18:41',0),(20200806110200,'V300ExtendSecretsDataField','2024-02-18 08:18:41','2024-02-18 08:18:41',0),(20200806110201,'V300AddResourceTypeIdField','2024-02-18 08:18:41','2024-02-18 08:18:41',0),(20200806110202,'V300AddResourceTypesTable','2024-02-18 08:18:41','2024-02-18 08:18:41',0),(20200806110203,'V300AddResourceTypesDefaultData','2024-02-18 08:18:41','2024-02-18 08:18:41',0),(20200806110204,'V300AddResourceTypesToResources','2024-02-18 08:18:41','2024-02-18 08:18:41',0),(20200824191900,'V2136CleanupUnusedActionLogs','2024-02-18 08:18:41','2024-02-18 08:18:41',0),(20200824191901,'V2136AddActionLogsRelatedIndexes','2024-02-18 08:18:41','2024-02-18 08:18:41',0),(20201221093528,'V300DeleteMetadataOfSoftDeletedResources','2024-02-18 08:18:41','2024-02-18 08:18:41',0),(20210111163200,'V300AddActionLogsExtraIndex','2024-02-18 08:18:41','2024-02-18 08:18:41',0),(20210121141742,'V320AddAvatarsTable','2024-02-18 08:18:41','2024-02-18 08:18:41',0),(20210125212543,'V320TransferFileStorageToAvatars','2024-02-18 08:18:41','2024-02-18 08:18:41',0),(20210206521254,'V320DropFileStorage','2024-02-18 08:18:41','2024-02-18 08:18:41',0),(20210329110000,'V320FixResourceTypesDefaultData','2024-02-18 08:18:41','2024-02-18 08:18:41',0),(20210427124200,'V330AddMobileTransferTable','2024-02-18 08:18:41','2024-02-18 08:18:41',0),(20211027202137,'V331ConvertEmailVariablesToJson','2024-02-18 08:18:41','2024-02-18 08:18:41',0),(20211121231000,'V3120MigrateASCIIFieldsEncodingFolders','2024-02-18 08:18:41','2024-02-18 08:18:41',0),(20211121231300,'V340MigrateASCIIFieldsEncoding','2024-02-18 08:18:41','2024-02-18 08:18:42',0),(20211121232400,'V340AddFoldersRelationsExtraIndexes','2024-02-18 08:18:42','2024-02-18 08:18:42',0),(20211122732400,'V350ConvertIdFieldsToUuidFields','2024-02-18 08:18:42','2024-02-18 08:18:42',0),(20211215180000,'V350RemovePermissionsTypeIndex','2024-02-18 08:18:42','2024-02-18 08:18:42',0),(20211215180001,'V350AddPermissionsCombinedIndex','2024-02-18 08:18:42','2024-02-18 08:18:42',0),(20220103180000,'V350IncreaseResourcesNameUsernameColumnsSize','2024-02-18 08:18:42','2024-02-18 08:18:42',0),(20220103180001,'V350IncreaseResourcesNameUsernameLengthInResourceTypes','2024-02-18 08:18:42','2024-02-18 08:18:42',0),(20220405232411,'V360RemoveAuthLoginLoginGetActionFromLogs','2024-02-18 08:18:42','2024-02-18 08:18:42',0),(20220405234003,'V360RemoveAuthCheckSessionCheckSessionGetFromLogs','2024-02-18 08:18:42','2024-02-18 08:18:42',0),(20220405234359,'V360RemoveAuthIsAuthenticatedIsAuthenticatedFromLogs','2024-02-18 08:18:42','2024-02-18 08:18:42',0),(20220802151030,'V380AlterNameAndSlugOnResourceTypes','2024-02-18 08:18:42','2024-02-18 08:18:42',0),(20220802151740,'V380TrimSpacesOnResourceTypesNameAndSlug','2024-02-18 08:18:42','2024-02-18 08:18:42',0),(20220809190030,'V372ImproveFoldersRelationsIndexesAddItemsToUserTreePerformance','2024-02-18 08:18:42','2024-02-18 08:18:42',0),(20220824081645,'V380AlterNameLengthOnFolders','2024-02-18 08:18:42','2024-02-18 08:18:42',0),(20220913233909,'V380SaveSmtpSettingsInDb','2024-02-18 08:18:42','2024-02-18 08:18:42',0),(20220915150002,'V380AlterNameLengthOnFoldersHistory','2024-02-18 08:18:42','2024-02-18 08:18:42',0),(20220922082044,'V380SaveMfaOrganizationSettingsInDb','2024-02-18 08:18:42','2024-02-18 08:18:42',0),(20230202094451,'V3110SaveMfaOrganizationSettingsInDbInDuoV4Format','2024-02-18 08:18:42','2024-02-18 08:18:42',0),(20230308124720,'V3120DropActionLogsDuplicateIndexes','2024-02-18 08:18:42','2024-02-18 08:18:42',0),(20230414124720,'V3122DeleteDescriptionForResourceOfTypePasswordAndDescription','2024-02-18 08:18:42','2024-02-18 08:18:42',0),(20230418103007,'V400AddTotpResourceTypes','2024-02-18 08:18:42','2024-02-18 08:18:42',0),(20230512220600,'V410ImproveFoldersRelationsIndexesShareFoldersPerformance','2024-02-18 08:18:42','2024-02-18 08:18:42',0),(20230601101058,'V410RemoveTypeFromTotpResourceTypes','2024-02-18 08:18:42','2024-02-18 08:18:42',0),(20230607174200,'V410DeleteRootRole','2024-02-18 08:18:42','2024-02-18 08:18:42',0),(20230607174300,'V410AddRbacsTables','2024-02-18 08:18:42','2024-02-18 08:18:42',0),(20230607174301,'V410InsertUiActions','2024-02-18 08:18:42','2024-02-18 08:18:42',0),(20230607174302,'V410InsertDefaultRbacsUiActions','2024-02-18 08:18:42','2024-02-18 08:18:42',0),(20230718083939,'V420AddUserIdIndexToProfiles','2024-02-18 08:18:42','2024-02-18 08:18:42',0),(20230911100418,'V430AddUserDisabledField','2024-02-18 08:18:42','2024-02-18 08:18:42',0),(20231005121310,'V440MobileTransferInsertUiActions','2024-02-18 08:18:42','2024-02-18 08:18:42',0),(20231005123634,'V440MobileTransferDefaultRbacsUiActions','2024-02-18 08:18:42','2024-02-18 08:18:42',0),(20231108114414,'V441AlterUidOnGpgkeys','2024-02-18 08:18:42','2024-02-18 08:18:42',0),(20231115235026,'V441DropUserAgents','2024-02-18 08:18:42','2024-02-18 08:18:42',0),(20231211195437,'V450AddExpiredDateFieldToResources','2024-02-18 08:18:42','2024-02-18 08:18:42',0),(20240226143754,'V460ShareFolderUiActions','2025-06-30 23:39:50','2025-06-30 23:39:50',0),(20240226145601,'V460ShareFolderDefaultRbacsUiActions','2025-06-30 23:39:50','2025-06-30 23:39:50',0),(20240604053611,'V490AddUserIdIndexToGpgkeys','2025-06-30 23:39:50','2025-06-30 23:39:51',0),(20240820100802,'V4100AddDeletedToResourceTypes','2025-06-30 23:39:51','2025-06-30 23:39:51',0),(20240820102155,'V4100AddV5ResourceTypes','2025-06-30 23:39:51','2025-06-30 23:39:51',0),(20240820111234,'V4100CreateMetadataKeys','2025-06-30 23:39:51','2025-06-30 23:39:51',0),(20240821045327,'V4100CreateMetadataSessionKeys','2025-06-30 23:39:51','2025-06-30 23:39:51',0),(20240821045745,'V4100CreateMetadataPrivateKeys','2025-06-30 23:39:51','2025-06-30 23:39:51',0),(20240821051003,'V4100AddMetadataFieldsToFolders','2025-06-30 23:39:51','2025-06-30 23:39:51',0),(20240821052253,'V4100AddDataToComments','2025-06-30 23:39:51','2025-06-30 23:39:51',0),(20240821052536,'V4100AddMetadataFieldsToResources','2025-06-30 23:39:51','2025-06-30 23:39:51',0),(20240829085449,'V4100AlterNameToNullableOnResources','2025-06-30 23:39:51','2025-06-30 23:39:51',0),(20240918070616,'V4100AlterFoldersChangeNameToNullable','2025-06-30 23:39:51','2025-06-30 23:39:51',0),(20241125081300,'V4101ReAddV5ResourceTypes','2025-06-30 23:39:51','2025-06-30 23:39:51',0);
/*!40000 ALTER TABLE `phinxlog` ENABLE KEYS */;

--
-- Table structure for table `profiles`
--

DROP TABLE IF EXISTS `profiles`;
/*!40101 SET @saved_cs_client     = @@character_set_client */;
/*!50503 SET character_set_client = utf8mb4 */;
CREATE TABLE `profiles` (
  `id` char(36) CHARACTER SET ascii COLLATE ascii_general_ci NOT NULL,
  `user_id` char(36) CHARACTER SET ascii COLLATE ascii_general_ci NOT NULL,
  `first_name` varchar(255) NOT NULL,
  `last_name` varchar(255) NOT NULL,
  `created` datetime NOT NULL,
  `modified` datetime NOT NULL,
  PRIMARY KEY (`id`),
  KEY `user_id` (`user_id`)
) ENGINE=InnoDB DEFAULT CHARSET=utf8mb4 COLLATE=utf8mb4_unicode_ci;
/*!40101 SET character_set_client = @saved_cs_client */;

--
-- Dumping data for table `profiles`
--

/*!40000 ALTER TABLE `profiles` DISABLE KEYS */;
INSERT INTO `profiles` VALUES ('542ab594-3908-43de-8848-1c5c4f8fa1e7','3fa96e21-518b-41b5-aa72-71850cdd202c','shen','xiaofan','2024-02-25 12:44:23','2024-02-25 12:44:23'),('769afd7b-ac4e-4886-b55f-d78177a4e958','45bb24d6-57e4-413d-9eb5-8e07a12f015c','shen','xiaoyi','2024-02-24 04:06:12','2024-02-24 04:06:12'),('e5b25643-fb74-45ec-acdb-da7a6964a993','b8ecdc71-18b4-4f51-97ff-01070a5a74fa','shen','xiaofan','2024-02-24 04:06:58','2024-02-25 12:20:38'),('f71aa680-4c7c-4be0-9840-837c6ca660fa','509a2bc9-4038-45a8-9eb6-592dd891f7a0','admuser','admsur','2024-02-18 09:44:57','2024-02-26 20:23:45');
/*!40000 ALTER TABLE `profiles` ENABLE KEYS */;

--
-- Table structure for table `rbacs`
--

DROP TABLE IF EXISTS `rbacs`;
/*!40101 SET @saved_cs_client     = @@character_set_client */;
/*!50503 SET character_set_client = utf8mb4 */;
CREATE TABLE `rbacs` (
  `id` char(36) CHARACTER SET ascii COLLATE ascii_general_ci NOT NULL,
  `role_id` char(36) CHARACTER SET ascii COLLATE ascii_general_ci NOT NULL,
  `control_function` varchar(255) CHARACTER SET ascii COLLATE ascii_general_ci DEFAULT NULL,
  `foreign_model` varchar(36) CHARACTER SET ascii COLLATE ascii_general_ci NOT NULL,
  `foreign_id` char(36) CHARACTER SET ascii COLLATE ascii_general_ci NOT NULL,
  `created` datetime NOT NULL,
  `modified` datetime NOT NULL,
  `created_by` char(36) CHARACTER SET ascii COLLATE ascii_general_ci DEFAULT NULL,
  `modified_by` char(36) CHARACTER SET ascii COLLATE ascii_general_ci DEFAULT NULL,
  PRIMARY KEY (`id`),
  UNIQUE KEY `role_id` (`role_id`,`foreign_id`)
) ENGINE=InnoDB DEFAULT CHARSET=utf8mb4 COLLATE=utf8mb4_unicode_ci;
/*!40101 SET character_set_client = @saved_cs_client */;

--
-- Dumping data for table `rbacs`
--

/*!40000 ALTER TABLE `rbacs` DISABLE KEYS */;
INSERT INTO `rbacs` VALUES ('026a6e4d-007f-40bf-b723-d60087638e35','44c4413a-4213-46f2-8453-29e4741c111d','Allow','UiAction','e8c3f4cd-7c60-477d-90ca-ea93c14ab8ef','2024-02-18 08:18:42','2024-02-18 08:18:42',NULL,NULL),('192b1a0c-dcfa-4d37-aab4-c83a1e905b0e','44c4413a-4213-46f2-8453-29e4741c111d','Allow','UiAction','f79ee8ee-c663-4817-ba64-38dfbb9c1643','2024-02-18 08:18:42','2024-02-18 08:18:42',NULL,NULL),('1932478c-7633-4e3b-927f-e9ecc78f4935','44c4413a-4213-46f2-8453-29e4741c111d','Allow','UiAction','93bd1819-3ccf-47a0-af69-5b30121435b2','2024-02-18 08:18:42','2024-02-18 08:18:42',NULL,NULL),('21a801bc-6816-4707-8cdf-065ed7d1d257','44c4413a-4213-46f2-8453-29e4741c111d','Allow','UiAction','7e6002fb-08ab-45d0-97da-2515bd1191b4','2024-02-18 08:18:42','2024-02-18 08:18:42',NULL,NULL),('2490378a-1fe9-42f1-8ec1-89b30e88b45b','44c4413a-4213-46f2-8453-29e4741c111d','Allow','UiAction','1430f069-c9b8-4af2-af99-9468edb0015b','2024-02-18 08:18:42','2024-02-18 08:18:42',NULL,NULL),('4947cd9f-c3c2-43a4-8608-e35ebc1eeafc','44c4413a-4213-46f2-8453-29e4741c111d','Allow','UiAction','2d0c8075-5dd2-4811-bb1a-999bb5d5b330','2024-02-18 08:18:42','2024-02-18 08:18:42',NULL,NULL),('5ad330b9-9169-4ca4-9d0c-5ed60fb6564a','44c4413a-4213-46f2-8453-29e4741c111d','Allow','UiAction','15100247-7253-4170-92ef-64a357b7d3cd','2024-02-18 08:18:42','2024-02-18 08:18:42',NULL,NULL),('8f21f6ac-154c-4720-b3eb-4047d14949b7','44c4413a-4213-46f2-8453-29e4741c111d','Allow','UiAction','7e72df6e-8d63-4f35-9c75-6aecbd099162','2024-02-18 08:18:42','2024-02-18 08:18:42',NULL,NULL),('8fe78bce-73ad-4d5e-8a73-11f2186149f6','44c4413a-4213-46f2-8453-29e4741c111d','Allow','UiAction','17012841-3139-4036-a0b6-8ab611807d3c','2024-02-18 08:18:42','2024-02-18 08:18:42',NULL,NULL),('a698939b-16f8-4bab-8e91-e9ae11af35db','44c4413a-4213-46f2-8453-29e4741c111d','Allow','UiAction','1830e537-d070-4761-ac41-4d0e9d7912df','2024-02-18 08:18:42','2024-02-18 08:18:42',NULL,NULL),('aca06b77-46fa-4b47-b5fe-8ce3dedbaf24','44c4413a-4213-46f2-8453-29e4741c111d','Allow','UiAction','ca2d57dd-1d86-4edc-8a04-475491c7cc9e','2024-02-18 08:18:42','2024-02-18 08:18:42',NULL,NULL),('af56fa56-a3ea-4a23-ae7e-0e254d732365','44c4413a-4213-46f2-8453-29e4741c111d','Allow','UiAction','bc7ed39a-01fa-4072-8401-79734153065a','2024-02-18 08:18:42','2024-02-18 08:18:42',NULL,NULL),('bda02f2d-c065-47e5-9287-14db89bf54ba','44c4413a-4213-46f2-8453-29e4741c111d','Allow','UiAction','574d1c98-69fa-44d6-8fd2-209d1edd182c','2024-02-18 08:18:42','2024-02-18 08:18:42',NULL,NULL),('c24b15c6-8671-46f1-9e58-c2087124a3bc','44c4413a-4213-46f2-8453-29e4741c111d','Allow','UiAction','31038ad5-be6b-4e4d-90b6-820442ac3607','2024-02-18 08:18:42','2024-02-18 08:18:42',NULL,NULL),('d58f3875-7c8b-4ca6-89b9-33fa332c6743','44c4413a-4213-46f2-8453-29e4741c111d','Allow','UiAction','73909ab1-e63a-443b-b3eb-13fb8fc1917b','2024-02-18 08:18:42','2024-02-18 08:18:42',NULL,NULL),('d8a3087b-b3c9-4cdd-bc8c-9d0361280f49','44c4413a-4213-46f2-8453-29e4741c111d','Allow','UiAction','ad96490d-4f1c-4827-ae62-0910c939049a','2025-06-30 23:39:50','2025-06-30 23:39:50',NULL,NULL),('ea811456-dcc3-412a-9751-0817b010838b','44c4413a-4213-46f2-8453-29e4741c111d','Allow','UiAction','81e84920-f4f5-4143-914a-04a183c29fc6','2024-02-18 08:18:42','2024-02-18 08:18:42',NULL,NULL),('ef4218e0-4b19-43f8-9cd7-8a472b4e3282','44c4413a-4213-46f2-8453-29e4741c111d','Allow','UiAction','8677cdc0-7fa7-49ce-8b4c-a0429a3a7c05','2024-02-18 08:18:42','2024-02-18 08:18:42',NULL,NULL),('f2de3f07-521c-4910-95b7-7d7c93c87b49','44c4413a-4213-46f2-8453-29e4741c111d','Deny','UiAction','83fd1982-1761-4489-8edb-33ed7d1b3818','2024-02-18 08:18:42','2024-02-26 20:25:34',NULL,'509a2bc9-4038-45a8-9eb6-592dd891f7a0'),('f8727746-0af5-48c0-9f2d-207c424410f0','44c4413a-4213-46f2-8453-29e4741c111d','Allow','UiAction','a373512e-4c28-4fd5-bb7e-19f34579d38c','2024-02-18 08:18:42','2024-02-18 08:18:42',NULL,NULL);
/*!40000 ALTER TABLE `rbacs` ENABLE KEYS */;

--
-- Table structure for table `resource_types`
--

DROP TABLE IF EXISTS `resource_types`;
/*!40101 SET @saved_cs_client     = @@character_set_client */;
/*!50503 SET character_set_client = utf8mb4 */;
CREATE TABLE `resource_types` (
  `id` char(36) CHARACTER SET ascii COLLATE ascii_general_ci NOT NULL,
  `slug` varchar(64) NOT NULL,
  `name` varchar(64) NOT NULL,
  `description` char(255) DEFAULT NULL,
  `definition` text DEFAULT NULL,
  `deleted` datetime DEFAULT NULL,
  `created` datetime NOT NULL,
  `modified` datetime NOT NULL,
  PRIMARY KEY (`id`),
  UNIQUE KEY `slug` (`slug`)
) ENGINE=InnoDB DEFAULT CHARSET=utf8mb4 COLLATE=utf8mb4_unicode_ci;
/*!40101 SET character_set_client = @saved_cs_client */;

--
-- Dumping data for table `resource_types`
--

/*!40000 ALTER TABLE `resource_types` DISABLE KEYS */;
INSERT INTO `resource_types` VALUES ('05ba5c75-504d-5ad6-819a-83af68867d86','totp','Standalone TOTP','A resource with standalone TOTP fields.','{\"resource\":{\"type\":\"object\",\"required\":[\"name\"],\"properties\":{\"name\":{\"type\":\"string\",\"maxLength\":255},\"uri\":{\"anyOf\":[{\"type\":\"string\",\"maxLength\":1024},{\"type\":\"null\"}]}}},\"secret\":{\"type\":\"object\",\"required\":[\"totp\"],\"properties\":{\"totp\":{\"type\":\"object\",\"required\":[\"secret_key\",\"digits\",\"algorithm\"],\"properties\":{\"algorithm\":{\"type\":\"string\",\"minLength\":4,\"maxLength\":6},\"secret_key\":{\"type\":\"string\",\"maxLength\":1024},\"digits\":{\"type\":\"number\",\"minimum\":6,\"exclusiveMaximum\":9},\"period\":{\"type\":\"number\"}}}}}}',NULL,'2024-02-18 08:18:42','2024-02-18 08:18:42'),('669f8c64-242a-59fb-92fc-81f660975fd3','password-string','Simple password','The original passbolt resource type, where the secret is a non empty string.','{\"resource\":{\"type\":\"object\",\"required\":[\"name\"],\"properties\":{\"name\":{\"type\":\"string\",\"maxLength\":255},\"username\":{\"anyOf\":[{\"type\":\"string\",\"maxLength\":255},{\"type\":\"null\"}]},\"uri\":{\"anyOf\":[{\"type\":\"string\",\"maxLength\":1024},{\"type\":\"null\"}]},\"description\":{\"anyOf\":[{\"type\":\"string\",\"maxLength\":10000},{\"type\":\"null\"}]}}},\"secret\":{\"type\":\"string\",\"maxLength\":4096}}',NULL,'2024-02-18 08:18:41','2024-02-18 08:18:41'),('7438294d-f71c-5164-ba95-d9e60e295564','v5-default-with-totp','Default resource type with TOTP','The new default resource type with a TOTP introduced with v5.','[]',NULL,'2025-06-30 23:39:51','2025-06-30 23:39:51'),('761e5863-e17e-5ded-b3c2-76ffd5d0a2dc','v5-password-string','Simple Password (Deprecated)','The original passbolt resource type, kept for backward compatibility reasons.','[]',NULL,'2025-06-30 23:39:51','2025-06-30 23:39:51'),('8cca88d9-a3f6-56df-b860-3ef08de5c5c4','password-description-totp','Password, Description and TOTP','A resource with encrypted password, description and TOTP fields.','{\"resource\":{\"type\":\"object\",\"required\":[\"name\"],\"properties\":{\"name\":{\"type\":\"string\",\"maxLength\":255},\"username\":{\"anyOf\":[{\"type\":\"string\",\"maxLength\":255},{\"type\":\"null\"}]},\"uri\":{\"anyOf\":[{\"type\":\"string\",\"maxLength\":1024},{\"type\":\"null\"}]}}},\"secret\":{\"type\":\"object\",\"required\":[\"password\",\"totp\"],\"properties\":{\"password\":{\"type\":\"string\",\"maxLength\":4096},\"description\":{\"anyOf\":[{\"type\":\"string\",\"maxLength\":10000},{\"type\":\"null\"}]},\"totp\":{\"type\":\"object\",\"required\":[\"secret_key\",\"digits\",\"algorithm\"],\"properties\":{\"algorithm\":{\"type\":\"string\",\"minLength\":4,\"maxLength\":6},\"secret_key\":{\"type\":\"string\",\"maxLength\":1024},\"digits\":{\"type\":\"number\",\"minimum\":6,\"exclusiveMaximum\":9},\"period\":{\"type\":\"number\"}}}}}}',NULL,'2024-02-18 08:18:42','2024-02-18 08:18:42'),('a28a04cd-6f53-518a-967c-9963bf9cec51','password-and-description','Password with description','A resource with the password and the description encrypted.','{\"resource\":{\"type\":\"object\",\"required\":[\"name\"],\"properties\":{\"name\":{\"type\":\"string\",\"maxLength\":255},\"username\":{\"anyOf\":[{\"type\":\"string\",\"maxLength\":255},{\"type\":\"null\"}]},\"uri\":{\"anyOf\":[{\"type\":\"string\",\"maxLength\":1024},{\"type\":\"null\"}]}}},\"secret\":{\"type\":\"object\",\"required\":[\"password\"],\"properties\":{\"password\":{\"type\":\"string\",\"maxLength\":4096},\"description\":{\"anyOf\":[{\"type\":\"string\",\"maxLength\":10000},{\"type\":\"null\"}]}}}}',NULL,'2024-02-18 08:18:41','2024-02-18 08:18:41'),('bb2280b5-c4d9-569c-9337-62b307f1139c','v5-totp-standalone','Standalone TOTP','The new standalone TOTP resource type introduced with v5.','[]',NULL,'2025-06-30 23:39:51','2025-06-30 23:39:51'),('dd1f723d-0d1e-513f-8218-4055dc0530d0','v5-default','Default resource type','The new default resource type introduced with v5.','[]',NULL,'2025-06-30 23:39:51','2025-06-30 23:39:51'),('0551544e-2ccd-5ce8-95cf-86f0aab0f827','v5-custom-fields','Standalone custom fields','A resource with standalone custom fields.','[]',NULL,'2025-06-30 23:39:51','2025-06-30 23:39:51'),('0a72c76b-b8e6-53f0-8bef-0a8ca6b5c764','v5-note','Standalone note','A resource with standalone notes.','[]',NULL,'2025-06-30 23:39:51','2025-06-30 23:39:51');
/*!40000 ALTER TABLE `resource_types` ENABLE KEYS */;

--
-- Table structure for table `resources`
--

DROP TABLE IF EXISTS `resources`;
/*!40101 SET @saved_cs_client     = @@character_set_client */;
/*!50503 SET character_set_client = utf8mb4 */;
CREATE TABLE `resources` (
  `id` char(36) CHARACTER SET ascii COLLATE ascii_general_ci NOT NULL,
  `name` varchar(255) DEFAULT NULL,
  `username` varchar(255) DEFAULT NULL,
  `uri` varchar(1024) DEFAULT NULL,
  `description` text DEFAULT NULL,
  `metadata` mediumtext DEFAULT NULL,
  `metadata_key_id` char(36) CHARACTER SET ascii COLLATE ascii_general_ci DEFAULT NULL,
  `metadata_key_type` varchar(100) DEFAULT NULL,
  `deleted` tinyint(1) NOT NULL DEFAULT 0,
  `expired` datetime DEFAULT NULL,
  `created` datetime NOT NULL,
  `modified` datetime NOT NULL,
  `created_by` char(36) CHARACTER SET ascii COLLATE ascii_general_ci NOT NULL,
  `modified_by` char(36) CHARACTER SET ascii COLLATE ascii_general_ci NOT NULL,
  `resource_type_id` char(36) CHARACTER SET ascii COLLATE ascii_general_ci DEFAULT NULL,
  PRIMARY KEY (`id`),
  KEY `deleted` (`deleted`),
  KEY `resource_type_id` (`resource_type_id`)
) ENGINE=InnoDB DEFAULT CHARSET=utf8mb4 COLLATE=utf8mb4_unicode_ci;
/*!40101 SET character_set_client = @saved_cs_client */;

--
-- Dumping data for table `resources`
--

/*!40000 ALTER TABLE `resources` DISABLE KEYS */;
INSERT INTO `resources` VALUES ('36307ef9-0497-4028-aaf8-41688b640627','http://10.128.20.110:8080','71010922@sd','http://10.128.20.110:8080/artifactory/webapp/','',NULL,NULL,NULL,0,NULL,'2024-02-25 12:15:51','2024-02-25 12:15:51','509a2bc9-4038-45a8-9eb6-592dd891f7a0','509a2bc9-4038-45a8-9eb6-592dd891f7a0','a28a04cd-6f53-518a-967c-9963bf9cec51'),('44663664-70a9-4c3e-be23-c6da509ab377','mix-ceph-dashboard','admin','https://137.0.222.46:8443/#/login',NULL,NULL,NULL,NULL,0,NULL,'2024-02-20 02:59:24','2024-02-20 02:59:24','509a2bc9-4038-45a8-9eb6-592dd891f7a0','509a2bc9-4038-45a8-9eb6-592dd891f7a0','a28a04cd-6f53-518a-967c-9963bf9cec51'),('5f7dd9ab-d464-41bf-9c52-efc995f1ef5e','дә‘дҝЎиҫҫеӨҮд»Ҫе№іеҸ°','sysadmin','https://137.0.223.210/CDM/home',NULL,NULL,NULL,NULL,0,NULL,'2024-02-20 03:01:05','2024-02-20 03:01:05','509a2bc9-4038-45a8-9eb6-592dd891f7a0','509a2bc9-4038-45a8-9eb6-592dd891f7a0','a28a04cd-6f53-518a-967c-9963bf9cec51'),('6a6b70c6-53e4-41c0-a767-6a68952b1d87','http://10.128.20.110:8080','ydtest-shand-2','http://10.128.20.110:8080/artifactory/webapp/','',NULL,NULL,NULL,0,NULL,'2024-02-25 12:15:51','2024-02-25 12:15:51','509a2bc9-4038-45a8-9eb6-592dd891f7a0','509a2bc9-4038-45a8-9eb6-592dd891f7a0','a28a04cd-6f53-518a-967c-9963bf9cec51'),('815ac074-e47e-4d11-a5e4-efef28b8ecae','http://10.128.20.110:8080','shenchao','http://10.128.20.110:8080/artifactory/webapp/','',NULL,NULL,NULL,0,NULL,'2024-02-25 12:15:51','2024-02-25 12:15:51','509a2bc9-4038-45a8-9eb6-592dd891f7a0','509a2bc9-4038-45a8-9eb6-592dd891f7a0','a28a04cd-6f53-518a-967c-9963bf9cec51'),('9ef3a2ca-513d-467e-a03c-57285d8de631','http://10.10.110.3',NULL,'http://10.10.110.3/scripts/mgrqispi.dll','',NULL,NULL,NULL,0,NULL,'2024-02-25 12:15:51','2024-02-25 12:15:51','509a2bc9-4038-45a8-9eb6-592dd891f7a0','509a2bc9-4038-45a8-9eb6-592dd891f7a0','a28a04cd-6f53-518a-967c-9963bf9cec51'),('a7096389-1980-4acd-a89a-6c84d6bad4a9','http://10.1.10.34:8021','t4120552_hubuser','http://10.1.10.34:8021/harbor/sign-in','',NULL,NULL,NULL,0,NULL,'2024-02-25 12:15:51','2024-02-25 12:15:51','509a2bc9-4038-45a8-9eb6-592dd891f7a0','509a2bc9-4038-45a8-9eb6-592dd891f7a0','a28a04cd-6f53-518a-967c-9963bf9cec51'),('d5522a8b-2ad6-4a18-a0ee-c05131102477','http://10.128.20.105:8080','sybs_sd_001','http://10.128.20.105:8080/users/sign_in','',NULL,NULL,NULL,0,NULL,'2024-02-25 12:15:51','2024-02-25 12:15:51','509a2bc9-4038-45a8-9eb6-592dd891f7a0','509a2bc9-4038-45a8-9eb6-592dd891f7a0','a28a04cd-6f53-518a-967c-9963bf9cec51'),('d80dedb9-9cf7-4668-b67d-8b0d78f6a39b','http://10.128.20.105:8080','ydtest-shand-2','http://10.128.20.105:8080/users/sign_in','',NULL,NULL,NULL,0,NULL,'2023-02-25 12:15:51','2023-02-25 12:15:51','509a2bc9-4038-45a8-9eb6-592dd891f7a0','509a2bc9-4038-45a8-9eb6-592dd891f7a0','a28a04cd-6f53-518a-967c-9963bf9cec51'),('dceda507-db49-4260-9d24-d878cb6f49cf','http://10.1.10.34:8021','admin','http://10.1.10.34:8021/harbor/sign-in','',NULL,NULL,NULL,0,NULL,'2024-02-25 12:15:51','2024-02-25 12:15:51','509a2bc9-4038-45a8-9eb6-592dd891f7a0','509a2bc9-4038-45a8-9eb6-592dd891f7a0','a28a04cd-6f53-518a-967c-9963bf9cec51'),('eb5958f0-e772-4887-a024-48e7b1a7ee8e','http://10.128.20.105:8080','ydtest-shand-1','http://10.128.20.105:8080/users/sign_in','',NULL,NULL,NULL,0,NULL,'2024-02-25 12:15:51','2024-02-25 12:15:51','509a2bc9-4038-45a8-9eb6-592dd891f7a0','509a2bc9-4038-45a8-9eb6-592dd891f7a0','a28a04cd-6f53-518a-967c-9963bf9cec51');
/*!40000 ALTER TABLE `resources` ENABLE KEYS */;

--
-- Table structure for table `roles`
--

DROP TABLE IF EXISTS `roles`;
/*!40101 SET @saved_cs_client     = @@character_set_client */;
/*!50503 SET character_set_client = utf8mb4 */;
CREATE TABLE `roles` (
  `id` char(36) CHARACTER SET ascii COLLATE ascii_general_ci NOT NULL,
  `name` varchar(50) NOT NULL,
  `description` varchar(255) DEFAULT NULL,
  `created` datetime NOT NULL,
  `modified` datetime NOT NULL,
  PRIMARY KEY (`id`),
  UNIQUE KEY `name` (`name`)
) ENGINE=InnoDB DEFAULT CHARSET=utf8mb4 COLLATE=utf8mb4_unicode_ci;
/*!40101 SET character_set_client = @saved_cs_client */;

--
-- Dumping data for table `roles`
--

/*!40000 ALTER TABLE `roles` DISABLE KEYS */;
INSERT INTO `roles` VALUES ('439341d9-26d5-4ed8-b393-6fa13c674b2d','admin','Organization administrator','2012-07-04 13:39:25','2012-07-04 13:39:25'),('44c4413a-4213-46f2-8453-29e4741c111d','user','Logged in user','2012-07-04 13:39:25','2012-07-04 13:39:25'),('ac20d039-cdf6-437b-a101-4e073d4c4c80','guest','Non logged in user','2012-07-04 13:39:25','2012-07-04 13:39:25');
/*!40000 ALTER TABLE `roles` ENABLE KEYS */;

--
-- Table structure for table `secret_accesses`
--

DROP TABLE IF EXISTS `secret_accesses`;
/*!40101 SET @saved_cs_client     = @@character_set_client */;
/*!50503 SET character_set_client = utf8mb4 */;
CREATE TABLE `secret_accesses` (
  `id` char(36) CHARACTER SET ascii COLLATE ascii_general_ci NOT NULL,
  `user_id` char(36) CHARACTER SET ascii COLLATE ascii_general_ci NOT NULL,
  `resource_id` char(36) CHARACTER SET ascii COLLATE ascii_general_ci NOT NULL,
  `secret_id` char(36) CHARACTER SET ascii COLLATE ascii_general_ci NOT NULL,
  `created` datetime NOT NULL,
  PRIMARY KEY (`id`),
  KEY `id` (`id`),
  KEY `secret_id` (`secret_id`),
  KEY `user_id` (`user_id`,`resource_id`),
  KEY `resource_id` (`resource_id`),
  KEY `user_id_2` (`user_id`)
) ENGINE=InnoDB DEFAULT CHARSET=utf8mb4 COLLATE=utf8mb4_unicode_ci;
/*!40101 SET character_set_client = @saved_cs_client */;

--
-- Dumping data for table `secret_accesses`
--

/*!40000 ALTER TABLE `secret_accesses` DISABLE KEYS */;
INSERT INTO `secret_accesses` VALUES ('072cc561-f782-4d64-820c-f7a6d2a6b34a','509a2bc9-4038-45a8-9eb6-592dd891f7a0','a7096389-1980-4acd-a89a-6c84d6bad4a9','9691c5a2-5be0-4e8e-98a6-3b4d0bb0b835','2024-02-26 20:29:57'),('1e879948-60b5-4e66-b062-bbea15761d8d','509a2bc9-4038-45a8-9eb6-592dd891f7a0','44663664-70a9-4c3e-be23-c6da509ab377','135bcd75-9368-4f84-9b71-769b96e0e009','2024-02-25 12:17:47'),('270b1010-273d-4886-a822-0a19013ced19','509a2bc9-4038-45a8-9eb6-592dd891f7a0','dceda507-db49-4260-9d24-d878cb6f49cf','ae0fb203-1112-43df-b6f7-a7469e4b6caf','2024-02-25 14:24:56'),('3e04ec74-e153-4699-b8fd-36b64507e604','509a2bc9-4038-45a8-9eb6-592dd891f7a0','6a6b70c6-53e4-41c0-a767-6a68952b1d87','5e6f88f5-9c71-43ed-97e7-80bc80b21ccc','2024-02-25 14:24:57'),('697a0bc1-412e-49de-8ab8-d65ca1f05585','509a2bc9-4038-45a8-9eb6-592dd891f7a0','a7096389-1980-4acd-a89a-6c84d6bad4a9','9691c5a2-5be0-4e8e-98a6-3b4d0bb0b835','2024-02-26 20:30:08'),('6c9e5288-92ca-4006-96f1-62e7e5a93f99','509a2bc9-4038-45a8-9eb6-592dd891f7a0','5f7dd9ab-d464-41bf-9c52-efc995f1ef5e','f13ec51a-1d99-4363-824e-3e44a40d7b8a','2024-02-25 12:17:47'),('6d79a29c-f9e4-4605-833a-1fd3224988e7','509a2bc9-4038-45a8-9eb6-592dd891f7a0','44663664-70a9-4c3e-be23-c6da509ab377','135bcd75-9368-4f84-9b71-769b96e0e009','2024-02-25 14:24:57'),('85a095c6-6196-4350-bf73-b507ac008285','509a2bc9-4038-45a8-9eb6-592dd891f7a0','a7096389-1980-4acd-a89a-6c84d6bad4a9','9691c5a2-5be0-4e8e-98a6-3b4d0bb0b835','2024-02-26 20:38:51'),('c21f76df-1a85-4671-8cbd-7c69c6589f14','509a2bc9-4038-45a8-9eb6-592dd891f7a0','d5522a8b-2ad6-4a18-a0ee-c05131102477','b99764fe-2e18-49e8-b08a-ea4fb8fdde85','2024-02-25 12:16:39'),('c4b203e1-b8bd-422e-8ed2-0853e4c9eb2b','509a2bc9-4038-45a8-9eb6-592dd891f7a0','815ac074-e47e-4d11-a5e4-efef28b8ecae','eecb0f57-cf91-473c-ae29-274f645bce0c','2024-02-26 20:39:06'),('c5659748-6d30-43d4-87bd-eefa11872d26','509a2bc9-4038-45a8-9eb6-592dd891f7a0','5f7dd9ab-d464-41bf-9c52-efc995f1ef5e','f13ec51a-1d99-4363-824e-3e44a40d7b8a','2024-02-25 12:18:34'),('cf43f0db-df2d-463e-b556-0612388cc693','509a2bc9-4038-45a8-9eb6-592dd891f7a0','44663664-70a9-4c3e-be23-c6da509ab377','135bcd75-9368-4f84-9b71-769b96e0e009','2024-02-26 20:39:06'),('dbc132e1-8940-4021-ba26-4cbab304a09b','509a2bc9-4038-45a8-9eb6-592dd891f7a0','44663664-70a9-4c3e-be23-c6da509ab377','135bcd75-9368-4f84-9b71-769b96e0e009','2024-02-25 12:18:34'),('f60e048a-9a07-4182-95c6-62bc6e87b994','509a2bc9-4038-45a8-9eb6-592dd891f7a0','eb5958f0-e772-4887-a024-48e7b1a7ee8e','40039b37-f422-4968-a9ef-51c2ffd7b45a','2024-02-25 12:16:54'),('fb817133-ca3b-4b9f-ad87-ec2406422e82','509a2bc9-4038-45a8-9eb6-592dd891f7a0','5f7dd9ab-d464-41bf-9c52-efc995f1ef5e','f13ec51a-1d99-4363-824e-3e44a40d7b8a','2024-02-25 14:30:52');
/*!40000 ALTER TABLE `secret_accesses` ENABLE KEYS */;

--
-- Table structure for table `secrets`
--

DROP TABLE IF EXISTS `secrets`;
/*!40101 SET @saved_cs_client     = @@character_set_client */;
/*!50503 SET character_set_client = utf8mb4 */;
CREATE TABLE `secrets` (
  `id` char(36) CHARACTER SET ascii COLLATE ascii_general_ci NOT NULL,
  `user_id` char(36) CHARACTER SET ascii COLLATE ascii_general_ci NOT NULL,
  `resource_id` char(36) CHARACTER SET ascii COLLATE ascii_general_ci NOT NULL,
  `data` mediumtext NOT NULL,
  `created` datetime NOT NULL,
  `modified` datetime NOT NULL,
  PRIMARY KEY (`id`),
  KEY `resource_id` (`resource_id`),
  KEY `user_id` (`user_id`,`resource_id`)
) ENGINE=InnoDB DEFAULT CHARSET=utf8mb4 COLLATE=utf8mb4_unicode_ci;
/*!40101 SET character_set_client = @saved_cs_client */;

--
-- Dumping data for table `secrets`
--

/*!40000 ALTER TABLE `secrets` DISABLE KEYS */;
INSERT INTO `secrets` VALUES ('135bcd75-9368-4f84-9b71-769b96e0e009','509a2bc9-4038-45a8-9eb6-592dd891f7a0','44663664-70a9-4c3e-be23-c6da509ab377','-----BEGIN PGP MESSAGE-----\n\nwcDMA2yaKUjXNqtQAQv/Wd7kjl5SBTMsqp7d9DSTXdLL0WiCCz07QAZcw9ik\n6RjkxfqubAPCfDNDPhdFi1fZZCWA8NX/EC92kPOSKw9FB99iUV5U+REtp//W\nZJCEbq1hrMInLTqcIkx9rEL9M5UpQlAhuuWcEdHenlEbRhO2icZaJjBtYtpW\nx/EEWgh33BIEFCuE5v2E36amDOGwm2RVBD3jplNlK4nGBkb3TuGBlYHkp6ry\nnNj+yVC82BG8Jlvs3YyiOWoHan9J9rwZeWwVb9ttNbN0lrrSJsSgENxqiSjc\ngREPLCpLy+lHnOGDLA8jv3ZfUeV7dBGk3qqc2/px5qk3OpoylzqQto62AD8V\nLnYfk7YnY8rpwdXZ+d2SnpZabexLoR+ScRKjECLvPKP2rArbKPXw5FSiImwo\ncxwAeLzETISGaoMASrmcbJbpCANBNYIhfyzMsxILymqgXdH6TXxqsM70TiKT\n+fc+du2+iidRMJ8WylUnxISrfV2JVKugu/rPLqEwibCUzAQ4X9Ku0sGDAWVX\nIKOfFQMgEyOsGfceUiqZne8sIeW5BPAKdmwWxY4Cq6k9RazqjLAzxDZbtN2I\ngX7obYZWR0zNoIeKkkYGYjkG+g+dNV3pCPFsDpxFPsKonZhWtq7mUXrcK5ek\nslCEBbYb1sx+6GiBzQBAEAQg5urYBX+gLjjzbcvtI5vnN/VjpQ4Yjgfg1+iD\n96dhFs6GPeDcwxBoOzwNGh9CeK60xfVeXVxvYz9j1+YHAwU8Ls89XXMY3HIM\nTY4akV+Ki409hsiyFW64uT554g/jad8/4mfCsLqAWaoMVSeiFj/G5NQ0EL1w\nZy9nCM251Cmk3yvD+XzwcbSjLFuHS6rcKlqCszurhwwAq9NIaFLdPFVcWmvA\nriczDY/LKa97LxANHP6zkDYXP5L13Ngnmi3KaxOLGis86Y+wNm4G16ocRHOv\nVXWYId5mFQENiKVlXYkiDs0VaWPZdM2ppbslJZKLzmj8TjEABeBeZ3UWNP3F\nB2fkDPtIzU7siogoZZYR/lloB0RxAAXeA9ELR0v1kHBmXIvc0tkW3CPMUXu4\nJ6dFqDDH+/j9goIWtM7BenzR6u3/wxxyWumci9YRW14G1s4SJUOnNiFZl5hU\nLEbwV6cviMf0kmRN56rSfr2dpQDMdOTsmfDYsMIEoZpnR+R8XtjHceA5Qs0c\nytzL3yQpVGUfSaqUBLySB7/sZpxp4Cub5w0R8ypPSguGbxm1cETVNtO5Xbi3\nitqBLfaPDYFJ+z5/ARSLMc2Dkcf0/zKhssPOT5jGmHzs/QhU\n=tcEF\n-----END PGP MESSAGE-----\n','2024-02-20 02:59:24','2024-02-20 02:59:24'),('280726d8-49a1-4323-95f0-55e0aeeb2d85','509a2bc9-4038-45a8-9eb6-592dd891f7a0','9ef3a2ca-513d-467e-a03c-57285d8de631','-----BEGIN PGP MESSAGE-----\n\nwcDMA2yaKUjXNqtQAQv/Wgo+nbJuX7MjT+Xtg4bpOzk2BRAEc4Itu+BBkOPP\ng6W7JzRLH6IJv1vGHvhF7R8J2eghRGpDdcXz52xmn93rnSYzxt2UgAWiBE98\nWSUEd/9yL+PCxL+2/M2gnyMekE+gyxUNhJnxC1Y8uxPjAzcq9ZVs5A3AnouX\nyMfUqUMGWU3rTZRZ3QNcZleXbq4ErPFMCPUypdDWbj7rZkFWA7MG0rkmi76z\nIbXq9FUa5k5hVQkfhUL1XLPc4V17uuBPF/StZt9UfDABR1uvHCaWrXS+fClt\nFwkFmW7XiERiCpuOqyjBRXcjVpwPzeNAvOhdhKzszP+mwXuR0eozVNVH6yHF\nT0UuOlMrALVc+/N5edrypw5FJBT6hfCugY5mJq/1luO5zULdd5vQYO8lD0XY\niQEkznrntCvWmtc/ffW02GNiAqXO97hrFJCbaaKhBXMsDSObbHF5KhL2QHvw\nFsdJSnT/r7FztiHMgHQGb/WTptdKpKduBOfRrxYDo0kvSyNRGfN+0sFkAaRR\nveMKMOe7P2hNVxwyi7YaQ+X4gj8yyMwSUiEt0QyxetqNbViH4OEM66R9ptIn\nOLBnRmwzZX+Xcxj6blcD3zrAw7vxy/VMGY/+JkCahEYkTtmPMbCC5n+I+3qX\n0bGIPDfZ94ARgQ41lvTkQGi/c6lP0nYg76Yw8/SUAs2PN1zE0oECrl3G0Tv0\nLzqzIDrox7o+PeF6c60PL4rdLp42UtHhyphluBGHl69zVbId7SgvOBZl0jhB\nYczy+ZMCdbhdb7C/m5AOnfids8jRz+ftbj/52cna3UQQwfQ+jOmSqBvZ9ERu\nnF2CPD5aWZGj806n9TZaul/ZNIKW5ozTjbQ7XTlGZ/mKP8yAQO0fit6Eu2KE\nBBb2xnDr3M1+mXsKxxp8xahMQLf10IHNAOsa74WzrGrlhIbOvdRRi3EKjZci\nt9x4po5rhUDq4efNUwS51FrWFBqVNl9B4e6dJZmPiWca0QwtzFLSKBC/sQdM\nmo4H/POU3arniH7sig0FFLAAImF3OEdHz2AfYn72yxIZ79TDwWqA4TAUm2yI\nvCQNhygTnXsr3s4/dsJ8hffRJeS837cFGRil+gqiTFF1Z4qTiOAAcilnuR4+\nQ45dzIqrLQ8E7iSaxRzt6K+sQc4jP5weTWhNTH+jk/0xrQ9gfb0js+YSCBbi\nI6ct9ssBrBCQN8J7M13gNQEezdNEBNKVLu2eviWdYg2vnyQf0oEiVfpsRGOh\n5urcgHc=\n=QToa\n-----END PGP MESSAGE-----\n','2024-02-25 12:15:51','2024-02-25 12:15:51'),('40039b37-f422-4968-a9ef-51c2ffd7b45a','509a2bc9-4038-45a8-9eb6-592dd891f7a0','eb5958f0-e772-4887-a024-48e7b1a7ee8e','-----BEGIN PGP MESSAGE-----\n\nwcDMA2yaKUjXNqtQAQv8DWSVIMLfQOToEJt6qPjEzzp2nNS8DHXloEqhHlwi\nM7hhDFKatl7iCqt99ilyD71lgZGCWRdQT+rtuTp8dGDlQI3+00Mvw9XI7MK+\nz8SnfNldQWgR2h7UnjTme+q4JZIseEvLOkVu8cjw5nZz3xXPvPW10IbuiPQz\nxq74RLR5iRkNXH3g0n6cwlADZVAXI2+4ffQJawag3rct+PbNqwYZZRiA8TdW\nDJqT/12tiqdHL/kCPWum0J6lxyyRFldr/merfWiownY4Ekw8W3S3WQUdYOlG\nXCIq5t3LRKMdvFN+aRzUcngbRkIxxtfV+BGBSsReqtb8OkCQVh/qtVvligcz\nkprSRBFx8c6sVdAPnAKRIvZkQVexl7+62LexZ/K+iJm/0cuyMIuey34dVjaq\neIOO8KzJIguosKtvkfDbLRCLI2Jh/sPUER8GwMq6183MvYbbRjkfCKxdR9wV\n0w/7g7VmWxWPknSJwuDj+KJH+THzKaFNLDhL4BVwKGjBvfozXCdK0sFiAYGs\njNpE//ZQ4yhfB1NawgFY7vkvcnn04sppuszKfp8NjbCdReMje8vwOtj5LAYM\nM9JnmHqhBmoeglTpSzPnh8tYPbOD/jVDhRsrMhFyYAjUreJl6ApGknGmO8J7\nkPUw81Sw8lLot08/I+/vvOT/24Z3UvO15hm4Xh+Mvra325oHgbKTy+Ogxe6q\nt4F825J0DPAd2LndOqaMRjvWMO8I+pcPwS+AHAY0NGDoYoadlDKO3k6jUoKy\nGiq23Q78e7ySeK2vsmn635r2ey6JfZ9m17H3/Vyx76uq2WudKMcxF9WrO6kB\nk80U3Qr7BXTdPiBM7y4xiTio73rc2wI3nMSsUfpU62o/OkY5iv1Xq+RHyxlO\nDFJ0rFNB1ozar7zukCm97rt3mvad7oJlyBVr8JE6g3YUoNHhr1ko8/FSY1wt\nvmP/4DS22Aqmx0Dbbgjh5jgjFIWF9woL47nuEx8LaweLFetLr/TcFstvUCn/\nbWclmtxvj2Pz7OUi8WcRjIsLOHquaUfNaQin7o0haNgeQtB310h0WmENEPub\nmkLG41v0OCYML5zLSWCWR7zFr0uHIQjJ9wks/gjOSB/8vghF2+D5glhWFWka\nQIOyOl60Kq+iPF+nVhRrpK0jg6xSTB4Vqhy74blP9jzzBhYiGJelV8qxaP4s\ndehMHKs0Uxn8aGWe8n34KLrS5PT/nlAWNc5/i/OVUkjkV1/Jl2J7bcqElS2F\neFox\n=DmGy\n-----END PGP MESSAGE-----\n','2024-02-25 12:15:51','2024-02-25 12:15:51'),('52a93f04-4635-4dd0-b51f-44f94d4d45e6','3fa96e21-518b-41b5-aa72-71850cdd202c','44663664-70a9-4c3e-be23-c6da509ab377','-----BEGIN PGP MESSAGE-----\n\nwcDMA5F+M3SR6c6rAQv+ODqZ+Ip8IguYlju2peD9ZrNFVF68I9NWo0dDsFdx\n16IAc6okSKm//p4q2XoJ9Hcx3xV1o4AHCNO5wNhRE0BxQmKg/LvEtWVFJHl4\nGv/g1q2AMnhnykM1Ghwe2wC+1v4Z/Qj7bvUbT1QH+47h58mnlyVyb+ot2wuW\ntLxuuggOHlaIA6wjHMoNHF37dMz4AU6l7JNZp3yjjFuHEwYj4G2gj15qeHUd\nOVGIdy2zabEnoI2Yfkso60dUu+G+8ilSoVHSe1JozWAxm9m2QedK6ytq1J4l\n9O2ysQuZ3OHsi4aMa0KXGeMOqUkMTdHGKuUJZ+nwo3Hc3V92xzH67vj2ZfGg\naKA9OMkvi8SFjZmSTlDwVzNco3nH7bSflwjx55mbrwK9v5Iq0e6XbVOr5Pie\nTkIWP6+nzhyubP0FqIpCR7j9FTc1ipaYx63E6u5Zap9AKj/LkOlfuKa4zvF/\ntA1boqBdYu96xVCVWLS4yHddlremXQrG6/mqO2R9JWFSTtEBHsoa0sGDAXlw\nQP05gRyhaDfSdL25Jd+3GzUaXzukcQF8Top5ZRXiji5ULiR1/iW7zKk6x11E\nIh2CPKQwMKUNpT0EKw+ilCXbCIXwI9JVGX2bWkK3ZN8SLMCSB2j/kEd6f12o\nnp5IDYR+46YKo5RsrUnvEaqXWdacQsQ+bcVasAr1zQF8TBDnn9Iup9gbJ97a\nv9xx2tKAyfH3QPCTTYbeSWbkOSrh2XSg/lGukjHN3A9Jaf8qq49V+MGLehLD\nEaieBaVROCe0kNwFllpQpFi7wc8logzDw1cNB3VbK4WBW+Sq5x8By09qZAEW\nw7PKm1iP/oP1OeZLJZt+gnqe++LfQjcR3PUryVuuzJ+3wy2yKaUt1xQVVeur\nfqsrdIm3niHnkCiopW56Kyjwb3ObJUx2308i96JOd2a9r2pywSSePTiErQti\nNminikraVJiYBVuLMGUIVZzAeDrb7PI7S5WLOJdF18GeQkPvM9Dku9qwb9/H\nD+cEtTlUR4BIu6Gor+WO1AYjQcEZwWiRPLfCCgcDn7YrfcnWVO/4M+Nvp/c3\nitaqpPv5cB3riy2nbDCJrMMAB8NObDYmUU3kDwwBnysF8HZuek9CytfEsj5Z\nux0EhnvQmGR+qrC3zHgB06zvaVHpdq7iEl/njIwEjoBPD7n+snriTS8QP9Fi\n+/sTPJXLNsO6Kb/91d2JzCDOCjLkwEYcmeI3/710THJUxkGV0um+HglFBC3V\nXC5nXK9TCRrym4r2V/Ws3R63SdAEEIl+l8VJqwSnn0XjOFd0\n=0tzp\n-----END PGP MESSAGE-----\n','2024-02-25 14:25:12','2024-02-25 14:25:12'),('5e6f88f5-9c71-43ed-97e7-80bc80b21ccc','509a2bc9-4038-45a8-9eb6-592dd891f7a0','6a6b70c6-53e4-41c0-a767-6a68952b1d87','-----BEGIN PGP MESSAGE-----\n\nwcDMA2yaKUjXNqtQAQv/eNhayskz2fJkJ9qhL5rcL63XbHaRousE/r7do+ZK\nCVtIpLxaE/zxB0EJHcBInFhozj8sX3YgNLy8ORq3JWxHUEVoosI/nJds0SEX\nXJct0D+quZuoqcNYvpOWogzX206PWy7nEdP2CI8LfUJoZnUgx6Gkx17VhpyE\nojm33shIxNEhFzuyCNsPtSvFscbXuV63qWixjk84zMOJXudyKOa4gNdYKy++\naQwD/vmFYutAMsj+wv21yPthWYxFPc05RE03COfre2wUrYgFqS5Gkp7N64VT\nXU4YBrlr/JpPiB6piYcNj9Mbv+kNJEWykehSzIWD2qT3+7n5oDSWjstYclE4\nwEsSZJk6/Z8qo1Nj/r4s2d4bvYUhnhfr707mLeDmXtHimKrZsidZZ6i23k+u\nFdvcY/mMBYydtJcLZmYa34WCCzQxTzGXmw/uIKSpuE7fxNj1OUd2WhWmtg5t\nL7zXS7moWeluIt0rvD/BRAO0OI1SKOwOZp0GLGqL4MrbBXmXtBnW0sFkAYk7\nRb+5WEbSKMsSCucfL8c4FY4AElowwiAvcZRlJ6OtPX/DJ4xx+/NSDzn9apTp\n9FZ7oavtLN5YS2M2ungguJZG/AGfvVRYDdOvnzxU+2FwbPx50vW20cZli1uT\nFTBesZJ07moZ257J/VDxmzz2xE9KLZhLmItt34Swyj+1oXmhs/RlYpJA5NMh\nmvJrpR+zB6sk1uiWb/2hax9M0AEYy+6s+OsqbsyS/YoNYzKSjWqce6ieZSpu\nmumoZy1hm8CloAWetvfZzMuKRiHT5LLT1Y6PH/F+9P34r/1EpZsk67tTsXeQ\nJ2oRbKvunIfCerexeUNrh6xiyFL4/jaNF4bWkwgPBLboPROYfUOv59GdZ2E5\noVQyIEJvqLZdSVyYbYD4zegMmF6/cEgFq85T9cA4GVdJqgE817SWISOcn4S+\noe0V5D4MbwKoAR1QpTjoyGiszlRsQhqaZhqTolI6NbUa6P+kiejBPBxj/PCN\nAq5zGzyxsVvvqWmhjgx0K1u7IrohwM7JqSpD9sV/Sh0QD2TAN7KFsZHDkbkA\nOsnGePGxR6JbhtON9EGsM563geVLCVcLmUsJraOsA3zGz3nZ0OlZu12jmNJj\nMCfheQLZxWy1QHjUHucYAFRCLR28m6Zk9KLXHNmxSzcRfbLMtb7HD825olFa\n1hkxTqicyB3wYcYkMNXeN7NTylHwjzg+KFUZD/CZrOmcojZrgtBpQT0Xsgsw\nx4+7ib8=\n=ZZ90\n-----END PGP MESSAGE-----\n','2024-02-25 12:15:51','2024-02-25 12:15:51'),('69a1c64b-fa01-4618-b5c1-d52abcecacd2','3fa96e21-518b-41b5-aa72-71850cdd202c','dceda507-db49-4260-9d24-d878cb6f49cf','-----BEGIN PGP MESSAGE-----\n\nwcDMA5F+M3SR6c6rAQv+NodDDlhHc7I5Uc/Q3yFyAHTE+Uwkigac4vz5Ay24\nt8Qn3VEi3DYta+3/EgZLrPGjcNLuvLfzYA6ZEZ+5jX1Ctp3ThAeBpywPmh7w\nOxdo78neuRoznHLoC2UV7INZM6b1m+02J/PQaTnlB7HQeArw/gs2YCRAyM7O\nHL20YL3SJfUl/n5C/6W9gFKCphba/HSlLOD0yhX+DImAaPJqkXeQnOdq2n9K\nPe4Maxu5xJPjvrijI5Oxj1EDEXebyOvwgZk9WsX1ranoJdlGOdhcx4Noy4sZ\n9VpMfniNhOd2XL1qEo7DmRL42TZo7S17VFgJS69/+PsSQMgu18118MGJ00c7\njhcWaz3S9qIoJph26ZVYgtkwbQvT9NAw3fGVOQIjrLP3lOqO/nWpDTgPBmpd\nPTnzJL8uthdobbls7R6wtuOt+PI8N4XDB2Cp3+0s/QWxY/kg7sNMmHEdJF3L\nsn6oyxiADmUHO8kWJhPnqck+jpkzy4fO060/A2g2Dq2BhsMNkHhW0sFiAeVj\n1Q2bkJxHbSrE/uKdG3RQu5k3FwB/v5VxuMrFqqDFPiZilnDd4BvZulLPXnSN\nxmcBd2kRPXNbNBUI4mmHBg4+skWsW6kLUlsTUIigdsgXwpQmwJZurNXK6HOf\n2T/umwdQQHrv/LbGgIl/83DypINLvcIoUdYA8sjmU0Stc9OYIkIK3Rtcmhhf\nbEjPuwewsUNv4BchT57Ta0dlxG5j/H2yP7H/B3HpIqyYL2Y6kPDJQwmo5ncd\nvVgpm1I3uhsodvVGjbseo9G43Kz91ytxxj0VEFXht8iMZOTMJLXZYUmKR5US\n3DM7MWx5737x2TZXBvhb/GrQfpz86vpJcOgVYa39G2KlIQCBnE3yNW8AXMxB\ntw7iEEW/biG5ZOVt9D0mzZNwIH0t2md5gAalO9gXu4qnz3GVrUfHDyg7dkrH\npMGSozAywBxN3QgvHNZHzxsQiP21nKi9LNJpOMYvklrWPFbI0nCGo6ICD94E\nOmjvRDDDU4q7+13JB+AKt0t0W873aWDwn4S3HRM/8oxVBztVCk7L9hiPOmow\n1fSkUwx4A8EUZK6NTkcyJ9V5jWFsPv1v6VUGLjd77FNk7y+gD+zBTZtyocdC\nDUFgLJIVisLDtZrX4k9r5k/jbgJXmiemBIRI5J+ygoiusoyAgsJPb2xK61Vt\n634I8BNvSRJhcD9eCGA1ZXbK98BedERNuH0+0GpT7kKpx4R44xO4Hh0M+fWR\nicKb\n=Nvb6\n-----END PGP MESSAGE-----\n','2024-02-25 14:25:12','2024-02-25 14:25:12'),('9691c5a2-5be0-4e8e-98a6-3b4d0bb0b835','509a2bc9-4038-45a8-9eb6-592dd891f7a0','a7096389-1980-4acd-a89a-6c84d6bad4a9','-----BEGIN PGP MESSAGE-----\n\nwcDMA2yaKUjXNqtQAQv/XgJTIzN24otYuUGaWT4Yw6SAXrHFWezR1XNIgyef\n872f9CKYUx9N/1uGPS0P7cPMrl1O12hu1LPCeB+f7ut+Ckaj/bu+7e6R1BsC\nU74m/zqCJ6WinT2VduSHwfJLThvgGdcB2kDwCcc/uc70i7MkLsJTJqRgRsXx\nKTuavUQGXETJOuebumkGsz/mLXEvCZUQBdgU34yxSIRk1J5Z0J5tnpZcQedQ\nSS8jkrCGWHvy3htC3c+cOEqE2V4NVhJESALUMo5yzUVtJv90MugUniD/VIIE\nJtuqDaXJCJC73U6JfNmsmrxusQzh5pVqdbClrnWis5dDBdjZ3I3jz4DHbQS7\nixvDOGB/q9SBPPxy+8JmCqqIbJjb8E6n0DjaKPBPeppNPK0qO6/JLuHAYUll\nBPIQAxIilN+D5rGVhGUVYWaMXO7mVb0vvStpzKGD5Y6qIcNwLDYAmsLI8TiL\n9106puOIcB4AZ8ret4g3KiME9Yi6vkAIEWkcEk57XgpDJvBwR3Uz0sFiAWeI\nf7jc+QSLyVUY0fggc9KWJlS8JJvNh2s1z9Q2ANeMNr9QlXIQ+2gY+H1/EqzU\nt7o9PCW2mu/eAC2LACc7hYYGmUR54u0XPA8vD4otkE2IYBqHiI3tBwN1r+kj\nM4W/pqXXHo4T97kNR7cAxDpY6Gqll9cE3pTyvSBgMsHxUgtwPqGXanaAkrni\np6aV4V4JxSPVJt7erhe1q0ZnUyGlu/X0stAu5D1D6YUfNcSlNK5fdgBn4xfZ\n2FZ/xv35Tg3Vq+BkQVZdggiY7RVz/QXp8EgFKCUStaXIAIYvLi3fm6zLUb/m\n4vmdD3B+0GPnuGnSfBrYivRl6+zfH+2sosz+Z58avLfDqHvojSVUFDxh6hbz\nyNSF7wq+1HW46RuVuRmfZY235eA75EF9eQDNviKVM+ao6ZYNcJI+cWBc8koy\nY6FlWhvQc7d3Sn1kVlXISFi0Ux/E9hdpWOcaxNtImPd8YN6qFWuWF+/dnesX\nCAOJqh3v90OIQqM32O/N86efSdTKLJ7uvUk5RyoxomZYECnvOJduTUIXY9/S\n6/I9PEhWtuRR0TfRVD78gfcKK+mpQN1XNt78gFVjyRkpXWp3B2kwonpE6MAb\nzWs/14SD3ssg5S055ZyqJu+CLKYJccj+nZ/O3JNaTd7mVZHGYIRp+NolRPeG\nkY9X9WcIANJBkRoLmV0CgTXEcOQdoLLht0c9O48a0wHFZiS73FgbFVi9omXh\n12ZF\n=2IbN\n-----END PGP MESSAGE-----\n','2024-02-25 12:15:51','2024-02-25 12:15:51'),('a1fc7dc9-44a9-48a5-b197-cac48f7f0915','3fa96e21-518b-41b5-aa72-71850cdd202c','6a6b70c6-53e4-41c0-a767-6a68952b1d87','-----BEGIN PGP MESSAGE-----\n\nwcDMA5F+M3SR6c6rAQv/Uc+Ttcv8vSvTbVpeIp8hrWJAwJ9PVPX6NMzIqmLb\nawoKstYAUZCnaiR7qTu8bzxbo7y2574GWNQBo9GiSVXdrokFEK5xlwvuh0pw\nQdKI7sNy4KpwoGw+UQQNQH0I4An7Jzsgwy26+1uJPy+pb8pxXM2cx3NmbKT0\n0qPOMXts1wEI2QeV4UxpGzFDL/S0JM/7iE9ebqGG2ZWAIJ8++dwNR8Cxn7DS\n0+ol7nehPzfqxXNSgy+M+l87dFVe003QNDjd5QmNwDBmw266bTjVDLcHGl+G\nCTrm54CtV3jn5MWlZC39pQy4EVNpnrgCynuSUmR8a5dUIscjd53PHLYoi23L\nFzQdc5Q/dIDIwTUwo0oFwRjVTOwgt4UvxL8fq+MFXHWela3n42ZNvI1FazE3\n2gdkCgeyHgS/0nbv4vnZGcE2sMX6mYec8VLc5MtJ9CR2bAQsjATRq6bxQZsl\nMeIbECSfIEjhWP5Zf4FNR9VGx4CJ0O9Nlrj6IPYvq860jKDYAIqF0sFkAYmr\nBGXtyyuzSjmsmaxRgNfV0XvcrWNqGi1+NpYt/z3tewqVbecrETpdb7HgsA58\nREchGE5z5G+voFF8mOZiiM7vkib5bFEAwsj/luIXZ6vr3qwIgu9tfWBJZuZB\n4dpaA/UwtC9DVypUAlUF2m9GCXeBZ8ixjuk49SN6W1N+9vsuX2IpfQFApBfr\n8p3+plLR9OkX07Hq6gd86SbGSX/IVKTkY+M4nGbZ9AiwDAZp83cQGHuZk2Y+\nYRUv70nBAtTVgR76TZWT2h3vzzuUm6k+QncW8q5pS7QgCAN7diT/oVEbz+V8\nWxAtaqQb+8kR3Hcxg/uu5LHnD3DO6R1KK+cg+3zYEBv1iI6hijjkeIkZpDuM\nDK7P8nHCn0fyTS50zFv2Hu2KedAD56HC8A16OTKzvxCAdw376d1RFd30uR4/\nth+wUhPRNnm7FueV0KpcBvDLXp7SZ3ZaT+gd6ipKLa0c1aL/4oQxgrV9aPGt\nWFDgDhOz2oZVxeKRN/6Nre/ns4ghPVAusH4wDbO86vDO5zaKb5AxZxmwDlxt\ny7lM/J0RUCQNIxHSqlnZPsxtVQqM7IERrCyNSv/U5335lHl0N5VNuogHpMcU\nij5NiananL3mwN+HBjc9MYIh/uPgL2Z8Y87U6twtmJ7X2k4d5ayxbEfBTkGj\nG4xFDzi2XB7pQSDNfJMuykASmxeQjN8f/hhlO3ZtO5fBG9ItvS8I5AgLrq4p\nTEkgpk0=\n=mSwa\n-----END PGP MESSAGE-----\n','2024-02-25 14:25:12','2024-02-25 14:25:12'),('aae2d164-ff28-4e6c-87b2-2721cb899c61','509a2bc9-4038-45a8-9eb6-592dd891f7a0','36307ef9-0497-4028-aaf8-41688b640627','-----BEGIN PGP MESSAGE-----\n\nwcDMA2yaKUjXNqtQAQv+OPZfJ93SVV7ySa9bLdtZMDN4H9QSdNXOcIFq9CZ7\niZ0H4p0/nZjN+YHUTarfi6sQyhHaa1RMPgHPq+JusWLbFWsGxzI+pJrbvoCl\nIEeI4Emin7spe1wkNcfE9X4Vqa4ul2k85YfZAMFCmhS3YKgYkSzOviVwGVgW\ngCq1TBhVIVtiMEH/xZtqKH+2VHDaLfbcoRPgvRVEHurYC9GBwvXNklthsJY+\n/tf5tqoy8eERqApjV/SAWFMykHd6XnsLNUIOioWZm0bqZL+GtPUzxvRbQyy3\n91Je8y2dTbPVydzlKh8zRKFy/COBUtqZtfzYaqvdg+DUqfTV2eli1qGVlhFh\nLCWJRp2oELKUGMvq97cI+k1hevhfqX7K/MsG66FV5hfvwmHSDnzl0gXbpQft\nbP6aJguvyrbcMgjrBdUZsnzU6r0hqIfmRDW6JPoKQQvsLpKkDTXmyoPSOvYC\nDtAwLN9f1Hou4lwU8Cg5ZqM9svTB3nx8lq/sbMiER8kJf/GZS0FH0sFlAf5X\nBle8H+3oSXxSLUtL3eYgIMY3UIM9+JsGQL/HQtWmPcKE3ONejbkdl6y2Sd6d\nMv9CIHBHBZZz1lCvlY1p2SAs98AHtHLz6Rfq2726ZHtHhJnCRLN0mShI/Swg\n5CvwmwBjgeRw+4Isjb9u7TKJGI1qAJxtLkxpZeMJhHIMWM/3DupU08jMsL5z\nDDi4LBaMN4T5mmrlQAUn++yoo+RM9Z1hP8BGQXrAXWfdUZETMDzjQaOQFH7T\nvc06G++SL5VklVSnjmfdCx9sSliJ+jUv+0qX2cZ6RxI6VBgEFbot9831PMhR\nLHtxb44W4iFqU3y0V+92Ni0LhzCVVCP0mGt6MPAWTIDROVuImttPBiavm2PQ\njBhY1LCBkIZWELb2fLjCNllCzJeRqc2+eMVIVxzv4Q8SiLbYw2wv0aOb7qbf\n5j61lo8zt/u/Obn5tcHZYVXSDY7uNAyrocyXucvoWY4PZy3DHJgkeJmiztey\nZWaRgYYYeUf+EeBPNd9PGC9XoPntpjhpJmlf63sQUlK7yuguuvbaiABG4Khk\nO2q5cU5VJqMMzm7uutNtbLnZeCokY5LEFPkRimBK8WRiSULlC05tUc65Qz5y\nPzyGs2ECCswBufx4ugMVhhaIxj1x3rgzEiH7XYKA+/kFcMvlDQpGIeXydJek\nEq701cdTiTCpQekNEXmdw7JpowIocQgqrDKndtpGzcVsfqbTHQGA37d4SdbB\nsLjlpxKH\n=GXJb\n-----END PGP MESSAGE-----\n','2024-02-25 12:15:51','2024-02-25 12:15:51'),('ae0fb203-1112-43df-b6f7-a7469e4b6caf','509a2bc9-4038-45a8-9eb6-592dd891f7a0','dceda507-db49-4260-9d24-d878cb6f49cf','-----BEGIN PGP MESSAGE-----\n\nwcDMA2yaKUjXNqtQAQv+PMxkK64e005LFCQRbhCzfuIGtJ8HswhZCqjZu76M\nPs/urjo03+Jo/qOO5A7sdclbkY8/BnxT5dKakA5vSe/f0RCFIAK+/yehCsxg\nHshs8qqDt70c8w0OfyzVXM69NwFa+49c4vtrXa6H/aLh/Nieh2m2e++4mNZg\nLGKJk/U9GEo/1Dqez8/T0RssrdDwoi5Jmo77u+Vj+Wnu5ddLhUcfPSIF1+Gv\n/yg3xU3QBRE0GePuylxEODKdxtRltH90JGL8Mrzv/a9OzfTIoWaEwnGB1jXM\nndRG9KTq9gTc3njirnzKER6NAxXtqjohmVtcR4NNnEZksZbYJ0JQx8DpxoTf\nBjboprkLWK/glUS1uc1Rx8q5KXw+DKgOiXMWwk9lUo4BqEgQto6QiCJ/sZqj\nIvQ2QssAFK6MCc7MuuwWAkT1xCiFCo1l8L6wpCxNfTWKLY44JhJCCdN9u6Pf\nsLbyT/f7vhoz1qLnu9Df0hSY1oH+1tpXTrnCbxKnCvN8EgEf75OZ0sFiAZpK\nKkRjNxDGOQ3A3unZCclfpZw+DHsfMu4jJ6H6e4HoXSNmg6F3RNzyalSaIcpM\nBWJug8Mw8EHC4oQ9ORMODvR1BxDWpIU+bpVVsLNXGVKH88fQz1ahXp1r7j7i\ngJOgzXhE+Y+jJq7Y4lIRqgF3a6e66d82IN58ba+01iN68UjVcmiAuX2JDVsZ\nDw7fN7VPWTuVnO3uJehB7j98L+3tjaqdJSi0lBb6YCvec9RLwD092OCcF47O\nTohArwuYa3FP+P0QBgE+PIzBbCe52CGHcduyKkHKhNr2qL3gntI7wtpFqOx6\niUFAjAzxxNul3JSoS8dJr6oh2IXPELkSr/DpkPhP+1wSsMSWZ8JqXdYCglHc\n6IsXAxfDH4yrSZQNrsqbmnQ/YN/OFta1DTeWYD0Io0941tOTDjJh2elULCtj\nA47qI8+3zP/hDQbYe3AtdQMi8Gz6fzVkR+JlHIvycz3lQmQCBJKoAM8r9eou\nuEIVU6tTMI1tl2rdhcIly8evh+NyHhpQeaHnyRVq+5pHLpt/1/ICvhczPvJO\nTyaJEARJ+8CM6RzlG0hL2IWLcgeZKvaWUW/HZHQcX5NDRHzW9gWD5fBk2AgS\n/s6D2CcqMymoqxmoJQhaLDViHXu+oyDBWLVSMWNoDq6hfIwNytw3AJD6vZgV\nGIfOIrcJLaJc0Lueqlf6ueREVFxbemlnKJd3+JmkbJYcCJR4IedKU28dsKcw\nzIGw\n=k0Bl\n-----END PGP MESSAGE-----\n','2024-02-25 12:15:51','2024-02-25 12:15:51'),('b99764fe-2e18-49e8-b08a-ea4fb8fdde85','509a2bc9-4038-45a8-9eb6-592dd891f7a0','d5522a8b-2ad6-4a18-a0ee-c05131102477','-----BEGIN PGP MESSAGE-----\n\nwcDMA2yaKUjXNqtQAQv/SJFxdnFAABVgha9wIgt0H2luW/pAJnOG3MCGWVNV\nSQg4I+zDf5bePdsgq2Dp+2n6CbaUpetNyMrT3r/KmTvxpiQEA85pxQ1ctxVs\nvnshRME6h5hOEBuBORsShMg4vG5oJ65dHtwcoP1je+lMg6Nwt6R2biHJGXWT\nAH8Rv1Dl0PCvbL+GxX7aEL8rSMUjtbNEC7Rv4MyuEvtxfA7HOUwXHb1Ot9kh\nqXJvXzWbKTJ0SIZtQ9JeOSCNLU0CR4IM0JK0EV4E8gUYxtkzras61SBnbA7I\nvdivtfPsjDuI1xMsnxkNoxhaw8EImK2CReEL4w4vav/jpVL/1ElRFaT1KBpf\nR6zY2lgsgamIPJhJfJ+04IXybx/GNv70ojc3pu78rxkW93fDyuCxo5V3cHIz\n5hmu9nka8uRZ5zQXrfql9SA2/cdYy403pSCLXNzcBJLG5IdFCXdYCi4a5QB0\nUPgTntwqzt2/TRWu/5M9Kryiwn968rysQsKb8D6eFvPqArgjb5zV0sFeAdz/\n14AGtmRycAsBqkaDcyQoOkmrpOfD2kvnjxf3Q7ScrGWen7yf4NwDOXMyypq/\n8/OJdvk+qh0viYuD3Y91upmG2fdQ9gbpWpi13jkDe0Lu+97lAHjmW2wJYjXn\nRr/OInavaaBvV8nvC/sRN6VpYqjMME9lZv9HOCuycEYIXegApTQpSaKTtZQc\n20MozmoZF0cefLFqJFxCLzpCYUu/63hUeipE+fX4aVnYeGkoKSSkJxWtvIWD\nBV9bELX+SayplZ9L6n5FQqep62tYV7cVIwBDTzjRpPLgpwbhI2I84lLpOUZ/\n5pVdnruYPweHM8lKCXxQbi7ir+4/Tp1ToXDJ4xrif/i5KtaxDVZrLIdhiZyK\nJgvqTjd6ul/DXGlzVd7o0tVWHC1/l02G9Y9NHrtAxfU+zWkpWsXSzzgv3R9b\nySpx4nUQwXSaE23k8WwxJ8VRsZpCT/pZYoT/048mwsUOi4TXBq8+Ykpy+ANS\nLE59sgDWT5W8zEfBCeAEYkqa21QuVoPfIDh1kL3j0pQqUx1mm2Ad6pUHt+em\nAr+7dvNKB0Xcqrf/Y/3UveaPAisibqg0F1NuEtaHTDdA11VyLoOHxzwHK3Pu\nBMXk3WsiCM7DDKvojWMdePInPyPbPGhJE0G4dYr/hLJhpnyoLKvGC5PREfXT\n073MwDpFcE+ISzmGZGTx7IpLLKKoyHjR4aD29FBhQ0OvIRLki/QUH29VSK0=\n=ZBLk\n-----END PGP MESSAGE-----\n','2024-02-25 12:15:51','2024-02-25 12:15:51'),('eecb0f57-cf91-473c-ae29-274f645bce0c','509a2bc9-4038-45a8-9eb6-592dd891f7a0','815ac074-e47e-4d11-a5e4-efef28b8ecae','-----BEGIN PGP MESSAGE-----\n\nwcDMA2yaKUjXNqtQAQwAsRNOfJ6XQ+i2EgWVP8RoaNuUk7nMvhDz+d5SkuPv\nGIZRsFnQHiHY+Cpt6i+TV1zWMbXU5zNighrGmib9U65cL8LAFXoAzlFbPCED\nTRA/hU+hZlIet5/q2E86AGuwUdlSd42i6PLDxF1u/f2SU5cDw9QfymFQJThg\nz4qFfTVxmR4YXron5KVBy8fQdzxcUP+k+Rseee/YUbS4UL9wYwipYxzou/Oc\nTqffuRd/IvCAkLRctq4vVBpJLUfCXtI72yzxMSzGUSeqB4pm9mqXBZ6WpgHK\n1Vi8PVWqJKrYzgrtUlAgR7EaGx8tfyMgPQFUKopWKEt1Z+FkKpjcE64QHxF0\nXznP8PbkIIu2O3521uBWZRHyWM9fYjBIVK8JntC565DQwsAZ8Dw/lCB09Cfd\nrn40cYAe4HoJRBeopKMfuydm2iaUtmStPqYOHXHQfhtn3fjoB6O0CelpM9LT\nUBriP52wb5L66W/a+2xW/32QPCvHFyfMjtGG2hkPSAiFt59m8JSo0sFlARbb\npj5A/PT/2ZYsJ3Hmu2fAz16t2csm/u7b5iDNX7NegjZkJmL4ktt26x3uMYah\nZ+UdJ0MYf3H73sD4xK2Vhr9kC5V+q5m0vZae2x1GBP14xzXifJQFP4e7clcZ\noI6T1NohnEI3X6+ay6BW46GLl+mMreJDcruxDof2UIi5TFmBSJz+a4VB/5Nd\nvrgecMlPVYqkRxWjfL10TbHn2O1AqGbNC+ssPOPHWIvFqS5F1ZSsOQk8nMPZ\n1ULv8KUO4tG/sDcwbOOPuN5IjVzWmPgTj55TuJt+JGK2+DOruV/01ZtpmHEV\nyFO9AiTN1GXWhux1bb9+jI7vaejEJgTCD6nWzlxmDOfb1fwXmXJpNMSGqnhi\nafYfnIj5ki1EI8nfxSRuYLnFEvX5fHO3KcF+TXkk2g8/th/L4HHcUzo02F40\nHezncFoq5slKcwawEB9CAl8Hc9eZwd5mNHN1Q1VAcdEpDbuhI/qT3VZmd3IZ\nKY8r4D/cEBmTw9Qqj2uYnptLNyrHOhCKtYdrWD/5l+/IupsVcJqdC8vmZ3OI\ns80TZMosxBEVm6vpw6f+I6zUPb8i0QnxgH1t9+MFuj8s18TGtD2PxDQvv8qs\ng0LKAgXGUhKA537L3mtb8XOP1EeaNyZDd9Jfk0NgpJjI9oVMj6LUzz7T6Kra\nytY4rYi9iIxOFVUngI4+Odm7SjJFoyiKWJ4Uz/6ph+gPysX7JIY0YciSX1sv\nfupiYMda\n=vuhS\n-----END PGP MESSAGE-----\n','2024-02-25 12:15:51','2024-02-25 12:15:51'),('f13ec51a-1d99-4363-824e-3e44a40d7b8a','509a2bc9-4038-45a8-9eb6-592dd891f7a0','5f7dd9ab-d464-41bf-9c52-efc995f1ef5e','-----BEGIN PGP MESSAGE-----\n\nwcDMA2yaKUjXNqtQAQwA0eYYKrNbRBDLWWJeLib9ayS7cK43eBFQ6JtoEIWc\nwfMI7duJUbu13pJ6j7Q2zAgG4wd+OJBAcUtJePcG/F8sMWd0bD4eeVeI1rHO\nzSRv6XFYFnHoOUO46CB7PG42SuM3f6Oi2p14SYSNOIrIaYv1zQ7S8ggZO1IS\nHLxnRm1T+CM3HTCYt7oCpNj6P2+CT9vBt171jdgc91Kfu1IYBKqRL2eLsJ7O\ncTfysWRjXrI5ONXTj/OECqPW4agxNgjP/JBN7eyHcbP0SIiLAyB68wD1YBH8\no2ifHs2LSfwu/uwSI/dJ9KK37CWPpac+i/zC2qelfVFL6VhnZkAE8m0riqEy\n0my2xaujXVw6W8NLKI4e7QsHfaKVVQ9FRzNsMBCB+1Jmgz1GQDM3/MI7DPtC\nBzSwh+FP8SEDdfdVgJmsZ5qsnoCQd5X9HvSHG8Jbl/F8zwPsiSAm1FWVf/N4\nZXq1AiGNiOrcYWUEQy0j1GBNmrN9UafVaoFSULGi2d8Z0KQL21xp0sF5ATF6\nifLbSP6/iA8/T4O+RFaW+r4nLOcTUrfbvizHBf2v6mzYvoLJBVsqJL3SGgku\nOhWTMtIibtyDXZovpq/mXjLeRCqVaeWRWYwU7f8N+jU1kEOCzqPesMxCSA6+\nOxTbA6NscrtbOuOd2A9rWW+6EIGXIkuoV9aJ9Fjx0/ZYZjf1Nhi2Ghlntbra\nuE8SRu+UabWDY/tqSCFy2ANf+Lj2eQayID1jN9Z0rwgXaGXltOlqTrXc/cfL\nvJj3KTjFDfu4FLx/6KmL4uxuwNZKypsbmTmLKCniT8AdHq83DarRvlYBXfTH\nvx3Zt/mEEqCSnUZ3JW7yPMuaWI98SYZV23yQfmn+kmcvYYXm1LC7TvoUA4Qs\nl8h5btlyr2vVsq3XNFPB3ZO2OsaLpPDC9jZH5zVf8knbXpDperJxhCYmYUCR\nqZwg1/Y74/m2jUgwID7LNOuJhGPUZsR/aQofJO5Zn6H/xoyj2iYMN1wBf35P\nazPFrJwopS6gONmiqaPZVVLE2Bs5OYO5kC/mLhCaOk4WVe66UT6DpbbX5pH9\npkxaCdbXf42fqKh5LLvzJgsF4YUNZCsMVFAF/UdaW+SpXSIlKILlgyAT7bBX\nFCB8YrfM2Y2Spw/pZCfl1lRF23c9hdeyCq2SfXIH3980MA0Brwf3Sfo9FWat\nFStx4IjeKxyoA1TyCP/uHIMgC2C1xWn2UwV1xHUD8cHkT9z28XUQm+VQlXNI\nKIdkLruD4qVulf1GyqOoy7LhQGNLXLLGFuQ=\n=Ty5j\n-----END PGP MESSAGE-----\n','2024-02-20 03:01:05','2024-02-20 03:01:05'),('f17ea350-b1dd-49d2-a3f7-6e591e526988','509a2bc9-4038-45a8-9eb6-592dd891f7a0','d80dedb9-9cf7-4668-b67d-8b0d78f6a39b','-----BEGIN PGP MESSAGE-----\n\nwcDMA2yaKUjXNqtQAQwAuUweZN65MIe8ubtfATY0/RYu3Cl13xgsZ9e4HVSk\nFhLuFqvuez19V4SiDVppebxSe8k7FWhH2NvQ+sW4Z0Wzlv8yp9SDj5t3EMzF\nYb/H4KUGSm+HOl85Txi/EDjtb9mpNffF9RiGbMDwsiGEtkkxGVJOKZpsv1HB\nUms7sSGsY/nHHwLg5nVq5eN/6ZbtsTkWlPtUElANOj2zvxfC88rFds0gLWBV\ntuJrmbPnhRWMJ3sg4e87HjES5E4pXclwVgjcoasW4feRgQfZDEEmts9iog5p\nCbXS7tzkqE0NAwWnI79S6yJDKEzf4YmMK5sWd9583a/yHETlbyOp7dEW9b0I\n3iwsHwqNy3AlDDqFJkcBHtL+XWERYZzJGyLgrhK4jAuAaOh/e7B0A6IcpJel\nijwheeQk4EYrXPz0weP3Rplw2jzEqxe/qn9NHP+gFCWiha/tZ+3SzsGSXpQ8\nM0mXOj/fDHENLwE/3OFc6ZVVBSmkhqIJlKbTl/15mXGG15nqL2Im0sFkAWb+\nef6pi5oiPrDoiWvev8vPKnEGQvm5+GLb2ydwmmeLUjicGNrT8DoMHdV5kMRT\nLgEYOft6h+fwFoAoCy4LCdAyhsWrXXmvPjNS4NjPge3zADArjV//SNRGkexk\nnJoX1o+7PI5fWhQ30zR3gYL7oeVqoP6Bt1PP6pKfT/kZOl+TCbA/QSKw5eYk\nc4kla1I/c3PK9REindVV92GlTBEjEO7agsw74yPr2p4rHK7XjYY3NLUs8tV3\nIbAhmjdW8Zvjg3NCeN34CStOB5M8Uz4e6m4fNkZIPt6/xe5a194zrJ/Tzjlx\nTlW17ZGfLuEkybTB41P5HFYjwKED4SA2AH1HfPHhpnxDYzZY9gNCNvMkpMOx\n97kbi1CyiKoTIg0tJVwJJtJAgTlSw60LNc5cS/soHkk0qbOuwrbCDNYFgifM\nLCD4ERVteLKGY7LwtBtmVOs525RCPJKfy9Gc8cGfg9kjE+chFpEq6K/ZcxIZ\nLdgIKRqbw3zyC3UVgg5lSMeoHZokTz3ExLGNG8qzc6oPc3PdgR+xxgQrA1uU\nBjN2ybZk36+z14Bc2Gdz6p9obkSTW+564KRGI6UFliQxUHPSXgnD/d/lsOLH\nkuJBWhmUOVmlyZZSN6cPGqT8gqtPUn9HIXjQXUwFiVAzy5ZevHXv1F+kyH7/\njVBA2uMT47STe8cbrblJrVykCdfjcq0+/796yvHuKieMOJdgoDSb1NoWZAAz\nk2P3kkY=\n=Ko0Q\n-----END PGP MESSAGE-----\n','2024-02-25 12:15:51','2024-02-25 12:15:51');
/*!40000 ALTER TABLE `secrets` ENABLE KEYS */;

--
-- Table structure for table `secrets_history`
--

DROP TABLE IF EXISTS `secrets_history`;
/*!40101 SET @saved_cs_client     = @@character_set_client */;
/*!50503 SET character_set_client = utf8mb4 */;
CREATE TABLE `secrets_history` (
  `id` char(36) CHARACTER SET ascii COLLATE ascii_general_ci NOT NULL,
  `user_id` char(36) CHARACTER SET ascii COLLATE ascii_general_ci NOT NULL,
  `resource_id` char(36) CHARACTER SET ascii COLLATE ascii_general_ci NOT NULL,
  PRIMARY KEY (`id`),
  KEY `id` (`id`),
  KEY `user_id` (`user_id`,`resource_id`),
  KEY `resource_id` (`resource_id`),
  KEY `user_id_2` (`user_id`)
) ENGINE=InnoDB DEFAULT CHARSET=utf8mb4 COLLATE=utf8mb4_unicode_ci;
/*!40101 SET character_set_client = @saved_cs_client */;

--
-- Dumping data for table `secrets_history`
--

/*!40000 ALTER TABLE `secrets_history` DISABLE KEYS */;
INSERT INTO `secrets_history` VALUES ('52a93f04-4635-4dd0-b51f-44f94d4d45e6','3fa96e21-518b-41b5-aa72-71850cdd202c','44663664-70a9-4c3e-be23-c6da509ab377'),('a1fc7dc9-44a9-48a5-b197-cac48f7f0915','3fa96e21-518b-41b5-aa72-71850cdd202c','6a6b70c6-53e4-41c0-a767-6a68952b1d87'),('69a1c64b-fa01-4618-b5c1-d52abcecacd2','3fa96e21-518b-41b5-aa72-71850cdd202c','dceda507-db49-4260-9d24-d878cb6f49cf');
/*!40000 ALTER TABLE `secrets_history` ENABLE KEYS */;

--
-- Table structure for table `transfers`
--

DROP TABLE IF EXISTS `transfers`;
/*!40101 SET @saved_cs_client     = @@character_set_client */;
/*!50503 SET character_set_client = utf8mb4 */;
CREATE TABLE `transfers` (
  `id` char(36) CHARACTER SET ascii COLLATE ascii_general_ci NOT NULL,
  `user_id` char(36) CHARACTER SET ascii COLLATE ascii_general_ci NOT NULL,
  `authentication_token_id` char(36) CHARACTER SET ascii COLLATE ascii_general_ci NOT NULL,
  `current_page` smallint(6) NOT NULL,
  `total_pages` smallint(6) NOT NULL,
  `status` varchar(16) CHARACTER SET ascii COLLATE ascii_general_ci NOT NULL,
  `hash` char(128) CHARACTER SET ascii COLLATE ascii_general_ci NOT NULL,
  `created` datetime NOT NULL,
  `modified` datetime NOT NULL,
  PRIMARY KEY (`id`),
  UNIQUE KEY `id` (`id`)
) ENGINE=InnoDB DEFAULT CHARSET=utf8mb4 COLLATE=utf8mb4_unicode_ci;
/*!40101 SET character_set_client = @saved_cs_client */;

--
-- Dumping data for table `transfers`
--

/*!40000 ALTER TABLE `transfers` DISABLE KEYS */;
/*!40000 ALTER TABLE `transfers` ENABLE KEYS */;

--
-- Table structure for table `ui_actions`
--

DROP TABLE IF EXISTS `ui_actions`;
/*!40101 SET @saved_cs_client     = @@character_set_client */;
/*!50503 SET character_set_client = utf8mb4 */;
CREATE TABLE `ui_actions` (
  `id` char(36) NOT NULL,
  `name` varchar(255) NOT NULL,
  PRIMARY KEY (`id`)
) ENGINE=InnoDB DEFAULT CHARSET=ascii COLLATE=ascii_general_ci;
/*!40101 SET character_set_client = @saved_cs_client */;

--
-- Dumping data for table `ui_actions`
--

/*!40000 ALTER TABLE `ui_actions` DISABLE KEYS */;
INSERT INTO `ui_actions` VALUES ('1430f069-c9b8-4af2-af99-9468edb0015b','Share.viewGroupsInAutocomplete'),('15100247-7253-4170-92ef-64a357b7d3cd','Resources.editPasswordGeneratorSettings'),('17012841-3139-4036-a0b6-8ab611807d3c','Share.viewUsersInAutocomplete'),('1830e537-d070-4761-ac41-4d0e9d7912df','Share.viewList'),('2d0c8075-5dd2-4811-bb1a-999bb5d5b330','Resources.import'),('31038ad5-be6b-4e4d-90b6-820442ac3607','Resources.filterByGroups'),('574d1c98-69fa-44d6-8fd2-209d1edd182c','Folders.use'),('73909ab1-e63a-443b-b3eb-13fb8fc1917b','Users.viewWorkspace'),('7e6002fb-08ab-45d0-97da-2515bd1191b4','InFormMenu.use'),('7e72df6e-8d63-4f35-9c75-6aecbd099162','Secrets.preview'),('81e84920-f4f5-4143-914a-04a183c29fc6','Tags.use'),('83fd1982-1761-4489-8edb-33ed7d1b3818','Desktop.transfer'),('8677cdc0-7fa7-49ce-8b4c-a0429a3a7c05','Resources.seeComments'),('93bd1819-3ccf-47a0-af69-5b30121435b2','Resources.toggleDescription'),('a373512e-4c28-4fd5-bb7e-19f34579d38c','Mobile.transfer'),('ad96490d-4f1c-4827-ae62-0910c939049a','Folders.share'),('bc7ed39a-01fa-4072-8401-79734153065a','Users.viewGroups'),('ca2d57dd-1d86-4edc-8a04-475491c7cc9e','Resources.seeActivities'),('e8c3f4cd-7c60-477d-90ca-ea93c14ab8ef','Secrets.copy'),('f79ee8ee-c663-4817-ba64-38dfbb9c1643','Resources.export');
/*!40000 ALTER TABLE `ui_actions` ENABLE KEYS */;

--
-- Table structure for table `user`
--

DROP TABLE IF EXISTS `user`;
/*!40101 SET @saved_cs_client     = @@character_set_client */;
/*!50503 SET character_set_client = utf8mb4 */;
CREATE TABLE `user` (
  `id` bigint(20) NOT NULL AUTO_INCREMENT,
  `password` varchar(255) DEFAULT NULL,
  `username` varchar(255) DEFAULT NULL,
  PRIMARY KEY (`id`)
) ENGINE=InnoDB DEFAULT CHARSET=utf8mb4 COLLATE=utf8mb4_unicode_ci;
/*!40101 SET character_set_client = @saved_cs_client */;

--
-- Dumping data for table `user`
--

/*!40000 ALTER TABLE `user` DISABLE KEYS */;
/*!40000 ALTER TABLE `user` ENABLE KEYS */;

--
-- Table structure for table `users`
--

DROP TABLE IF EXISTS `users`;
/*!40101 SET @saved_cs_client     = @@character_set_client */;
/*!50503 SET character_set_client = utf8mb4 */;
CREATE TABLE `users` (
  `id` char(36) CHARACTER SET ascii COLLATE ascii_general_ci NOT NULL,
  `role_id` char(36) CHARACTER SET ascii COLLATE ascii_general_ci NOT NULL,
  `username` varchar(255) NOT NULL,
  `active` tinyint(1) NOT NULL DEFAULT 0,
  `deleted` tinyint(1) NOT NULL DEFAULT 0,
  `disabled` datetime DEFAULT NULL,
  `created` datetime NOT NULL,
  `modified` datetime NOT NULL,
  PRIMARY KEY (`id`),
  KEY `deleted` (`deleted`)
) ENGINE=InnoDB DEFAULT CHARSET=utf8mb4 COLLATE=utf8mb4_unicode_ci;
/*!40101 SET character_set_client = @saved_cs_client */;

--
-- Dumping data for table `users`
--

/*!40000 ALTER TABLE `users` DISABLE KEYS */;
INSERT INTO `users` VALUES ('3fa96e21-518b-41b5-aa72-71850cdd202c','44c4413a-4213-46f2-8453-29e4741c111d','shenxiaofan2024@163.com',1,0,NULL,'2024-02-25 12:44:23','2024-02-25 13:10:32'),('45bb24d6-57e4-413d-9eb5-8e07a12f015c','44c4413a-4213-46f2-8453-29e4741c111d','shenxiaoyi@163.com',1,0,NULL,'2024-02-24 04:06:12','2024-02-24 04:06:12'),('509a2bc9-4038-45a8-9eb6-592dd891f7a0','439341d9-26d5-4ed8-b393-6fa13c674b2d','anbulang@163.com',1,0,NULL,'2024-02-18 09:44:57','2024-02-26 20:23:45'),('b8ecdc71-18b4-4f51-97ff-01070a5a74fa','44c4413a-4213-46f2-8453-29e4741c111d','shenxiaofan@163.com',1,1,NULL,'2024-02-24 04:06:58','2024-02-25 12:44:00');
/*!40000 ALTER TABLE `users` ENABLE KEYS */;
/*!40103 SET TIME_ZONE=@OLD_TIME_ZONE */;

/*!40101 SET SQL_MODE=@OLD_SQL_MODE */;
/*!40014 SET FOREIGN_KEY_CHECKS=@OLD_FOREIGN_KEY_CHECKS */;
/*!40014 SET UNIQUE_CHECKS=@OLD_UNIQUE_CHECKS */;
/*!40101 SET CHARACTER_SET_CLIENT=@OLD_CHARACTER_SET_CLIENT */;
/*!40101 SET CHARACTER_SET_RESULTS=@OLD_CHARACTER_SET_RESULTS */;
/*!40101 SET COLLATION_CONNECTION=@OLD_COLLATION_CONNECTION */;
/*!40111 SET SQL_NOTES=@OLD_SQL_NOTES */;

-- Dump completed on 2025-07-01 15:26:45
